[debug] [2025-06-03T09:48:36.110Z] [Firebase Plugin] Activating Firebase extension.
[info] [Firebase Plugin] Checked firebase-tools, is up to date!
[debug] [2025-06-03T09:48:39.336Z] [Firebase Plugin] requireAuthWrapper
[debug] [2025-06-03T09:48:39.338Z] > command requires scopes: ["email","openid","https://www.googleapis.com/auth/cloudplatformprojects.readonly","https://www.googleapis.com/auth/firebase","https://www.googleapis.com/auth/cloud-platform"]
[debug] [2025-06-03T09:48:39.338Z] > authorizing via signed-in user (mesuttahaguven@gmail.com)
[debug] [2025-06-03T09:48:39.340Z] Checked if tokens are valid: true, expires at: 1748945388175
[debug] [2025-06-03T09:48:39.340Z] Checked if tokens are valid: true, expires at: 1748945388175
[debug] [2025-06-03T09:48:39.341Z] [Firebase Plugin] User found:  mesuttahaguven@gmail.com
[info] [Firebase Plugin] (Core:Project) New user detected, fetching projects
[debug] [2025-06-03T09:48:39.341Z] Checked if tokens are valid: true, expires at: 1748945388175
[debug] [2025-06-03T09:48:39.342Z] >>> [apiv2][query] GET https://firebase.googleapis.com/v1beta1/projects pageSize=1000
[debug] [2025-06-03T09:48:39.349Z] [Firebase Plugin] VSCode notification server listening on port 40001
[info] [Firebase Plugin] Starting Data Connect toolkit (version 2.6.1) on port 50001
[debug] [2025-06-03T09:48:39.694Z] 'fdc build' failed with error: Unable to build your Data Connect schema and connectors (exit code 1): E0603 12:48:39.691172   10412 cmd.go:43] Error loading data connect config: could not find dataconnect.yaml in `c:\Users\MTG\Desktop\v0.9.1\dataconnect`
 {"metadata":{"emulator":{"name":"dataconnect"},"message":"'fdc build' failed with error: Unable to build your Data Connect schema and connectors (exit code 1): E0603 12:48:39.691172   10412 cmd.go:43] Error loading data connect config: could not find dataconnect.yaml in `c:\\Users\\MTG\\Desktop\\v0.9.1\\dataconnect`\n"}}
[debug] [2025-06-03T09:48:39.694Z] Ignoring unsupported arg: auto_download {"metadata":{"emulator":{"name":"dataconnect"},"message":"Ignoring unsupported arg: auto_download"}}
[debug] [2025-06-03T09:48:39.694Z] Ignoring unsupported arg: port {"metadata":{"emulator":{"name":"dataconnect"},"message":"Ignoring unsupported arg: port"}}
[debug] [2025-06-03T09:48:39.695Z] Starting Data Connect Emulator with command {"binary":"C:\\Users\\MTG\\.cache\\firebase\\emulators\\dataconnect-emulator-2.6.1.exe","args":["--logtostderr","-v=2","dev","--listen=localhost:50001","--config_dir=c:\\Users\\MTG\\Desktop\\v0.9.1\\dataconnect","--enable_output_schema_extensions=true","--enable_output_generated_sdk=true"],"optionalArgs":["listen","config_dir","enable_output_schema_extensions","enable_output_generated_sdk"],"joinArgs":true,"shell":false,"port":9399} {"metadata":{"emulator":{"name":"dataconnect"},"message":"Starting Data Connect Emulator with command {\"binary\":\"C:\\\\Users\\\\MTG\\\\.cache\\\\firebase\\\\emulators\\\\dataconnect-emulator-2.6.1.exe\",\"args\":[\"--logtostderr\",\"-v=2\",\"dev\",\"--listen=localhost:50001\",\"--config_dir=c:\\\\Users\\\\MTG\\\\Desktop\\\\v0.9.1\\\\dataconnect\",\"--enable_output_schema_extensions=true\",\"--enable_output_generated_sdk=true\"],\"optionalArgs\":[\"listen\",\"config_dir\",\"enable_output_schema_extensions\",\"enable_output_generated_sdk\"],\"joinArgs\":true,\"shell\":false,\"port\":9399}"}}
[info] i  dataconnect: Data Connect Emulator logging to dataconnect-debug.log {"metadata":{"emulator":{"name":"dataconnect"},"message":"Data Connect Emulator logging to \u001b[1mdataconnect-debug.log\u001b[22m"}}
[debug] [2025-06-03T09:48:39.715Z] E0603 12:48:39.715713   27004 load.go:23] Could not load config from "c:\\Users\\MTG\\Desktop\\v0.9.1\\dataconnect": could not find dataconnect.yaml in `c:\Users\MTG\Desktop\v0.9.1\dataconnect`
 {"metadata":{"emulator":{"name":"dataconnect"},"message":"E0603 12:48:39.715713   27004 load.go:23] Could not load config from \"c:\\\\Users\\\\MTG\\\\Desktop\\\\v0.9.1\\\\dataconnect\": could not find dataconnect.yaml in `c:\\Users\\MTG\\Desktop\\v0.9.1\\dataconnect`\n"}}
[debug] [2025-06-03T09:48:39.716Z] E0603 12:48:39.716231   27004 watch.go:76] watchAllDir unable to walk dir `c:\Users\MTG\Desktop\v0.9.1\dataconnect`: on path "c:\\Users\\MTG\\Desktop\\v0.9.1\\dataconnect" (DirEntry: <nil>): CreateFile c:\Users\MTG\Desktop\v0.9.1\dataconnect: The system cannot find the file specified.
 {"metadata":{"emulator":{"name":"dataconnect"},"message":"E0603 12:48:39.716231   27004 watch.go:76] watchAllDir unable to walk dir `c:\\Users\\MTG\\Desktop\\v0.9.1\\dataconnect`: on path \"c:\\\\Users\\\\MTG\\\\Desktop\\\\v0.9.1\\\\dataconnect\" (DirEntry: <nil>): CreateFile c:\\Users\\MTG\\Desktop\\v0.9.1\\dataconnect: The system cannot find the file specified.\n"}}
[debug] [2025-06-03T09:48:39.721Z] I0603 12:48:39.721391   27004 dev.go:95] Listening on address (HTTP + gRPC): 127.0.0.1:50001
 {"metadata":{"emulator":{"name":"dataconnect"},"message":"I0603 12:48:39.721391   27004 dev.go:95] Listening on address (HTTP + gRPC): 127.0.0.1:50001\n"}}
[error] [Firebase Plugin] error:  {}
[debug] [2025-06-03T09:48:40.364Z] <<< [apiv2][status] GET https://firebase.googleapis.com/v1beta1/projects 200
[debug] [2025-06-03T09:48:40.364Z] <<< [apiv2][body] GET https://firebase.googleapis.com/v1beta1/projects [omitted]
[debug] [2025-06-03T09:48:49.719Z] E0603 12:48:49.719339   27004 load.go:23] Could not load config from "c:\\Users\\MTG\\Desktop\\v0.9.1\\dataconnect": could not find dataconnect.yaml in `c:\Users\MTG\Desktop\v0.9.1\dataconnect`
 {"metadata":{"emulator":{"name":"dataconnect"},"message":"E0603 12:48:49.719339   27004 load.go:23] Could not load config from \"c:\\\\Users\\\\MTG\\\\Desktop\\\\v0.9.1\\\\dataconnect\": could not find dataconnect.yaml in `c:\\Users\\MTG\\Desktop\\v0.9.1\\dataconnect`\n"}}
[debug] [2025-06-03T09:48:59.718Z] E0603 12:48:59.718105   27004 load.go:23] Could not load config from "c:\\Users\\MTG\\Desktop\\v0.9.1\\dataconnect": could not find dataconnect.yaml in `c:\Users\MTG\Desktop\v0.9.1\dataconnect`
 {"metadata":{"emulator":{"name":"dataconnect"},"message":"E0603 12:48:59.718105   27004 load.go:23] Could not load config from \"c:\\\\Users\\\\MTG\\\\Desktop\\\\v0.9.1\\\\dataconnect\": could not find dataconnect.yaml in `c:\\Users\\MTG\\Desktop\\v0.9.1\\dataconnect`\n"}}
[debug] [2025-06-03T09:49:09.720Z] E0603 12:49:09.720237   27004 load.go:23] Could not load config from "c:\\Users\\MTG\\Desktop\\v0.9.1\\dataconnect": could not find dataconnect.yaml in `c:\Users\MTG\Desktop\v0.9.1\dataconnect`
 {"metadata":{"emulator":{"name":"dataconnect"},"message":"E0603 12:49:09.720237   27004 load.go:23] Could not load config from \"c:\\\\Users\\\\MTG\\\\Desktop\\\\v0.9.1\\\\dataconnect\": could not find dataconnect.yaml in `c:\\Users\\MTG\\Desktop\\v0.9.1\\dataconnect`\n"}}
[debug] [2025-06-03T09:49:19.724Z] E0603 12:49:19.724780   27004 load.go:23] Could not load config from "c:\\Users\\MTG\\Desktop\\v0.9.1\\dataconnect": could not find dataconnect.yaml in `c:\Users\MTG\Desktop\v0.9.1\dataconnect`
 {"metadata":{"emulator":{"name":"dataconnect"},"message":"E0603 12:49:19.724780   27004 load.go:23] Could not load config from \"c:\\\\Users\\\\MTG\\\\Desktop\\\\v0.9.1\\\\dataconnect\": could not find dataconnect.yaml in `c:\\Users\\MTG\\Desktop\\v0.9.1\\dataconnect`\n"}}
[debug] [2025-06-03T09:49:29.720Z] E0603 12:49:29.721030   27004 load.go:23] Could not load config from "c:\\Users\\MTG\\Desktop\\v0.9.1\\dataconnect": could not find dataconnect.yaml in `c:\Users\MTG\Desktop\v0.9.1\dataconnect`
 {"metadata":{"emulator":{"name":"dataconnect"},"message":"E0603 12:49:29.721030   27004 load.go:23] Could not load config from \"c:\\\\Users\\\\MTG\\\\Desktop\\\\v0.9.1\\\\dataconnect\": could not find dataconnect.yaml in `c:\\Users\\MTG\\Desktop\\v0.9.1\\dataconnect`\n"}}
[debug] [2025-06-03T09:49:39.722Z] E0603 12:49:39.722475   27004 load.go:23] Could not load config from "c:\\Users\\MTG\\Desktop\\v0.9.1\\dataconnect": could not find dataconnect.yaml in `c:\Users\MTG\Desktop\v0.9.1\dataconnect`
 {"metadata":{"emulator":{"name":"dataconnect"},"message":"E0603 12:49:39.722475   27004 load.go:23] Could not load config from \"c:\\\\Users\\\\MTG\\\\Desktop\\\\v0.9.1\\\\dataconnect\": could not find dataconnect.yaml in `c:\\Users\\MTG\\Desktop\\v0.9.1\\dataconnect`\n"}}
[debug] [2025-06-03T09:49:49.716Z] E0603 12:49:49.716470   27004 load.go:23] Could not load config from "c:\\Users\\MTG\\Desktop\\v0.9.1\\dataconnect": could not find dataconnect.yaml in `c:\Users\MTG\Desktop\v0.9.1\dataconnect`
 {"metadata":{"emulator":{"name":"dataconnect"},"message":"E0603 12:49:49.716470   27004 load.go:23] Could not load config from \"c:\\\\Users\\\\MTG\\\\Desktop\\\\v0.9.1\\\\dataconnect\": could not find dataconnect.yaml in `c:\\Users\\MTG\\Desktop\\v0.9.1\\dataconnect`\n"}}
[debug] [2025-06-03T09:49:59.723Z] E0603 12:49:59.723744   27004 load.go:23] Could not load config from "c:\\Users\\MTG\\Desktop\\v0.9.1\\dataconnect": could not find dataconnect.yaml in `c:\Users\MTG\Desktop\v0.9.1\dataconnect`
 {"metadata":{"emulator":{"name":"dataconnect"},"message":"E0603 12:49:59.723744   27004 load.go:23] Could not load config from \"c:\\\\Users\\\\MTG\\\\Desktop\\\\v0.9.1\\\\dataconnect\": could not find dataconnect.yaml in `c:\\Users\\MTG\\Desktop\\v0.9.1\\dataconnect`\n"}}
[debug] [2025-06-03T09:50:09.726Z] E0603 12:50:09.726225   27004 load.go:23] Could not load config from "c:\\Users\\MTG\\Desktop\\v0.9.1\\dataconnect": could not find dataconnect.yaml in `c:\Users\MTG\Desktop\v0.9.1\dataconnect`
 {"metadata":{"emulator":{"name":"dataconnect"},"message":"E0603 12:50:09.726225   27004 load.go:23] Could not load config from \"c:\\\\Users\\\\MTG\\\\Desktop\\\\v0.9.1\\\\dataconnect\": could not find dataconnect.yaml in `c:\\Users\\MTG\\Desktop\\v0.9.1\\dataconnect`\n"}}
[debug] [2025-06-03T09:50:19.724Z] E0603 12:50:19.724491   27004 load.go:23] Could not load config from "c:\\Users\\MTG\\Desktop\\v0.9.1\\dataconnect": could not find dataconnect.yaml in `c:\Users\MTG\Desktop\v0.9.1\dataconnect`
 {"metadata":{"emulator":{"name":"dataconnect"},"message":"E0603 12:50:19.724491   27004 load.go:23] Could not load config from \"c:\\\\Users\\\\MTG\\\\Desktop\\\\v0.9.1\\\\dataconnect\": could not find dataconnect.yaml in `c:\\Users\\MTG\\Desktop\\v0.9.1\\dataconnect`\n"}}
[debug] [2025-06-03T09:50:29.721Z] E0603 12:50:29.721368   27004 load.go:23] Could not load config from "c:\\Users\\MTG\\Desktop\\v0.9.1\\dataconnect": could not find dataconnect.yaml in `c:\Users\MTG\Desktop\v0.9.1\dataconnect`
 {"metadata":{"emulator":{"name":"dataconnect"},"message":"E0603 12:50:29.721368   27004 load.go:23] Could not load config from \"c:\\\\Users\\\\MTG\\\\Desktop\\\\v0.9.1\\\\dataconnect\": could not find dataconnect.yaml in `c:\\Users\\MTG\\Desktop\\v0.9.1\\dataconnect`\n"}}
[debug] [2025-06-03T09:50:39.720Z] E0603 12:50:39.720290   27004 load.go:23] Could not load config from "c:\\Users\\MTG\\Desktop\\v0.9.1\\dataconnect": could not find dataconnect.yaml in `c:\Users\MTG\Desktop\v0.9.1\dataconnect`
E0603 12:50:39.720290   27004 watch.go:76] watchAllDir unable to walk dir `c:\Users\MTG\Desktop\v0.9.1\dataconnect`: on path "c:\\Users\\MTG\\Desktop\\v0.9.1\\dataconnect" (DirEntry: <nil>): CreateFile c:\Users\MTG\Desktop\v0.9.1\dataconnect: The system cannot find the file specified.
 {"metadata":{"emulator":{"name":"dataconnect"},"message":"E0603 12:50:39.720290   27004 load.go:23] Could not load config from \"c:\\\\Users\\\\MTG\\\\Desktop\\\\v0.9.1\\\\dataconnect\": could not find dataconnect.yaml in `c:\\Users\\MTG\\Desktop\\v0.9.1\\dataconnect`\nE0603 12:50:39.720290   27004 watch.go:76] watchAllDir unable to walk dir `c:\\Users\\MTG\\Desktop\\v0.9.1\\dataconnect`: on path \"c:\\\\Users\\\\MTG\\\\Desktop\\\\v0.9.1\\\\dataconnect\" (DirEntry: <nil>): CreateFile c:\\Users\\MTG\\Desktop\\v0.9.1\\dataconnect: The system cannot find the file specified.\n"}}
[debug] [2025-06-03T09:50:49.718Z] E0603 12:50:49.717668   27004 load.go:23] Could not load config from "c:\\Users\\MTG\\Desktop\\v0.9.1\\dataconnect": could not find dataconnect.yaml in `c:\Users\MTG\Desktop\v0.9.1\dataconnect`
 {"metadata":{"emulator":{"name":"dataconnect"},"message":"E0603 12:50:49.717668   27004 load.go:23] Could not load config from \"c:\\\\Users\\\\MTG\\\\Desktop\\\\v0.9.1\\\\dataconnect\": could not find dataconnect.yaml in `c:\\Users\\MTG\\Desktop\\v0.9.1\\dataconnect`\n"}}
[debug] [2025-06-03T09:50:59.725Z] E0603 12:50:59.724600   27004 load.go:23] Could not load config from "c:\\Users\\MTG\\Desktop\\v0.9.1\\dataconnect": could not find dataconnect.yaml in `c:\Users\MTG\Desktop\v0.9.1\dataconnect`
 {"metadata":{"emulator":{"name":"dataconnect"},"message":"E0603 12:50:59.724600   27004 load.go:23] Could not load config from \"c:\\\\Users\\\\MTG\\\\Desktop\\\\v0.9.1\\\\dataconnect\": could not find dataconnect.yaml in `c:\\Users\\MTG\\Desktop\\v0.9.1\\dataconnect`\n"}}
[debug] [2025-06-03T09:51:09.720Z] E0603 12:51:09.720221   27004 load.go:23] Could not load config from "c:\\Users\\MTG\\Desktop\\v0.9.1\\dataconnect": could not find dataconnect.yaml in `c:\Users\MTG\Desktop\v0.9.1\dataconnect`
 {"metadata":{"emulator":{"name":"dataconnect"},"message":"E0603 12:51:09.720221   27004 load.go:23] Could not load config from \"c:\\\\Users\\\\MTG\\\\Desktop\\\\v0.9.1\\\\dataconnect\": could not find dataconnect.yaml in `c:\\Users\\MTG\\Desktop\\v0.9.1\\dataconnect`\n"}}
[debug] [2025-06-03T09:51:19.730Z] E0603 12:51:19.730510   27004 load.go:23] Could not load config from "c:\\Users\\MTG\\Desktop\\v0.9.1\\dataconnect": could not find dataconnect.yaml in `c:\Users\MTG\Desktop\v0.9.1\dataconnect`
 {"metadata":{"emulator":{"name":"dataconnect"},"message":"E0603 12:51:19.730510   27004 load.go:23] Could not load config from \"c:\\\\Users\\\\MTG\\\\Desktop\\\\v0.9.1\\\\dataconnect\": could not find dataconnect.yaml in `c:\\Users\\MTG\\Desktop\\v0.9.1\\dataconnect`\n"}}
[debug] [2025-06-03T09:51:29.726Z] E0603 12:51:29.723592   27004 load.go:23] Could not load config from "c:\\Users\\MTG\\Desktop\\v0.9.1\\dataconnect": could not find dataconnect.yaml in `c:\Users\MTG\Desktop\v0.9.1\dataconnect`
 {"metadata":{"emulator":{"name":"dataconnect"},"message":"E0603 12:51:29.723592   27004 load.go:23] Could not load config from \"c:\\\\Users\\\\MTG\\\\Desktop\\\\v0.9.1\\\\dataconnect\": could not find dataconnect.yaml in `c:\\Users\\MTG\\Desktop\\v0.9.1\\dataconnect`\n"}}
[debug] [2025-06-03T09:51:39.727Z] E0603 12:51:39.728417   27004 load.go:23] Could not load config from "c:\\Users\\MTG\\Desktop\\v0.9.1\\dataconnect": could not find dataconnect.yaml in `c:\Users\MTG\Desktop\v0.9.1\dataconnect`
 {"metadata":{"emulator":{"name":"dataconnect"},"message":"E0603 12:51:39.728417   27004 load.go:23] Could not load config from \"c:\\\\Users\\\\MTG\\\\Desktop\\\\v0.9.1\\\\dataconnect\": could not find dataconnect.yaml in `c:\\Users\\MTG\\Desktop\\v0.9.1\\dataconnect`\n"}}
[debug] [2025-06-03T09:51:49.724Z] E0603 12:51:49.725079   27004 load.go:23] Could not load config from "c:\\Users\\MTG\\Desktop\\v0.9.1\\dataconnect": could not find dataconnect.yaml in `c:\Users\MTG\Desktop\v0.9.1\dataconnect`
 {"metadata":{"emulator":{"name":"dataconnect"},"message":"E0603 12:51:49.725079   27004 load.go:23] Could not load config from \"c:\\\\Users\\\\MTG\\\\Desktop\\\\v0.9.1\\\\dataconnect\": could not find dataconnect.yaml in `c:\\Users\\MTG\\Desktop\\v0.9.1\\dataconnect`\n"}}
[debug] [2025-06-03T09:51:59.723Z] E0603 12:51:59.723861   27004 load.go:23] Could not load config from "c:\\Users\\MTG\\Desktop\\v0.9.1\\dataconnect": could not find dataconnect.yaml in `c:\Users\MTG\Desktop\v0.9.1\dataconnect`
 {"metadata":{"emulator":{"name":"dataconnect"},"message":"E0603 12:51:59.723861   27004 load.go:23] Could not load config from \"c:\\\\Users\\\\MTG\\\\Desktop\\\\v0.9.1\\\\dataconnect\": could not find dataconnect.yaml in `c:\\Users\\MTG\\Desktop\\v0.9.1\\dataconnect`\n"}}
[debug] [2025-06-03T09:52:09.730Z] E0603 12:52:09.731548   27004 load.go:23] Could not load config from "c:\\Users\\MTG\\Desktop\\v0.9.1\\dataconnect": could not find dataconnect.yaml in `c:\Users\MTG\Desktop\v0.9.1\dataconnect`
 {"metadata":{"emulator":{"name":"dataconnect"},"message":"E0603 12:52:09.731548   27004 load.go:23] Could not load config from \"c:\\\\Users\\\\MTG\\\\Desktop\\\\v0.9.1\\\\dataconnect\": could not find dataconnect.yaml in `c:\\Users\\MTG\\Desktop\\v0.9.1\\dataconnect`\n"}}
[debug] [2025-06-03T09:52:19.717Z] E0603 12:52:19.718444   27004 load.go:23] Could not load config from "c:\\Users\\MTG\\Desktop\\v0.9.1\\dataconnect": could not find dataconnect.yaml in `c:\Users\MTG\Desktop\v0.9.1\dataconnect`
 {"metadata":{"emulator":{"name":"dataconnect"},"message":"E0603 12:52:19.718444   27004 load.go:23] Could not load config from \"c:\\\\Users\\\\MTG\\\\Desktop\\\\v0.9.1\\\\dataconnect\": could not find dataconnect.yaml in `c:\\Users\\MTG\\Desktop\\v0.9.1\\dataconnect`\n"}}
[debug] [2025-06-03T09:52:29.718Z] E0603 12:52:29.717991   27004 load.go:23] Could not load config from "c:\\Users\\MTG\\Desktop\\v0.9.1\\dataconnect": could not find dataconnect.yaml in `c:\Users\MTG\Desktop\v0.9.1\dataconnect`
 {"metadata":{"emulator":{"name":"dataconnect"},"message":"E0603 12:52:29.717991   27004 load.go:23] Could not load config from \"c:\\\\Users\\\\MTG\\\\Desktop\\\\v0.9.1\\\\dataconnect\": could not find dataconnect.yaml in `c:\\Users\\MTG\\Desktop\\v0.9.1\\dataconnect`\n"}}
[debug] [2025-06-03T09:52:39.718Z] E0603 12:52:39.718878   27004 load.go:23] Could not load config from "c:\\Users\\MTG\\Desktop\\v0.9.1\\dataconnect": could not find dataconnect.yaml in `c:\Users\MTG\Desktop\v0.9.1\dataconnect`
 {"metadata":{"emulator":{"name":"dataconnect"},"message":"E0603 12:52:39.718878   27004 load.go:23] Could not load config from \"c:\\\\Users\\\\MTG\\\\Desktop\\\\v0.9.1\\\\dataconnect\": could not find dataconnect.yaml in `c:\\Users\\MTG\\Desktop\\v0.9.1\\dataconnect`\n"}}
[debug] [2025-06-03T09:52:39.719Z] E0603 12:52:39.718878   27004 watch.go:76] watchAllDir unable to walk dir `c:\Users\MTG\Desktop\v0.9.1\dataconnect`: on path "c:\\Users\\MTG\\Desktop\\v0.9.1\\dataconnect" (DirEntry: <nil>): CreateFile c:\Users\MTG\Desktop\v0.9.1\dataconnect: The system cannot find the file specified.
 {"metadata":{"emulator":{"name":"dataconnect"},"message":"E0603 12:52:39.718878   27004 watch.go:76] watchAllDir unable to walk dir `c:\\Users\\MTG\\Desktop\\v0.9.1\\dataconnect`: on path \"c:\\\\Users\\\\MTG\\\\Desktop\\\\v0.9.1\\\\dataconnect\" (DirEntry: <nil>): CreateFile c:\\Users\\MTG\\Desktop\\v0.9.1\\dataconnect: The system cannot find the file specified.\n"}}
[debug] [2025-06-03T09:52:49.721Z] E0603 12:52:49.721492   27004 load.go:23] Could not load config from "c:\\Users\\MTG\\Desktop\\v0.9.1\\dataconnect": could not find dataconnect.yaml in `c:\Users\MTG\Desktop\v0.9.1\dataconnect`
 {"metadata":{"emulator":{"name":"dataconnect"},"message":"E0603 12:52:49.721492   27004 load.go:23] Could not load config from \"c:\\\\Users\\\\MTG\\\\Desktop\\\\v0.9.1\\\\dataconnect\": could not find dataconnect.yaml in `c:\\Users\\MTG\\Desktop\\v0.9.1\\dataconnect`\n"}}
[debug] [2025-06-03T09:52:59.725Z] E0603 12:52:59.725439   27004 load.go:23] Could not load config from "c:\\Users\\MTG\\Desktop\\v0.9.1\\dataconnect": could not find dataconnect.yaml in `c:\Users\MTG\Desktop\v0.9.1\dataconnect`
 {"metadata":{"emulator":{"name":"dataconnect"},"message":"E0603 12:52:59.725439   27004 load.go:23] Could not load config from \"c:\\\\Users\\\\MTG\\\\Desktop\\\\v0.9.1\\\\dataconnect\": could not find dataconnect.yaml in `c:\\Users\\MTG\\Desktop\\v0.9.1\\dataconnect`\n"}}
[debug] [2025-06-03T09:53:09.730Z] E0603 12:53:09.730824   27004 load.go:23] Could not load config from "c:\\Users\\MTG\\Desktop\\v0.9.1\\dataconnect": could not find dataconnect.yaml in `c:\Users\MTG\Desktop\v0.9.1\dataconnect`
 {"metadata":{"emulator":{"name":"dataconnect"},"message":"E0603 12:53:09.730824   27004 load.go:23] Could not load config from \"c:\\\\Users\\\\MTG\\\\Desktop\\\\v0.9.1\\\\dataconnect\": could not find dataconnect.yaml in `c:\\Users\\MTG\\Desktop\\v0.9.1\\dataconnect`\n"}}
[debug] [2025-06-03T09:53:19.730Z] E0603 12:53:19.730163   27004 load.go:23] Could not load config from "c:\\Users\\MTG\\Desktop\\v0.9.1\\dataconnect": could not find dataconnect.yaml in `c:\Users\MTG\Desktop\v0.9.1\dataconnect`
 {"metadata":{"emulator":{"name":"dataconnect"},"message":"E0603 12:53:19.730163   27004 load.go:23] Could not load config from \"c:\\\\Users\\\\MTG\\\\Desktop\\\\v0.9.1\\\\dataconnect\": could not find dataconnect.yaml in `c:\\Users\\MTG\\Desktop\\v0.9.1\\dataconnect`\n"}}
[debug] [2025-06-03T09:53:29.729Z] E0603 12:53:29.729820   27004 load.go:23] Could not load config from "c:\\Users\\MTG\\Desktop\\v0.9.1\\dataconnect": could not find dataconnect.yaml in `c:\Users\MTG\Desktop\v0.9.1\dataconnect`
 {"metadata":{"emulator":{"name":"dataconnect"},"message":"E0603 12:53:29.729820   27004 load.go:23] Could not load config from \"c:\\\\Users\\\\MTG\\\\Desktop\\\\v0.9.1\\\\dataconnect\": could not find dataconnect.yaml in `c:\\Users\\MTG\\Desktop\\v0.9.1\\dataconnect`\n"}}
[debug] [2025-06-03T09:53:39.722Z] E0603 12:53:39.722678   27004 load.go:23] Could not load config from "c:\\Users\\MTG\\Desktop\\v0.9.1\\dataconnect": could not find dataconnect.yaml in `c:\Users\MTG\Desktop\v0.9.1\dataconnect`
 {"metadata":{"emulator":{"name":"dataconnect"},"message":"E0603 12:53:39.722678   27004 load.go:23] Could not load config from \"c:\\\\Users\\\\MTG\\\\Desktop\\\\v0.9.1\\\\dataconnect\": could not find dataconnect.yaml in `c:\\Users\\MTG\\Desktop\\v0.9.1\\dataconnect`\n"}}
[debug] [2025-06-03T09:53:49.728Z] E0603 12:53:49.728066   27004 load.go:23] Could not load config from "c:\\Users\\MTG\\Desktop\\v0.9.1\\dataconnect": could not find dataconnect.yaml in `c:\Users\MTG\Desktop\v0.9.1\dataconnect`
 {"metadata":{"emulator":{"name":"dataconnect"},"message":"E0603 12:53:49.728066   27004 load.go:23] Could not load config from \"c:\\\\Users\\\\MTG\\\\Desktop\\\\v0.9.1\\\\dataconnect\": could not find dataconnect.yaml in `c:\\Users\\MTG\\Desktop\\v0.9.1\\dataconnect`\n"}}
[debug] [2025-06-03T09:53:59.718Z] E0603 12:53:59.718989   27004 load.go:23] Could not load config from "c:\\Users\\MTG\\Desktop\\v0.9.1\\dataconnect": could not find dataconnect.yaml in `c:\Users\MTG\Desktop\v0.9.1\dataconnect`
 {"metadata":{"emulator":{"name":"dataconnect"},"message":"E0603 12:53:59.718989   27004 load.go:23] Could not load config from \"c:\\\\Users\\\\MTG\\\\Desktop\\\\v0.9.1\\\\dataconnect\": could not find dataconnect.yaml in `c:\\Users\\MTG\\Desktop\\v0.9.1\\dataconnect`\n"}}
[debug] [2025-06-03T09:54:09.729Z] E0603 12:54:09.729065   27004 load.go:23] Could not load config from "c:\\Users\\MTG\\Desktop\\v0.9.1\\dataconnect": could not find dataconnect.yaml in `c:\Users\MTG\Desktop\v0.9.1\dataconnect`
 {"metadata":{"emulator":{"name":"dataconnect"},"message":"E0603 12:54:09.729065   27004 load.go:23] Could not load config from \"c:\\\\Users\\\\MTG\\\\Desktop\\\\v0.9.1\\\\dataconnect\": could not find dataconnect.yaml in `c:\\Users\\MTG\\Desktop\\v0.9.1\\dataconnect`\n"}}
[debug] [2025-06-03T09:54:19.718Z] E0603 12:54:19.718059   27004 load.go:23] Could not load config from "c:\\Users\\MTG\\Desktop\\v0.9.1\\dataconnect": could not find dataconnect.yaml in `c:\Users\MTG\Desktop\v0.9.1\dataconnect`
 {"metadata":{"emulator":{"name":"dataconnect"},"message":"E0603 12:54:19.718059   27004 load.go:23] Could not load config from \"c:\\\\Users\\\\MTG\\\\Desktop\\\\v0.9.1\\\\dataconnect\": could not find dataconnect.yaml in `c:\\Users\\MTG\\Desktop\\v0.9.1\\dataconnect`\n"}}
[debug] [2025-06-03T09:54:29.720Z] E0603 12:54:29.720358   27004 load.go:23] Could not load config from "c:\\Users\\MTG\\Desktop\\v0.9.1\\dataconnect": could not find dataconnect.yaml in `c:\Users\MTG\Desktop\v0.9.1\dataconnect`
 {"metadata":{"emulator":{"name":"dataconnect"},"message":"E0603 12:54:29.720358   27004 load.go:23] Could not load config from \"c:\\\\Users\\\\MTG\\\\Desktop\\\\v0.9.1\\\\dataconnect\": could not find dataconnect.yaml in `c:\\Users\\MTG\\Desktop\\v0.9.1\\dataconnect`\n"}}
[debug] [2025-06-03T09:54:39.730Z] E0603 12:54:39.730639   27004 load.go:23] Could not load config from "c:\\Users\\MTG\\Desktop\\v0.9.1\\dataconnect": could not find dataconnect.yaml in `c:\Users\MTG\Desktop\v0.9.1\dataconnect`
 {"metadata":{"emulator":{"name":"dataconnect"},"message":"E0603 12:54:39.730639   27004 load.go:23] Could not load config from \"c:\\\\Users\\\\MTG\\\\Desktop\\\\v0.9.1\\\\dataconnect\": could not find dataconnect.yaml in `c:\\Users\\MTG\\Desktop\\v0.9.1\\dataconnect`\n"}}
[debug] [2025-06-03T09:54:39.731Z] E0603 12:54:39.730639   27004 watch.go:76] watchAllDir unable to walk dir `c:\Users\MTG\Desktop\v0.9.1\dataconnect`: on path "c:\\Users\\MTG\\Desktop\\v0.9.1\\dataconnect" (DirEntry: <nil>): CreateFile c:\Users\MTG\Desktop\v0.9.1\dataconnect: The system cannot find the file specified.
 {"metadata":{"emulator":{"name":"dataconnect"},"message":"E0603 12:54:39.730639   27004 watch.go:76] watchAllDir unable to walk dir `c:\\Users\\MTG\\Desktop\\v0.9.1\\dataconnect`: on path \"c:\\\\Users\\\\MTG\\\\Desktop\\\\v0.9.1\\\\dataconnect\" (DirEntry: <nil>): CreateFile c:\\Users\\MTG\\Desktop\\v0.9.1\\dataconnect: The system cannot find the file specified.\n"}}
[debug] [2025-06-03T09:54:49.726Z] E0603 12:54:49.726638   27004 load.go:23] Could not load config from "c:\\Users\\MTG\\Desktop\\v0.9.1\\dataconnect": could not find dataconnect.yaml in `c:\Users\MTG\Desktop\v0.9.1\dataconnect`
 {"metadata":{"emulator":{"name":"dataconnect"},"message":"E0603 12:54:49.726638   27004 load.go:23] Could not load config from \"c:\\\\Users\\\\MTG\\\\Desktop\\\\v0.9.1\\\\dataconnect\": could not find dataconnect.yaml in `c:\\Users\\MTG\\Desktop\\v0.9.1\\dataconnect`\n"}}
[debug] [2025-06-03T09:54:59.731Z] E0603 12:54:59.731469   27004 load.go:23] Could not load config from "c:\\Users\\MTG\\Desktop\\v0.9.1\\dataconnect": could not find dataconnect.yaml in `c:\Users\MTG\Desktop\v0.9.1\dataconnect`
 {"metadata":{"emulator":{"name":"dataconnect"},"message":"E0603 12:54:59.731469   27004 load.go:23] Could not load config from \"c:\\\\Users\\\\MTG\\\\Desktop\\\\v0.9.1\\\\dataconnect\": could not find dataconnect.yaml in `c:\\Users\\MTG\\Desktop\\v0.9.1\\dataconnect`\n"}}
[debug] [2025-06-03T09:55:09.724Z] E0603 12:55:09.724764   27004 load.go:23] Could not load config from "c:\\Users\\MTG\\Desktop\\v0.9.1\\dataconnect": could not find dataconnect.yaml in `c:\Users\MTG\Desktop\v0.9.1\dataconnect`
 {"metadata":{"emulator":{"name":"dataconnect"},"message":"E0603 12:55:09.724764   27004 load.go:23] Could not load config from \"c:\\\\Users\\\\MTG\\\\Desktop\\\\v0.9.1\\\\dataconnect\": could not find dataconnect.yaml in `c:\\Users\\MTG\\Desktop\\v0.9.1\\dataconnect`\n"}}
[debug] [2025-06-03T09:55:19.728Z] E0603 12:55:19.728414   27004 load.go:23] Could not load config from "c:\\Users\\MTG\\Desktop\\v0.9.1\\dataconnect": could not find dataconnect.yaml in `c:\Users\MTG\Desktop\v0.9.1\dataconnect`
 {"metadata":{"emulator":{"name":"dataconnect"},"message":"E0603 12:55:19.728414   27004 load.go:23] Could not load config from \"c:\\\\Users\\\\MTG\\\\Desktop\\\\v0.9.1\\\\dataconnect\": could not find dataconnect.yaml in `c:\\Users\\MTG\\Desktop\\v0.9.1\\dataconnect`\n"}}
[debug] [2025-06-03T09:55:29.730Z] E0603 12:55:29.730360   27004 load.go:23] Could not load config from "c:\\Users\\MTG\\Desktop\\v0.9.1\\dataconnect": could not find dataconnect.yaml in `c:\Users\MTG\Desktop\v0.9.1\dataconnect`
 {"metadata":{"emulator":{"name":"dataconnect"},"message":"E0603 12:55:29.730360   27004 load.go:23] Could not load config from \"c:\\\\Users\\\\MTG\\\\Desktop\\\\v0.9.1\\\\dataconnect\": could not find dataconnect.yaml in `c:\\Users\\MTG\\Desktop\\v0.9.1\\dataconnect`\n"}}
[debug] [2025-06-03T09:55:39.725Z] E0603 12:55:39.725115   27004 load.go:23] Could not load config from "c:\\Users\\MTG\\Desktop\\v0.9.1\\dataconnect": could not find dataconnect.yaml in `c:\Users\MTG\Desktop\v0.9.1\dataconnect`
 {"metadata":{"emulator":{"name":"dataconnect"},"message":"E0603 12:55:39.725115   27004 load.go:23] Could not load config from \"c:\\\\Users\\\\MTG\\\\Desktop\\\\v0.9.1\\\\dataconnect\": could not find dataconnect.yaml in `c:\\Users\\MTG\\Desktop\\v0.9.1\\dataconnect`\n"}}
[debug] [2025-06-03T09:55:49.727Z] E0603 12:55:49.728109   27004 load.go:23] Could not load config from "c:\\Users\\MTG\\Desktop\\v0.9.1\\dataconnect": could not find dataconnect.yaml in `c:\Users\MTG\Desktop\v0.9.1\dataconnect`
 {"metadata":{"emulator":{"name":"dataconnect"},"message":"E0603 12:55:49.728109   27004 load.go:23] Could not load config from \"c:\\\\Users\\\\MTG\\\\Desktop\\\\v0.9.1\\\\dataconnect\": could not find dataconnect.yaml in `c:\\Users\\MTG\\Desktop\\v0.9.1\\dataconnect`\n"}}
[debug] [2025-06-03T09:55:59.722Z] E0603 12:55:59.722189   27004 load.go:23] Could not load config from "c:\\Users\\MTG\\Desktop\\v0.9.1\\dataconnect": could not find dataconnect.yaml in `c:\Users\MTG\Desktop\v0.9.1\dataconnect`
 {"metadata":{"emulator":{"name":"dataconnect"},"message":"E0603 12:55:59.722189   27004 load.go:23] Could not load config from \"c:\\\\Users\\\\MTG\\\\Desktop\\\\v0.9.1\\\\dataconnect\": could not find dataconnect.yaml in `c:\\Users\\MTG\\Desktop\\v0.9.1\\dataconnect`\n"}}
[debug] [2025-06-03T09:56:09.727Z] E0603 12:56:09.727605   27004 load.go:23] Could not load config from "c:\\Users\\MTG\\Desktop\\v0.9.1\\dataconnect": could not find dataconnect.yaml in `c:\Users\MTG\Desktop\v0.9.1\dataconnect`
 {"metadata":{"emulator":{"name":"dataconnect"},"message":"E0603 12:56:09.727605   27004 load.go:23] Could not load config from \"c:\\\\Users\\\\MTG\\\\Desktop\\\\v0.9.1\\\\dataconnect\": could not find dataconnect.yaml in `c:\\Users\\MTG\\Desktop\\v0.9.1\\dataconnect`\n"}}
[debug] [2025-06-03T09:56:19.721Z] E0603 12:56:19.720894   27004 load.go:23] Could not load config from "c:\\Users\\MTG\\Desktop\\v0.9.1\\dataconnect": could not find dataconnect.yaml in `c:\Users\MTG\Desktop\v0.9.1\dataconnect`
 {"metadata":{"emulator":{"name":"dataconnect"},"message":"E0603 12:56:19.720894   27004 load.go:23] Could not load config from \"c:\\\\Users\\\\MTG\\\\Desktop\\\\v0.9.1\\\\dataconnect\": could not find dataconnect.yaml in `c:\\Users\\MTG\\Desktop\\v0.9.1\\dataconnect`\n"}}
[debug] [2025-06-03T09:56:29.727Z] E0603 12:56:29.727701   27004 load.go:23] Could not load config from "c:\\Users\\MTG\\Desktop\\v0.9.1\\dataconnect": could not find dataconnect.yaml in `c:\Users\MTG\Desktop\v0.9.1\dataconnect`
 {"metadata":{"emulator":{"name":"dataconnect"},"message":"E0603 12:56:29.727701   27004 load.go:23] Could not load config from \"c:\\\\Users\\\\MTG\\\\Desktop\\\\v0.9.1\\\\dataconnect\": could not find dataconnect.yaml in `c:\\Users\\MTG\\Desktop\\v0.9.1\\dataconnect`\n"}}
[debug] [2025-06-03T09:56:39.729Z] E0603 12:56:39.729465   27004 load.go:23] Could not load config from "c:\\Users\\MTG\\Desktop\\v0.9.1\\dataconnect": could not find dataconnect.yaml in `c:\Users\MTG\Desktop\v0.9.1\dataconnect`
E0603 12:56:39.729465   27004 watch.go:76] watchAllDir unable to walk dir `c:\Users\MTG\Desktop\v0.9.1\dataconnect`: on path "c:\\Users\\MTG\\Desktop\\v0.9.1\\dataconnect" (DirEntry: <nil>): CreateFile c:\Users\MTG\Desktop\v0.9.1\dataconnect: The system cannot find the file specified.
 {"metadata":{"emulator":{"name":"dataconnect"},"message":"E0603 12:56:39.729465   27004 load.go:23] Could not load config from \"c:\\\\Users\\\\MTG\\\\Desktop\\\\v0.9.1\\\\dataconnect\": could not find dataconnect.yaml in `c:\\Users\\MTG\\Desktop\\v0.9.1\\dataconnect`\nE0603 12:56:39.729465   27004 watch.go:76] watchAllDir unable to walk dir `c:\\Users\\MTG\\Desktop\\v0.9.1\\dataconnect`: on path \"c:\\\\Users\\\\MTG\\\\Desktop\\\\v0.9.1\\\\dataconnect\" (DirEntry: <nil>): CreateFile c:\\Users\\MTG\\Desktop\\v0.9.1\\dataconnect: The system cannot find the file specified.\n"}}
[debug] [2025-06-03T09:56:49.730Z] E0603 12:56:49.730736   27004 load.go:23] Could not load config from "c:\\Users\\MTG\\Desktop\\v0.9.1\\dataconnect": could not find dataconnect.yaml in `c:\Users\MTG\Desktop\v0.9.1\dataconnect`
 {"metadata":{"emulator":{"name":"dataconnect"},"message":"E0603 12:56:49.730736   27004 load.go:23] Could not load config from \"c:\\\\Users\\\\MTG\\\\Desktop\\\\v0.9.1\\\\dataconnect\": could not find dataconnect.yaml in `c:\\Users\\MTG\\Desktop\\v0.9.1\\dataconnect`\n"}}
[debug] [2025-06-03T09:56:59.726Z] E0603 12:56:59.727176   27004 load.go:23] Could not load config from "c:\\Users\\MTG\\Desktop\\v0.9.1\\dataconnect": could not find dataconnect.yaml in `c:\Users\MTG\Desktop\v0.9.1\dataconnect`
 {"metadata":{"emulator":{"name":"dataconnect"},"message":"E0603 12:56:59.727176   27004 load.go:23] Could not load config from \"c:\\\\Users\\\\MTG\\\\Desktop\\\\v0.9.1\\\\dataconnect\": could not find dataconnect.yaml in `c:\\Users\\MTG\\Desktop\\v0.9.1\\dataconnect`\n"}}
[debug] [2025-06-03T09:57:09.718Z] E0603 12:57:09.719084   27004 load.go:23] Could not load config from "c:\\Users\\MTG\\Desktop\\v0.9.1\\dataconnect": could not find dataconnect.yaml in `c:\Users\MTG\Desktop\v0.9.1\dataconnect`
 {"metadata":{"emulator":{"name":"dataconnect"},"message":"E0603 12:57:09.719084   27004 load.go:23] Could not load config from \"c:\\\\Users\\\\MTG\\\\Desktop\\\\v0.9.1\\\\dataconnect\": could not find dataconnect.yaml in `c:\\Users\\MTG\\Desktop\\v0.9.1\\dataconnect`\n"}}
[debug] [2025-06-03T09:57:19.728Z] E0603 12:57:19.728418   27004 load.go:23] Could not load config from "c:\\Users\\MTG\\Desktop\\v0.9.1\\dataconnect": could not find dataconnect.yaml in `c:\Users\MTG\Desktop\v0.9.1\dataconnect`
 {"metadata":{"emulator":{"name":"dataconnect"},"message":"E0603 12:57:19.728418   27004 load.go:23] Could not load config from \"c:\\\\Users\\\\MTG\\\\Desktop\\\\v0.9.1\\\\dataconnect\": could not find dataconnect.yaml in `c:\\Users\\MTG\\Desktop\\v0.9.1\\dataconnect`\n"}}
[debug] [2025-06-03T09:57:29.725Z] E0603 12:57:29.725645   27004 load.go:23] Could not load config from "c:\\Users\\MTG\\Desktop\\v0.9.1\\dataconnect": could not find dataconnect.yaml in `c:\Users\MTG\Desktop\v0.9.1\dataconnect`
 {"metadata":{"emulator":{"name":"dataconnect"},"message":"E0603 12:57:29.725645   27004 load.go:23] Could not load config from \"c:\\\\Users\\\\MTG\\\\Desktop\\\\v0.9.1\\\\dataconnect\": could not find dataconnect.yaml in `c:\\Users\\MTG\\Desktop\\v0.9.1\\dataconnect`\n"}}
[debug] [2025-06-03T09:57:39.719Z] E0603 12:57:39.719538   27004 load.go:23] Could not load config from "c:\\Users\\MTG\\Desktop\\v0.9.1\\dataconnect": could not find dataconnect.yaml in `c:\Users\MTG\Desktop\v0.9.1\dataconnect`
 {"metadata":{"emulator":{"name":"dataconnect"},"message":"E0603 12:57:39.719538   27004 load.go:23] Could not load config from \"c:\\\\Users\\\\MTG\\\\Desktop\\\\v0.9.1\\\\dataconnect\": could not find dataconnect.yaml in `c:\\Users\\MTG\\Desktop\\v0.9.1\\dataconnect`\n"}}
[debug] [2025-06-03T09:57:49.715Z] E0603 12:57:49.716355   27004 load.go:23] Could not load config from "c:\\Users\\MTG\\Desktop\\v0.9.1\\dataconnect": could not find dataconnect.yaml in `c:\Users\MTG\Desktop\v0.9.1\dataconnect`
 {"metadata":{"emulator":{"name":"dataconnect"},"message":"E0603 12:57:49.716355   27004 load.go:23] Could not load config from \"c:\\\\Users\\\\MTG\\\\Desktop\\\\v0.9.1\\\\dataconnect\": could not find dataconnect.yaml in `c:\\Users\\MTG\\Desktop\\v0.9.1\\dataconnect`\n"}}
[debug] [2025-06-03T09:57:59.724Z] E0603 12:57:59.724471   27004 load.go:23] Could not load config from "c:\\Users\\MTG\\Desktop\\v0.9.1\\dataconnect": could not find dataconnect.yaml in `c:\Users\MTG\Desktop\v0.9.1\dataconnect`
 {"metadata":{"emulator":{"name":"dataconnect"},"message":"E0603 12:57:59.724471   27004 load.go:23] Could not load config from \"c:\\\\Users\\\\MTG\\\\Desktop\\\\v0.9.1\\\\dataconnect\": could not find dataconnect.yaml in `c:\\Users\\MTG\\Desktop\\v0.9.1\\dataconnect`\n"}}
[debug] [2025-06-03T09:58:09.717Z] E0603 12:58:09.717712   27004 load.go:23] Could not load config from "c:\\Users\\MTG\\Desktop\\v0.9.1\\dataconnect": could not find dataconnect.yaml in `c:\Users\MTG\Desktop\v0.9.1\dataconnect`
 {"metadata":{"emulator":{"name":"dataconnect"},"message":"E0603 12:58:09.717712   27004 load.go:23] Could not load config from \"c:\\\\Users\\\\MTG\\\\Desktop\\\\v0.9.1\\\\dataconnect\": could not find dataconnect.yaml in `c:\\Users\\MTG\\Desktop\\v0.9.1\\dataconnect`\n"}}
[debug] [2025-06-03T09:58:19.724Z] E0603 12:58:19.725354   27004 load.go:23] Could not load config from "c:\\Users\\MTG\\Desktop\\v0.9.1\\dataconnect": could not find dataconnect.yaml in `c:\Users\MTG\Desktop\v0.9.1\dataconnect`
 {"metadata":{"emulator":{"name":"dataconnect"},"message":"E0603 12:58:19.725354   27004 load.go:23] Could not load config from \"c:\\\\Users\\\\MTG\\\\Desktop\\\\v0.9.1\\\\dataconnect\": could not find dataconnect.yaml in `c:\\Users\\MTG\\Desktop\\v0.9.1\\dataconnect`\n"}}
[debug] [2025-06-03T09:58:29.728Z] E0603 12:58:29.728819   27004 load.go:23] Could not load config from "c:\\Users\\MTG\\Desktop\\v0.9.1\\dataconnect": could not find dataconnect.yaml in `c:\Users\MTG\Desktop\v0.9.1\dataconnect`
 {"metadata":{"emulator":{"name":"dataconnect"},"message":"E0603 12:58:29.728819   27004 load.go:23] Could not load config from \"c:\\\\Users\\\\MTG\\\\Desktop\\\\v0.9.1\\\\dataconnect\": could not find dataconnect.yaml in `c:\\Users\\MTG\\Desktop\\v0.9.1\\dataconnect`\n"}}
[debug] [2025-06-03T09:58:39.723Z] E0603 12:58:39.724060   27004 load.go:23] Could not load config from "c:\\Users\\MTG\\Desktop\\v0.9.1\\dataconnect": could not find dataconnect.yaml in `c:\Users\MTG\Desktop\v0.9.1\dataconnect`
E0603 12:58:39.724060   27004 watch.go:76] watchAllDir unable to walk dir `c:\Users\MTG\Desktop\v0.9.1\dataconnect`: on path "c:\\Users\\MTG\\Desktop\\v0.9.1\\dataconnect" (DirEntry: <nil>): CreateFile c:\Users\MTG\Desktop\v0.9.1\dataconnect: The system cannot find the file specified.
 {"metadata":{"emulator":{"name":"dataconnect"},"message":"E0603 12:58:39.724060   27004 load.go:23] Could not load config from \"c:\\\\Users\\\\MTG\\\\Desktop\\\\v0.9.1\\\\dataconnect\": could not find dataconnect.yaml in `c:\\Users\\MTG\\Desktop\\v0.9.1\\dataconnect`\nE0603 12:58:39.724060   27004 watch.go:76] watchAllDir unable to walk dir `c:\\Users\\MTG\\Desktop\\v0.9.1\\dataconnect`: on path \"c:\\\\Users\\\\MTG\\\\Desktop\\\\v0.9.1\\\\dataconnect\" (DirEntry: <nil>): CreateFile c:\\Users\\MTG\\Desktop\\v0.9.1\\dataconnect: The system cannot find the file specified.\n"}}
[debug] [2025-06-03T09:58:49.726Z] E0603 12:58:49.727292   27004 load.go:23] Could not load config from "c:\\Users\\MTG\\Desktop\\v0.9.1\\dataconnect": could not find dataconnect.yaml in `c:\Users\MTG\Desktop\v0.9.1\dataconnect`
 {"metadata":{"emulator":{"name":"dataconnect"},"message":"E0603 12:58:49.727292   27004 load.go:23] Could not load config from \"c:\\\\Users\\\\MTG\\\\Desktop\\\\v0.9.1\\\\dataconnect\": could not find dataconnect.yaml in `c:\\Users\\MTG\\Desktop\\v0.9.1\\dataconnect`\n"}}
[debug] [2025-06-03T09:58:59.722Z] E0603 12:58:59.722491   27004 load.go:23] Could not load config from "c:\\Users\\MTG\\Desktop\\v0.9.1\\dataconnect": could not find dataconnect.yaml in `c:\Users\MTG\Desktop\v0.9.1\dataconnect`
 {"metadata":{"emulator":{"name":"dataconnect"},"message":"E0603 12:58:59.722491   27004 load.go:23] Could not load config from \"c:\\\\Users\\\\MTG\\\\Desktop\\\\v0.9.1\\\\dataconnect\": could not find dataconnect.yaml in `c:\\Users\\MTG\\Desktop\\v0.9.1\\dataconnect`\n"}}
[debug] [2025-06-03T09:59:09.720Z] E0603 12:59:09.721461   27004 load.go:23] Could not load config from "c:\\Users\\MTG\\Desktop\\v0.9.1\\dataconnect": could not find dataconnect.yaml in `c:\Users\MTG\Desktop\v0.9.1\dataconnect`
 {"metadata":{"emulator":{"name":"dataconnect"},"message":"E0603 12:59:09.721461   27004 load.go:23] Could not load config from \"c:\\\\Users\\\\MTG\\\\Desktop\\\\v0.9.1\\\\dataconnect\": could not find dataconnect.yaml in `c:\\Users\\MTG\\Desktop\\v0.9.1\\dataconnect`\n"}}
[debug] [2025-06-03T09:59:19.730Z] E0603 12:59:19.730436   27004 load.go:23] Could not load config from "c:\\Users\\MTG\\Desktop\\v0.9.1\\dataconnect": could not find dataconnect.yaml in `c:\Users\MTG\Desktop\v0.9.1\dataconnect`
 {"metadata":{"emulator":{"name":"dataconnect"},"message":"E0603 12:59:19.730436   27004 load.go:23] Could not load config from \"c:\\\\Users\\\\MTG\\\\Desktop\\\\v0.9.1\\\\dataconnect\": could not find dataconnect.yaml in `c:\\Users\\MTG\\Desktop\\v0.9.1\\dataconnect`\n"}}
[debug] [2025-06-03T09:59:29.730Z] E0603 12:59:29.730453   27004 load.go:23] Could not load config from "c:\\Users\\MTG\\Desktop\\v0.9.1\\dataconnect": could not find dataconnect.yaml in `c:\Users\MTG\Desktop\v0.9.1\dataconnect`
 {"metadata":{"emulator":{"name":"dataconnect"},"message":"E0603 12:59:29.730453   27004 load.go:23] Could not load config from \"c:\\\\Users\\\\MTG\\\\Desktop\\\\v0.9.1\\\\dataconnect\": could not find dataconnect.yaml in `c:\\Users\\MTG\\Desktop\\v0.9.1\\dataconnect`\n"}}
[debug] [2025-06-03T09:59:39.730Z] E0603 12:59:39.730264   27004 load.go:23] Could not load config from "c:\\Users\\MTG\\Desktop\\v0.9.1\\dataconnect": could not find dataconnect.yaml in `c:\Users\MTG\Desktop\v0.9.1\dataconnect`
 {"metadata":{"emulator":{"name":"dataconnect"},"message":"E0603 12:59:39.730264   27004 load.go:23] Could not load config from \"c:\\\\Users\\\\MTG\\\\Desktop\\\\v0.9.1\\\\dataconnect\": could not find dataconnect.yaml in `c:\\Users\\MTG\\Desktop\\v0.9.1\\dataconnect`\n"}}
[debug] [2025-06-03T09:59:49.729Z] E0603 12:59:49.729269   27004 load.go:23] Could not load config from "c:\\Users\\MTG\\Desktop\\v0.9.1\\dataconnect": could not find dataconnect.yaml in `c:\Users\MTG\Desktop\v0.9.1\dataconnect`
 {"metadata":{"emulator":{"name":"dataconnect"},"message":"E0603 12:59:49.729269   27004 load.go:23] Could not load config from \"c:\\\\Users\\\\MTG\\\\Desktop\\\\v0.9.1\\\\dataconnect\": could not find dataconnect.yaml in `c:\\Users\\MTG\\Desktop\\v0.9.1\\dataconnect`\n"}}
[debug] [2025-06-03T09:59:59.724Z] E0603 12:59:59.724108   27004 load.go:23] Could not load config from "c:\\Users\\MTG\\Desktop\\v0.9.1\\dataconnect": could not find dataconnect.yaml in `c:\Users\MTG\Desktop\v0.9.1\dataconnect`
 {"metadata":{"emulator":{"name":"dataconnect"},"message":"E0603 12:59:59.724108   27004 load.go:23] Could not load config from \"c:\\\\Users\\\\MTG\\\\Desktop\\\\v0.9.1\\\\dataconnect\": could not find dataconnect.yaml in `c:\\Users\\MTG\\Desktop\\v0.9.1\\dataconnect`\n"}}
[debug] [2025-06-03T10:00:09.720Z] E0603 13:00:09.720656   27004 load.go:23] Could not load config from "c:\\Users\\MTG\\Desktop\\v0.9.1\\dataconnect": could not find dataconnect.yaml in `c:\Users\MTG\Desktop\v0.9.1\dataconnect`
 {"metadata":{"emulator":{"name":"dataconnect"},"message":"E0603 13:00:09.720656   27004 load.go:23] Could not load config from \"c:\\\\Users\\\\MTG\\\\Desktop\\\\v0.9.1\\\\dataconnect\": could not find dataconnect.yaml in `c:\\Users\\MTG\\Desktop\\v0.9.1\\dataconnect`\n"}}
[debug] [2025-06-03T10:00:19.718Z] E0603 13:00:19.718015   27004 load.go:23] Could not load config from "c:\\Users\\MTG\\Desktop\\v0.9.1\\dataconnect": could not find dataconnect.yaml in `c:\Users\MTG\Desktop\v0.9.1\dataconnect`
 {"metadata":{"emulator":{"name":"dataconnect"},"message":"E0603 13:00:19.718015   27004 load.go:23] Could not load config from \"c:\\\\Users\\\\MTG\\\\Desktop\\\\v0.9.1\\\\dataconnect\": could not find dataconnect.yaml in `c:\\Users\\MTG\\Desktop\\v0.9.1\\dataconnect`\n"}}
[debug] [2025-06-03T10:00:29.723Z] E0603 13:00:29.723847   27004 load.go:23] Could not load config from "c:\\Users\\MTG\\Desktop\\v0.9.1\\dataconnect": could not find dataconnect.yaml in `c:\Users\MTG\Desktop\v0.9.1\dataconnect`
 {"metadata":{"emulator":{"name":"dataconnect"},"message":"E0603 13:00:29.723847   27004 load.go:23] Could not load config from \"c:\\\\Users\\\\MTG\\\\Desktop\\\\v0.9.1\\\\dataconnect\": could not find dataconnect.yaml in `c:\\Users\\MTG\\Desktop\\v0.9.1\\dataconnect`\n"}}
[debug] [2025-06-03T10:00:39.729Z] E0603 13:00:39.729450   27004 load.go:23] Could not load config from "c:\\Users\\MTG\\Desktop\\v0.9.1\\dataconnect": could not find dataconnect.yaml in `c:\Users\MTG\Desktop\v0.9.1\dataconnect`
 {"metadata":{"emulator":{"name":"dataconnect"},"message":"E0603 13:00:39.729450   27004 load.go:23] Could not load config from \"c:\\\\Users\\\\MTG\\\\Desktop\\\\v0.9.1\\\\dataconnect\": could not find dataconnect.yaml in `c:\\Users\\MTG\\Desktop\\v0.9.1\\dataconnect`\n"}}
[debug] [2025-06-03T10:00:39.730Z] E0603 13:00:39.729956   27004 watch.go:76] watchAllDir unable to walk dir `c:\Users\MTG\Desktop\v0.9.1\dataconnect`: on path "c:\\Users\\MTG\\Desktop\\v0.9.1\\dataconnect" (DirEntry: <nil>): CreateFile c:\Users\MTG\Desktop\v0.9.1\dataconnect: The system cannot find the file specified.
 {"metadata":{"emulator":{"name":"dataconnect"},"message":"E0603 13:00:39.729956   27004 watch.go:76] watchAllDir unable to walk dir `c:\\Users\\MTG\\Desktop\\v0.9.1\\dataconnect`: on path \"c:\\\\Users\\\\MTG\\\\Desktop\\\\v0.9.1\\\\dataconnect\" (DirEntry: <nil>): CreateFile c:\\Users\\MTG\\Desktop\\v0.9.1\\dataconnect: The system cannot find the file specified.\n"}}
[debug] [2025-06-03T10:00:49.728Z] E0603 13:00:49.728164   27004 load.go:23] Could not load config from "c:\\Users\\MTG\\Desktop\\v0.9.1\\dataconnect": could not find dataconnect.yaml in `c:\Users\MTG\Desktop\v0.9.1\dataconnect`
 {"metadata":{"emulator":{"name":"dataconnect"},"message":"E0603 13:00:49.728164   27004 load.go:23] Could not load config from \"c:\\\\Users\\\\MTG\\\\Desktop\\\\v0.9.1\\\\dataconnect\": could not find dataconnect.yaml in `c:\\Users\\MTG\\Desktop\\v0.9.1\\dataconnect`\n"}}
[debug] [2025-06-03T10:00:59.719Z] E0603 13:00:59.719597   27004 load.go:23] Could not load config from "c:\\Users\\MTG\\Desktop\\v0.9.1\\dataconnect": could not find dataconnect.yaml in `c:\Users\MTG\Desktop\v0.9.1\dataconnect`
 {"metadata":{"emulator":{"name":"dataconnect"},"message":"E0603 13:00:59.719597   27004 load.go:23] Could not load config from \"c:\\\\Users\\\\MTG\\\\Desktop\\\\v0.9.1\\\\dataconnect\": could not find dataconnect.yaml in `c:\\Users\\MTG\\Desktop\\v0.9.1\\dataconnect`\n"}}
[debug] [2025-06-03T10:01:09.727Z] E0603 13:01:09.726788   27004 load.go:23] Could not load config from "c:\\Users\\MTG\\Desktop\\v0.9.1\\dataconnect": could not find dataconnect.yaml in `c:\Users\MTG\Desktop\v0.9.1\dataconnect`
 {"metadata":{"emulator":{"name":"dataconnect"},"message":"E0603 13:01:09.726788   27004 load.go:23] Could not load config from \"c:\\\\Users\\\\MTG\\\\Desktop\\\\v0.9.1\\\\dataconnect\": could not find dataconnect.yaml in `c:\\Users\\MTG\\Desktop\\v0.9.1\\dataconnect`\n"}}
[debug] [2025-06-03T10:01:19.727Z] E0603 13:01:19.724662   27004 load.go:23] Could not load config from "c:\\Users\\MTG\\Desktop\\v0.9.1\\dataconnect": could not find dataconnect.yaml in `c:\Users\MTG\Desktop\v0.9.1\dataconnect`
 {"metadata":{"emulator":{"name":"dataconnect"},"message":"E0603 13:01:19.724662   27004 load.go:23] Could not load config from \"c:\\\\Users\\\\MTG\\\\Desktop\\\\v0.9.1\\\\dataconnect\": could not find dataconnect.yaml in `c:\\Users\\MTG\\Desktop\\v0.9.1\\dataconnect`\n"}}
[debug] [2025-06-03T10:01:29.726Z] E0603 13:01:29.726412   27004 load.go:23] Could not load config from "c:\\Users\\MTG\\Desktop\\v0.9.1\\dataconnect": could not find dataconnect.yaml in `c:\Users\MTG\Desktop\v0.9.1\dataconnect`
 {"metadata":{"emulator":{"name":"dataconnect"},"message":"E0603 13:01:29.726412   27004 load.go:23] Could not load config from \"c:\\\\Users\\\\MTG\\\\Desktop\\\\v0.9.1\\\\dataconnect\": could not find dataconnect.yaml in `c:\\Users\\MTG\\Desktop\\v0.9.1\\dataconnect`\n"}}
[debug] [2025-06-03T10:01:39.728Z] E0603 13:01:39.728691   27004 load.go:23] Could not load config from "c:\\Users\\MTG\\Desktop\\v0.9.1\\dataconnect": could not find dataconnect.yaml in `c:\Users\MTG\Desktop\v0.9.1\dataconnect`
 {"metadata":{"emulator":{"name":"dataconnect"},"message":"E0603 13:01:39.728691   27004 load.go:23] Could not load config from \"c:\\\\Users\\\\MTG\\\\Desktop\\\\v0.9.1\\\\dataconnect\": could not find dataconnect.yaml in `c:\\Users\\MTG\\Desktop\\v0.9.1\\dataconnect`\n"}}
[debug] [2025-06-03T10:01:49.726Z] E0603 13:01:49.725970   27004 load.go:23] Could not load config from "c:\\Users\\MTG\\Desktop\\v0.9.1\\dataconnect": could not find dataconnect.yaml in `c:\Users\MTG\Desktop\v0.9.1\dataconnect`
 {"metadata":{"emulator":{"name":"dataconnect"},"message":"E0603 13:01:49.725970   27004 load.go:23] Could not load config from \"c:\\\\Users\\\\MTG\\\\Desktop\\\\v0.9.1\\\\dataconnect\": could not find dataconnect.yaml in `c:\\Users\\MTG\\Desktop\\v0.9.1\\dataconnect`\n"}}
[debug] [2025-06-03T10:01:59.728Z] E0603 13:01:59.727897   27004 load.go:23] Could not load config from "c:\\Users\\MTG\\Desktop\\v0.9.1\\dataconnect": could not find dataconnect.yaml in `c:\Users\MTG\Desktop\v0.9.1\dataconnect`
 {"metadata":{"emulator":{"name":"dataconnect"},"message":"E0603 13:01:59.727897   27004 load.go:23] Could not load config from \"c:\\\\Users\\\\MTG\\\\Desktop\\\\v0.9.1\\\\dataconnect\": could not find dataconnect.yaml in `c:\\Users\\MTG\\Desktop\\v0.9.1\\dataconnect`\n"}}
[debug] [2025-06-03T10:02:09.731Z] E0603 13:02:09.731646   27004 load.go:23] Could not load config from "c:\\Users\\MTG\\Desktop\\v0.9.1\\dataconnect": could not find dataconnect.yaml in `c:\Users\MTG\Desktop\v0.9.1\dataconnect`
 {"metadata":{"emulator":{"name":"dataconnect"},"message":"E0603 13:02:09.731646   27004 load.go:23] Could not load config from \"c:\\\\Users\\\\MTG\\\\Desktop\\\\v0.9.1\\\\dataconnect\": could not find dataconnect.yaml in `c:\\Users\\MTG\\Desktop\\v0.9.1\\dataconnect`\n"}}
[debug] [2025-06-03T10:02:19.731Z] E0603 13:02:19.731177   27004 load.go:23] Could not load config from "c:\\Users\\MTG\\Desktop\\v0.9.1\\dataconnect": could not find dataconnect.yaml in `c:\Users\MTG\Desktop\v0.9.1\dataconnect`
 {"metadata":{"emulator":{"name":"dataconnect"},"message":"E0603 13:02:19.731177   27004 load.go:23] Could not load config from \"c:\\\\Users\\\\MTG\\\\Desktop\\\\v0.9.1\\\\dataconnect\": could not find dataconnect.yaml in `c:\\Users\\MTG\\Desktop\\v0.9.1\\dataconnect`\n"}}
[debug] [2025-06-03T10:02:29.723Z] E0603 13:02:29.723376   27004 load.go:23] Could not load config from "c:\\Users\\MTG\\Desktop\\v0.9.1\\dataconnect": could not find dataconnect.yaml in `c:\Users\MTG\Desktop\v0.9.1\dataconnect`
 {"metadata":{"emulator":{"name":"dataconnect"},"message":"E0603 13:02:29.723376   27004 load.go:23] Could not load config from \"c:\\\\Users\\\\MTG\\\\Desktop\\\\v0.9.1\\\\dataconnect\": could not find dataconnect.yaml in `c:\\Users\\MTG\\Desktop\\v0.9.1\\dataconnect`\n"}}
[debug] [2025-06-03T10:02:39.730Z] E0603 13:02:39.730400   27004 load.go:23] Could not load config from "c:\\Users\\MTG\\Desktop\\v0.9.1\\dataconnect": could not find dataconnect.yaml in `c:\Users\MTG\Desktop\v0.9.1\dataconnect`
 {"metadata":{"emulator":{"name":"dataconnect"},"message":"E0603 13:02:39.730400   27004 load.go:23] Could not load config from \"c:\\\\Users\\\\MTG\\\\Desktop\\\\v0.9.1\\\\dataconnect\": could not find dataconnect.yaml in `c:\\Users\\MTG\\Desktop\\v0.9.1\\dataconnect`\n"}}
[debug] [2025-06-03T10:02:39.730Z] E0603 13:02:39.731165   27004 watch.go:76] watchAllDir unable to walk dir `c:\Users\MTG\Desktop\v0.9.1\dataconnect`: on path "c:\\Users\\MTG\\Desktop\\v0.9.1\\dataconnect" (DirEntry: <nil>): CreateFile c:\Users\MTG\Desktop\v0.9.1\dataconnect: The system cannot find the file specified.
 {"metadata":{"emulator":{"name":"dataconnect"},"message":"E0603 13:02:39.731165   27004 watch.go:76] watchAllDir unable to walk dir `c:\\Users\\MTG\\Desktop\\v0.9.1\\dataconnect`: on path \"c:\\\\Users\\\\MTG\\\\Desktop\\\\v0.9.1\\\\dataconnect\" (DirEntry: <nil>): CreateFile c:\\Users\\MTG\\Desktop\\v0.9.1\\dataconnect: The system cannot find the file specified.\n"}}
[debug] [2025-06-03T10:02:49.722Z] E0603 13:02:49.723056   27004 load.go:23] Could not load config from "c:\\Users\\MTG\\Desktop\\v0.9.1\\dataconnect": could not find dataconnect.yaml in `c:\Users\MTG\Desktop\v0.9.1\dataconnect`
 {"metadata":{"emulator":{"name":"dataconnect"},"message":"E0603 13:02:49.723056   27004 load.go:23] Could not load config from \"c:\\\\Users\\\\MTG\\\\Desktop\\\\v0.9.1\\\\dataconnect\": could not find dataconnect.yaml in `c:\\Users\\MTG\\Desktop\\v0.9.1\\dataconnect`\n"}}
[debug] [2025-06-03T10:02:59.721Z] E0603 13:02:59.721518   27004 load.go:23] Could not load config from "c:\\Users\\MTG\\Desktop\\v0.9.1\\dataconnect": could not find dataconnect.yaml in `c:\Users\MTG\Desktop\v0.9.1\dataconnect`
 {"metadata":{"emulator":{"name":"dataconnect"},"message":"E0603 13:02:59.721518   27004 load.go:23] Could not load config from \"c:\\\\Users\\\\MTG\\\\Desktop\\\\v0.9.1\\\\dataconnect\": could not find dataconnect.yaml in `c:\\Users\\MTG\\Desktop\\v0.9.1\\dataconnect`\n"}}
[debug] [2025-06-03T10:03:09.716Z] E0603 13:03:09.717257   27004 load.go:23] Could not load config from "c:\\Users\\MTG\\Desktop\\v0.9.1\\dataconnect": could not find dataconnect.yaml in `c:\Users\MTG\Desktop\v0.9.1\dataconnect`
 {"metadata":{"emulator":{"name":"dataconnect"},"message":"E0603 13:03:09.717257   27004 load.go:23] Could not load config from \"c:\\\\Users\\\\MTG\\\\Desktop\\\\v0.9.1\\\\dataconnect\": could not find dataconnect.yaml in `c:\\Users\\MTG\\Desktop\\v0.9.1\\dataconnect`\n"}}
[debug] [2025-06-03T10:03:19.720Z] E0603 13:03:19.719916   27004 load.go:23] Could not load config from "c:\\Users\\MTG\\Desktop\\v0.9.1\\dataconnect": could not find dataconnect.yaml in `c:\Users\MTG\Desktop\v0.9.1\dataconnect`
 {"metadata":{"emulator":{"name":"dataconnect"},"message":"E0603 13:03:19.719916   27004 load.go:23] Could not load config from \"c:\\\\Users\\\\MTG\\\\Desktop\\\\v0.9.1\\\\dataconnect\": could not find dataconnect.yaml in `c:\\Users\\MTG\\Desktop\\v0.9.1\\dataconnect`\n"}}
[debug] [2025-06-03T10:03:29.726Z] E0603 13:03:29.727034   27004 load.go:23] Could not load config from "c:\\Users\\MTG\\Desktop\\v0.9.1\\dataconnect": could not find dataconnect.yaml in `c:\Users\MTG\Desktop\v0.9.1\dataconnect`
 {"metadata":{"emulator":{"name":"dataconnect"},"message":"E0603 13:03:29.727034   27004 load.go:23] Could not load config from \"c:\\\\Users\\\\MTG\\\\Desktop\\\\v0.9.1\\\\dataconnect\": could not find dataconnect.yaml in `c:\\Users\\MTG\\Desktop\\v0.9.1\\dataconnect`\n"}}
[debug] [2025-06-03T10:03:39.722Z] E0603 13:03:39.722939   27004 load.go:23] Could not load config from "c:\\Users\\MTG\\Desktop\\v0.9.1\\dataconnect": could not find dataconnect.yaml in `c:\Users\MTG\Desktop\v0.9.1\dataconnect`
 {"metadata":{"emulator":{"name":"dataconnect"},"message":"E0603 13:03:39.722939   27004 load.go:23] Could not load config from \"c:\\\\Users\\\\MTG\\\\Desktop\\\\v0.9.1\\\\dataconnect\": could not find dataconnect.yaml in `c:\\Users\\MTG\\Desktop\\v0.9.1\\dataconnect`\n"}}
[debug] [2025-06-03T10:03:49.718Z] E0603 13:03:49.718959   27004 load.go:23] Could not load config from "c:\\Users\\MTG\\Desktop\\v0.9.1\\dataconnect": could not find dataconnect.yaml in `c:\Users\MTG\Desktop\v0.9.1\dataconnect`
 {"metadata":{"emulator":{"name":"dataconnect"},"message":"E0603 13:03:49.718959   27004 load.go:23] Could not load config from \"c:\\\\Users\\\\MTG\\\\Desktop\\\\v0.9.1\\\\dataconnect\": could not find dataconnect.yaml in `c:\\Users\\MTG\\Desktop\\v0.9.1\\dataconnect`\n"}}
[debug] [2025-06-03T10:03:59.718Z] E0603 13:03:59.718617   27004 load.go:23] Could not load config from "c:\\Users\\MTG\\Desktop\\v0.9.1\\dataconnect": could not find dataconnect.yaml in `c:\Users\MTG\Desktop\v0.9.1\dataconnect`
 {"metadata":{"emulator":{"name":"dataconnect"},"message":"E0603 13:03:59.718617   27004 load.go:23] Could not load config from \"c:\\\\Users\\\\MTG\\\\Desktop\\\\v0.9.1\\\\dataconnect\": could not find dataconnect.yaml in `c:\\Users\\MTG\\Desktop\\v0.9.1\\dataconnect`\n"}}
[debug] [2025-06-03T10:04:09.718Z] E0603 13:04:09.719163   27004 load.go:23] Could not load config from "c:\\Users\\MTG\\Desktop\\v0.9.1\\dataconnect": could not find dataconnect.yaml in `c:\Users\MTG\Desktop\v0.9.1\dataconnect`
 {"metadata":{"emulator":{"name":"dataconnect"},"message":"E0603 13:04:09.719163   27004 load.go:23] Could not load config from \"c:\\\\Users\\\\MTG\\\\Desktop\\\\v0.9.1\\\\dataconnect\": could not find dataconnect.yaml in `c:\\Users\\MTG\\Desktop\\v0.9.1\\dataconnect`\n"}}
[debug] [2025-06-03T10:04:19.720Z] E0603 13:04:19.720398   27004 load.go:23] Could not load config from "c:\\Users\\MTG\\Desktop\\v0.9.1\\dataconnect": could not find dataconnect.yaml in `c:\Users\MTG\Desktop\v0.9.1\dataconnect`
 {"metadata":{"emulator":{"name":"dataconnect"},"message":"E0603 13:04:19.720398   27004 load.go:23] Could not load config from \"c:\\\\Users\\\\MTG\\\\Desktop\\\\v0.9.1\\\\dataconnect\": could not find dataconnect.yaml in `c:\\Users\\MTG\\Desktop\\v0.9.1\\dataconnect`\n"}}
[debug] [2025-06-03T10:04:29.729Z] E0603 13:04:29.729396   27004 load.go:23] Could not load config from "c:\\Users\\MTG\\Desktop\\v0.9.1\\dataconnect": could not find dataconnect.yaml in `c:\Users\MTG\Desktop\v0.9.1\dataconnect`
 {"metadata":{"emulator":{"name":"dataconnect"},"message":"E0603 13:04:29.729396   27004 load.go:23] Could not load config from \"c:\\\\Users\\\\MTG\\\\Desktop\\\\v0.9.1\\\\dataconnect\": could not find dataconnect.yaml in `c:\\Users\\MTG\\Desktop\\v0.9.1\\dataconnect`\n"}}
[debug] [2025-06-03T10:04:39.744Z] E0603 13:04:39.744479   27004 load.go:23] Could not load config from "c:\\Users\\MTG\\Desktop\\v0.9.1\\dataconnect": could not find dataconnect.yaml in `c:\Users\MTG\Desktop\v0.9.1\dataconnect`
 {"metadata":{"emulator":{"name":"dataconnect"},"message":"E0603 13:04:39.744479   27004 load.go:23] Could not load config from \"c:\\\\Users\\\\MTG\\\\Desktop\\\\v0.9.1\\\\dataconnect\": could not find dataconnect.yaml in `c:\\Users\\MTG\\Desktop\\v0.9.1\\dataconnect`\n"}}
[debug] [2025-06-03T10:04:39.747Z] E0603 13:04:39.748106   27004 watch.go:76] watchAllDir unable to walk dir `c:\Users\MTG\Desktop\v0.9.1\dataconnect`: on path "c:\\Users\\MTG\\Desktop\\v0.9.1\\dataconnect" (DirEntry: <nil>): CreateFile c:\Users\MTG\Desktop\v0.9.1\dataconnect: The system cannot find the file specified.
 {"metadata":{"emulator":{"name":"dataconnect"},"message":"E0603 13:04:39.748106   27004 watch.go:76] watchAllDir unable to walk dir `c:\\Users\\MTG\\Desktop\\v0.9.1\\dataconnect`: on path \"c:\\\\Users\\\\MTG\\\\Desktop\\\\v0.9.1\\\\dataconnect\" (DirEntry: <nil>): CreateFile c:\\Users\\MTG\\Desktop\\v0.9.1\\dataconnect: The system cannot find the file specified.\n"}}
[debug] [2025-06-03T10:04:49.731Z] E0603 13:04:49.728249   27004 load.go:23] Could not load config from "c:\\Users\\MTG\\Desktop\\v0.9.1\\dataconnect": could not find dataconnect.yaml in `c:\Users\MTG\Desktop\v0.9.1\dataconnect`
 {"metadata":{"emulator":{"name":"dataconnect"},"message":"E0603 13:04:49.728249   27004 load.go:23] Could not load config from \"c:\\\\Users\\\\MTG\\\\Desktop\\\\v0.9.1\\\\dataconnect\": could not find dataconnect.yaml in `c:\\Users\\MTG\\Desktop\\v0.9.1\\dataconnect`\n"}}
[debug] [2025-06-03T10:04:59.730Z] E0603 13:04:59.731139   27004 load.go:23] Could not load config from "c:\\Users\\MTG\\Desktop\\v0.9.1\\dataconnect": could not find dataconnect.yaml in `c:\Users\MTG\Desktop\v0.9.1\dataconnect`
 {"metadata":{"emulator":{"name":"dataconnect"},"message":"E0603 13:04:59.731139   27004 load.go:23] Could not load config from \"c:\\\\Users\\\\MTG\\\\Desktop\\\\v0.9.1\\\\dataconnect\": could not find dataconnect.yaml in `c:\\Users\\MTG\\Desktop\\v0.9.1\\dataconnect`\n"}}
[debug] [2025-06-03T10:05:09.719Z] E0603 13:05:09.719904   27004 load.go:23] Could not load config from "c:\\Users\\MTG\\Desktop\\v0.9.1\\dataconnect": could not find dataconnect.yaml in `c:\Users\MTG\Desktop\v0.9.1\dataconnect`
 {"metadata":{"emulator":{"name":"dataconnect"},"message":"E0603 13:05:09.719904   27004 load.go:23] Could not load config from \"c:\\\\Users\\\\MTG\\\\Desktop\\\\v0.9.1\\\\dataconnect\": could not find dataconnect.yaml in `c:\\Users\\MTG\\Desktop\\v0.9.1\\dataconnect`\n"}}
[debug] [2025-06-03T10:05:19.719Z] E0603 13:05:19.720214   27004 load.go:23] Could not load config from "c:\\Users\\MTG\\Desktop\\v0.9.1\\dataconnect": could not find dataconnect.yaml in `c:\Users\MTG\Desktop\v0.9.1\dataconnect`
 {"metadata":{"emulator":{"name":"dataconnect"},"message":"E0603 13:05:19.720214   27004 load.go:23] Could not load config from \"c:\\\\Users\\\\MTG\\\\Desktop\\\\v0.9.1\\\\dataconnect\": could not find dataconnect.yaml in `c:\\Users\\MTG\\Desktop\\v0.9.1\\dataconnect`\n"}}
[debug] [2025-06-03T10:05:29.719Z] E0603 13:05:29.719349   27004 load.go:23] Could not load config from "c:\\Users\\MTG\\Desktop\\v0.9.1\\dataconnect": could not find dataconnect.yaml in `c:\Users\MTG\Desktop\v0.9.1\dataconnect`
 {"metadata":{"emulator":{"name":"dataconnect"},"message":"E0603 13:05:29.719349   27004 load.go:23] Could not load config from \"c:\\\\Users\\\\MTG\\\\Desktop\\\\v0.9.1\\\\dataconnect\": could not find dataconnect.yaml in `c:\\Users\\MTG\\Desktop\\v0.9.1\\dataconnect`\n"}}
[debug] [2025-06-03T10:05:39.723Z] E0603 13:05:39.723023   27004 load.go:23] Could not load config from "c:\\Users\\MTG\\Desktop\\v0.9.1\\dataconnect": could not find dataconnect.yaml in `c:\Users\MTG\Desktop\v0.9.1\dataconnect`
 {"metadata":{"emulator":{"name":"dataconnect"},"message":"E0603 13:05:39.723023   27004 load.go:23] Could not load config from \"c:\\\\Users\\\\MTG\\\\Desktop\\\\v0.9.1\\\\dataconnect\": could not find dataconnect.yaml in `c:\\Users\\MTG\\Desktop\\v0.9.1\\dataconnect`\n"}}
[debug] [2025-06-03T10:05:49.723Z] E0603 13:05:49.723529   27004 load.go:23] Could not load config from "c:\\Users\\MTG\\Desktop\\v0.9.1\\dataconnect": could not find dataconnect.yaml in `c:\Users\MTG\Desktop\v0.9.1\dataconnect`
 {"metadata":{"emulator":{"name":"dataconnect"},"message":"E0603 13:05:49.723529   27004 load.go:23] Could not load config from \"c:\\\\Users\\\\MTG\\\\Desktop\\\\v0.9.1\\\\dataconnect\": could not find dataconnect.yaml in `c:\\Users\\MTG\\Desktop\\v0.9.1\\dataconnect`\n"}}
[debug] [2025-06-03T10:05:59.726Z] E0603 13:05:59.726884   27004 load.go:23] Could not load config from "c:\\Users\\MTG\\Desktop\\v0.9.1\\dataconnect": could not find dataconnect.yaml in `c:\Users\MTG\Desktop\v0.9.1\dataconnect`
 {"metadata":{"emulator":{"name":"dataconnect"},"message":"E0603 13:05:59.726884   27004 load.go:23] Could not load config from \"c:\\\\Users\\\\MTG\\\\Desktop\\\\v0.9.1\\\\dataconnect\": could not find dataconnect.yaml in `c:\\Users\\MTG\\Desktop\\v0.9.1\\dataconnect`\n"}}
[debug] [2025-06-03T10:06:09.725Z] E0603 13:06:09.725569   27004 load.go:23] Could not load config from "c:\\Users\\MTG\\Desktop\\v0.9.1\\dataconnect": could not find dataconnect.yaml in `c:\Users\MTG\Desktop\v0.9.1\dataconnect`
 {"metadata":{"emulator":{"name":"dataconnect"},"message":"E0603 13:06:09.725569   27004 load.go:23] Could not load config from \"c:\\\\Users\\\\MTG\\\\Desktop\\\\v0.9.1\\\\dataconnect\": could not find dataconnect.yaml in `c:\\Users\\MTG\\Desktop\\v0.9.1\\dataconnect`\n"}}
[debug] [2025-06-03T10:06:19.731Z] E0603 13:06:19.731519   27004 load.go:23] Could not load config from "c:\\Users\\MTG\\Desktop\\v0.9.1\\dataconnect": could not find dataconnect.yaml in `c:\Users\MTG\Desktop\v0.9.1\dataconnect`
 {"metadata":{"emulator":{"name":"dataconnect"},"message":"E0603 13:06:19.731519   27004 load.go:23] Could not load config from \"c:\\\\Users\\\\MTG\\\\Desktop\\\\v0.9.1\\\\dataconnect\": could not find dataconnect.yaml in `c:\\Users\\MTG\\Desktop\\v0.9.1\\dataconnect`\n"}}
[debug] [2025-06-03T10:06:29.725Z] E0603 13:06:29.725641   27004 load.go:23] Could not load config from "c:\\Users\\MTG\\Desktop\\v0.9.1\\dataconnect": could not find dataconnect.yaml in `c:\Users\MTG\Desktop\v0.9.1\dataconnect`
 {"metadata":{"emulator":{"name":"dataconnect"},"message":"E0603 13:06:29.725641   27004 load.go:23] Could not load config from \"c:\\\\Users\\\\MTG\\\\Desktop\\\\v0.9.1\\\\dataconnect\": could not find dataconnect.yaml in `c:\\Users\\MTG\\Desktop\\v0.9.1\\dataconnect`\n"}}
[debug] [2025-06-03T10:06:39.727Z] E0603 13:06:39.727174   27004 load.go:23] Could not load config from "c:\\Users\\MTG\\Desktop\\v0.9.1\\dataconnect": could not find dataconnect.yaml in `c:\Users\MTG\Desktop\v0.9.1\dataconnect`
 {"metadata":{"emulator":{"name":"dataconnect"},"message":"E0603 13:06:39.727174   27004 load.go:23] Could not load config from \"c:\\\\Users\\\\MTG\\\\Desktop\\\\v0.9.1\\\\dataconnect\": could not find dataconnect.yaml in `c:\\Users\\MTG\\Desktop\\v0.9.1\\dataconnect`\n"}}
[debug] [2025-06-03T10:06:39.727Z] E0603 13:06:39.727174   27004 watch.go:76] watchAllDir unable to walk dir `c:\Users\MTG\Desktop\v0.9.1\dataconnect`: on path "c:\\Users\\MTG\\Desktop\\v0.9.1\\dataconnect" (DirEntry: <nil>): CreateFile c:\Users\MTG\Desktop\v0.9.1\dataconnect: The system cannot find the file specified.
 {"metadata":{"emulator":{"name":"dataconnect"},"message":"E0603 13:06:39.727174   27004 watch.go:76] watchAllDir unable to walk dir `c:\\Users\\MTG\\Desktop\\v0.9.1\\dataconnect`: on path \"c:\\\\Users\\\\MTG\\\\Desktop\\\\v0.9.1\\\\dataconnect\" (DirEntry: <nil>): CreateFile c:\\Users\\MTG\\Desktop\\v0.9.1\\dataconnect: The system cannot find the file specified.\n"}}
[debug] [2025-06-03T10:06:49.726Z] E0603 13:06:49.727099   27004 load.go:23] Could not load config from "c:\\Users\\MTG\\Desktop\\v0.9.1\\dataconnect": could not find dataconnect.yaml in `c:\Users\MTG\Desktop\v0.9.1\dataconnect`
 {"metadata":{"emulator":{"name":"dataconnect"},"message":"E0603 13:06:49.727099   27004 load.go:23] Could not load config from \"c:\\\\Users\\\\MTG\\\\Desktop\\\\v0.9.1\\\\dataconnect\": could not find dataconnect.yaml in `c:\\Users\\MTG\\Desktop\\v0.9.1\\dataconnect`\n"}}
[debug] [2025-06-03T10:06:59.722Z] E0603 13:06:59.723107   27004 load.go:23] Could not load config from "c:\\Users\\MTG\\Desktop\\v0.9.1\\dataconnect": could not find dataconnect.yaml in `c:\Users\MTG\Desktop\v0.9.1\dataconnect`
 {"metadata":{"emulator":{"name":"dataconnect"},"message":"E0603 13:06:59.723107   27004 load.go:23] Could not load config from \"c:\\\\Users\\\\MTG\\\\Desktop\\\\v0.9.1\\\\dataconnect\": could not find dataconnect.yaml in `c:\\Users\\MTG\\Desktop\\v0.9.1\\dataconnect`\n"}}
[debug] [2025-06-03T10:07:09.728Z] E0603 13:07:09.728846   27004 load.go:23] Could not load config from "c:\\Users\\MTG\\Desktop\\v0.9.1\\dataconnect": could not find dataconnect.yaml in `c:\Users\MTG\Desktop\v0.9.1\dataconnect`
 {"metadata":{"emulator":{"name":"dataconnect"},"message":"E0603 13:07:09.728846   27004 load.go:23] Could not load config from \"c:\\\\Users\\\\MTG\\\\Desktop\\\\v0.9.1\\\\dataconnect\": could not find dataconnect.yaml in `c:\\Users\\MTG\\Desktop\\v0.9.1\\dataconnect`\n"}}
[debug] [2025-06-03T10:07:19.724Z] E0603 13:07:19.724874   27004 load.go:23] Could not load config from "c:\\Users\\MTG\\Desktop\\v0.9.1\\dataconnect": could not find dataconnect.yaml in `c:\Users\MTG\Desktop\v0.9.1\dataconnect`
 {"metadata":{"emulator":{"name":"dataconnect"},"message":"E0603 13:07:19.724874   27004 load.go:23] Could not load config from \"c:\\\\Users\\\\MTG\\\\Desktop\\\\v0.9.1\\\\dataconnect\": could not find dataconnect.yaml in `c:\\Users\\MTG\\Desktop\\v0.9.1\\dataconnect`\n"}}
[debug] [2025-06-03T10:07:29.717Z] E0603 13:07:29.717511   27004 load.go:23] Could not load config from "c:\\Users\\MTG\\Desktop\\v0.9.1\\dataconnect": could not find dataconnect.yaml in `c:\Users\MTG\Desktop\v0.9.1\dataconnect`
 {"metadata":{"emulator":{"name":"dataconnect"},"message":"E0603 13:07:29.717511   27004 load.go:23] Could not load config from \"c:\\\\Users\\\\MTG\\\\Desktop\\\\v0.9.1\\\\dataconnect\": could not find dataconnect.yaml in `c:\\Users\\MTG\\Desktop\\v0.9.1\\dataconnect`\n"}}
[debug] [2025-06-03T10:07:39.721Z] E0603 13:07:39.722096   27004 load.go:23] Could not load config from "c:\\Users\\MTG\\Desktop\\v0.9.1\\dataconnect": could not find dataconnect.yaml in `c:\Users\MTG\Desktop\v0.9.1\dataconnect`
 {"metadata":{"emulator":{"name":"dataconnect"},"message":"E0603 13:07:39.722096   27004 load.go:23] Could not load config from \"c:\\\\Users\\\\MTG\\\\Desktop\\\\v0.9.1\\\\dataconnect\": could not find dataconnect.yaml in `c:\\Users\\MTG\\Desktop\\v0.9.1\\dataconnect`\n"}}
[debug] [2025-06-03T10:07:49.726Z] E0603 13:07:49.726736   27004 load.go:23] Could not load config from "c:\\Users\\MTG\\Desktop\\v0.9.1\\dataconnect": could not find dataconnect.yaml in `c:\Users\MTG\Desktop\v0.9.1\dataconnect`
 {"metadata":{"emulator":{"name":"dataconnect"},"message":"E0603 13:07:49.726736   27004 load.go:23] Could not load config from \"c:\\\\Users\\\\MTG\\\\Desktop\\\\v0.9.1\\\\dataconnect\": could not find dataconnect.yaml in `c:\\Users\\MTG\\Desktop\\v0.9.1\\dataconnect`\n"}}
[debug] [2025-06-03T10:07:59.731Z] E0603 13:07:59.732059   27004 load.go:23] Could not load config from "c:\\Users\\MTG\\Desktop\\v0.9.1\\dataconnect": could not find dataconnect.yaml in `c:\Users\MTG\Desktop\v0.9.1\dataconnect`
 {"metadata":{"emulator":{"name":"dataconnect"},"message":"E0603 13:07:59.732059   27004 load.go:23] Could not load config from \"c:\\\\Users\\\\MTG\\\\Desktop\\\\v0.9.1\\\\dataconnect\": could not find dataconnect.yaml in `c:\\Users\\MTG\\Desktop\\v0.9.1\\dataconnect`\n"}}
[debug] [2025-06-03T10:08:09.727Z] E0603 13:08:09.728032   27004 load.go:23] Could not load config from "c:\\Users\\MTG\\Desktop\\v0.9.1\\dataconnect": could not find dataconnect.yaml in `c:\Users\MTG\Desktop\v0.9.1\dataconnect`
 {"metadata":{"emulator":{"name":"dataconnect"},"message":"E0603 13:08:09.728032   27004 load.go:23] Could not load config from \"c:\\\\Users\\\\MTG\\\\Desktop\\\\v0.9.1\\\\dataconnect\": could not find dataconnect.yaml in `c:\\Users\\MTG\\Desktop\\v0.9.1\\dataconnect`\n"}}
[debug] [2025-06-03T10:08:19.721Z] E0603 13:08:19.721746   27004 load.go:23] Could not load config from "c:\\Users\\MTG\\Desktop\\v0.9.1\\dataconnect": could not find dataconnect.yaml in `c:\Users\MTG\Desktop\v0.9.1\dataconnect`
 {"metadata":{"emulator":{"name":"dataconnect"},"message":"E0603 13:08:19.721746   27004 load.go:23] Could not load config from \"c:\\\\Users\\\\MTG\\\\Desktop\\\\v0.9.1\\\\dataconnect\": could not find dataconnect.yaml in `c:\\Users\\MTG\\Desktop\\v0.9.1\\dataconnect`\n"}}
[debug] [2025-06-03T10:08:29.716Z] E0603 13:08:29.716563   27004 load.go:23] Could not load config from "c:\\Users\\MTG\\Desktop\\v0.9.1\\dataconnect": could not find dataconnect.yaml in `c:\Users\MTG\Desktop\v0.9.1\dataconnect`
 {"metadata":{"emulator":{"name":"dataconnect"},"message":"E0603 13:08:29.716563   27004 load.go:23] Could not load config from \"c:\\\\Users\\\\MTG\\\\Desktop\\\\v0.9.1\\\\dataconnect\": could not find dataconnect.yaml in `c:\\Users\\MTG\\Desktop\\v0.9.1\\dataconnect`\n"}}
[debug] [2025-06-03T10:08:39.729Z] E0603 13:08:39.730194   27004 load.go:23] Could not load config from "c:\\Users\\MTG\\Desktop\\v0.9.1\\dataconnect": could not find dataconnect.yaml in `c:\Users\MTG\Desktop\v0.9.1\dataconnect`
E0603 13:08:39.730194   27004 watch.go:76] watchAllDir unable to walk dir `c:\Users\MTG\Desktop\v0.9.1\dataconnect`: on path "c:\\Users\\MTG\\Desktop\\v0.9.1\\dataconnect" (DirEntry: <nil>): CreateFile c:\Users\MTG\Desktop\v0.9.1\dataconnect: The system cannot find the file specified.
 {"metadata":{"emulator":{"name":"dataconnect"},"message":"E0603 13:08:39.730194   27004 load.go:23] Could not load config from \"c:\\\\Users\\\\MTG\\\\Desktop\\\\v0.9.1\\\\dataconnect\": could not find dataconnect.yaml in `c:\\Users\\MTG\\Desktop\\v0.9.1\\dataconnect`\nE0603 13:08:39.730194   27004 watch.go:76] watchAllDir unable to walk dir `c:\\Users\\MTG\\Desktop\\v0.9.1\\dataconnect`: on path \"c:\\\\Users\\\\MTG\\\\Desktop\\\\v0.9.1\\\\dataconnect\" (DirEntry: <nil>): CreateFile c:\\Users\\MTG\\Desktop\\v0.9.1\\dataconnect: The system cannot find the file specified.\n"}}
[debug] [2025-06-03T10:08:49.717Z] E0603 13:08:49.717603   27004 load.go:23] Could not load config from "c:\\Users\\MTG\\Desktop\\v0.9.1\\dataconnect": could not find dataconnect.yaml in `c:\Users\MTG\Desktop\v0.9.1\dataconnect`
 {"metadata":{"emulator":{"name":"dataconnect"},"message":"E0603 13:08:49.717603   27004 load.go:23] Could not load config from \"c:\\\\Users\\\\MTG\\\\Desktop\\\\v0.9.1\\\\dataconnect\": could not find dataconnect.yaml in `c:\\Users\\MTG\\Desktop\\v0.9.1\\dataconnect`\n"}}
[debug] [2025-06-03T10:08:59.727Z] E0603 13:08:59.727628   27004 load.go:23] Could not load config from "c:\\Users\\MTG\\Desktop\\v0.9.1\\dataconnect": could not find dataconnect.yaml in `c:\Users\MTG\Desktop\v0.9.1\dataconnect`
 {"metadata":{"emulator":{"name":"dataconnect"},"message":"E0603 13:08:59.727628   27004 load.go:23] Could not load config from \"c:\\\\Users\\\\MTG\\\\Desktop\\\\v0.9.1\\\\dataconnect\": could not find dataconnect.yaml in `c:\\Users\\MTG\\Desktop\\v0.9.1\\dataconnect`\n"}}
[debug] [2025-06-03T10:09:09.718Z] E0603 13:09:09.719023   27004 load.go:23] Could not load config from "c:\\Users\\MTG\\Desktop\\v0.9.1\\dataconnect": could not find dataconnect.yaml in `c:\Users\MTG\Desktop\v0.9.1\dataconnect`
 {"metadata":{"emulator":{"name":"dataconnect"},"message":"E0603 13:09:09.719023   27004 load.go:23] Could not load config from \"c:\\\\Users\\\\MTG\\\\Desktop\\\\v0.9.1\\\\dataconnect\": could not find dataconnect.yaml in `c:\\Users\\MTG\\Desktop\\v0.9.1\\dataconnect`\n"}}
[debug] [2025-06-03T10:09:19.721Z] E0603 13:09:19.721949   27004 load.go:23] Could not load config from "c:\\Users\\MTG\\Desktop\\v0.9.1\\dataconnect": could not find dataconnect.yaml in `c:\Users\MTG\Desktop\v0.9.1\dataconnect`
 {"metadata":{"emulator":{"name":"dataconnect"},"message":"E0603 13:09:19.721949   27004 load.go:23] Could not load config from \"c:\\\\Users\\\\MTG\\\\Desktop\\\\v0.9.1\\\\dataconnect\": could not find dataconnect.yaml in `c:\\Users\\MTG\\Desktop\\v0.9.1\\dataconnect`\n"}}
[debug] [2025-06-03T10:09:29.718Z] E0603 13:09:29.718998   27004 load.go:23] Could not load config from "c:\\Users\\MTG\\Desktop\\v0.9.1\\dataconnect": could not find dataconnect.yaml in `c:\Users\MTG\Desktop\v0.9.1\dataconnect`
 {"metadata":{"emulator":{"name":"dataconnect"},"message":"E0603 13:09:29.718998   27004 load.go:23] Could not load config from \"c:\\\\Users\\\\MTG\\\\Desktop\\\\v0.9.1\\\\dataconnect\": could not find dataconnect.yaml in `c:\\Users\\MTG\\Desktop\\v0.9.1\\dataconnect`\n"}}
[debug] [2025-06-03T10:09:39.730Z] E0603 13:09:39.730308   27004 load.go:23] Could not load config from "c:\\Users\\MTG\\Desktop\\v0.9.1\\dataconnect": could not find dataconnect.yaml in `c:\Users\MTG\Desktop\v0.9.1\dataconnect`
 {"metadata":{"emulator":{"name":"dataconnect"},"message":"E0603 13:09:39.730308   27004 load.go:23] Could not load config from \"c:\\\\Users\\\\MTG\\\\Desktop\\\\v0.9.1\\\\dataconnect\": could not find dataconnect.yaml in `c:\\Users\\MTG\\Desktop\\v0.9.1\\dataconnect`\n"}}
[debug] [2025-06-03T10:09:49.726Z] E0603 13:09:49.726029   27004 load.go:23] Could not load config from "c:\\Users\\MTG\\Desktop\\v0.9.1\\dataconnect": could not find dataconnect.yaml in `c:\Users\MTG\Desktop\v0.9.1\dataconnect`
 {"metadata":{"emulator":{"name":"dataconnect"},"message":"E0603 13:09:49.726029   27004 load.go:23] Could not load config from \"c:\\\\Users\\\\MTG\\\\Desktop\\\\v0.9.1\\\\dataconnect\": could not find dataconnect.yaml in `c:\\Users\\MTG\\Desktop\\v0.9.1\\dataconnect`\n"}}
[debug] [2025-06-03T10:09:59.718Z] E0603 13:09:59.718885   27004 load.go:23] Could not load config from "c:\\Users\\MTG\\Desktop\\v0.9.1\\dataconnect": could not find dataconnect.yaml in `c:\Users\MTG\Desktop\v0.9.1\dataconnect`
 {"metadata":{"emulator":{"name":"dataconnect"},"message":"E0603 13:09:59.718885   27004 load.go:23] Could not load config from \"c:\\\\Users\\\\MTG\\\\Desktop\\\\v0.9.1\\\\dataconnect\": could not find dataconnect.yaml in `c:\\Users\\MTG\\Desktop\\v0.9.1\\dataconnect`\n"}}
[debug] [2025-06-03T10:10:09.719Z] E0603 13:10:09.719517   27004 load.go:23] Could not load config from "c:\\Users\\MTG\\Desktop\\v0.9.1\\dataconnect": could not find dataconnect.yaml in `c:\Users\MTG\Desktop\v0.9.1\dataconnect`
 {"metadata":{"emulator":{"name":"dataconnect"},"message":"E0603 13:10:09.719517   27004 load.go:23] Could not load config from \"c:\\\\Users\\\\MTG\\\\Desktop\\\\v0.9.1\\\\dataconnect\": could not find dataconnect.yaml in `c:\\Users\\MTG\\Desktop\\v0.9.1\\dataconnect`\n"}}
[debug] [2025-06-03T10:10:19.730Z] E0603 13:10:19.730216   27004 load.go:23] Could not load config from "c:\\Users\\MTG\\Desktop\\v0.9.1\\dataconnect": could not find dataconnect.yaml in `c:\Users\MTG\Desktop\v0.9.1\dataconnect`
 {"metadata":{"emulator":{"name":"dataconnect"},"message":"E0603 13:10:19.730216   27004 load.go:23] Could not load config from \"c:\\\\Users\\\\MTG\\\\Desktop\\\\v0.9.1\\\\dataconnect\": could not find dataconnect.yaml in `c:\\Users\\MTG\\Desktop\\v0.9.1\\dataconnect`\n"}}
[debug] [2025-06-03T10:10:29.718Z] E0603 13:10:29.718455   27004 load.go:23] Could not load config from "c:\\Users\\MTG\\Desktop\\v0.9.1\\dataconnect": could not find dataconnect.yaml in `c:\Users\MTG\Desktop\v0.9.1\dataconnect`
 {"metadata":{"emulator":{"name":"dataconnect"},"message":"E0603 13:10:29.718455   27004 load.go:23] Could not load config from \"c:\\\\Users\\\\MTG\\\\Desktop\\\\v0.9.1\\\\dataconnect\": could not find dataconnect.yaml in `c:\\Users\\MTG\\Desktop\\v0.9.1\\dataconnect`\n"}}
[debug] [2025-06-03T10:10:39.725Z] E0603 13:10:39.725008   27004 load.go:23] Could not load config from "c:\\Users\\MTG\\Desktop\\v0.9.1\\dataconnect": could not find dataconnect.yaml in `c:\Users\MTG\Desktop\v0.9.1\dataconnect`
E0603 13:10:39.725008   27004 watch.go:76] watchAllDir unable to walk dir `c:\Users\MTG\Desktop\v0.9.1\dataconnect`: on path "c:\\Users\\MTG\\Desktop\\v0.9.1\\dataconnect" (DirEntry: <nil>): CreateFile c:\Users\MTG\Desktop\v0.9.1\dataconnect: The system cannot find the file specified.
 {"metadata":{"emulator":{"name":"dataconnect"},"message":"E0603 13:10:39.725008   27004 load.go:23] Could not load config from \"c:\\\\Users\\\\MTG\\\\Desktop\\\\v0.9.1\\\\dataconnect\": could not find dataconnect.yaml in `c:\\Users\\MTG\\Desktop\\v0.9.1\\dataconnect`\nE0603 13:10:39.725008   27004 watch.go:76] watchAllDir unable to walk dir `c:\\Users\\MTG\\Desktop\\v0.9.1\\dataconnect`: on path \"c:\\\\Users\\\\MTG\\\\Desktop\\\\v0.9.1\\\\dataconnect\" (DirEntry: <nil>): CreateFile c:\\Users\\MTG\\Desktop\\v0.9.1\\dataconnect: The system cannot find the file specified.\n"}}
[debug] [2025-06-03T10:10:49.717Z] E0603 13:10:49.717076   27004 load.go:23] Could not load config from "c:\\Users\\MTG\\Desktop\\v0.9.1\\dataconnect": could not find dataconnect.yaml in `c:\Users\MTG\Desktop\v0.9.1\dataconnect`
 {"metadata":{"emulator":{"name":"dataconnect"},"message":"E0603 13:10:49.717076   27004 load.go:23] Could not load config from \"c:\\\\Users\\\\MTG\\\\Desktop\\\\v0.9.1\\\\dataconnect\": could not find dataconnect.yaml in `c:\\Users\\MTG\\Desktop\\v0.9.1\\dataconnect`\n"}}
[debug] [2025-06-03T10:10:59.718Z] E0603 13:10:59.718625   27004 load.go:23] Could not load config from "c:\\Users\\MTG\\Desktop\\v0.9.1\\dataconnect": could not find dataconnect.yaml in `c:\Users\MTG\Desktop\v0.9.1\dataconnect`
 {"metadata":{"emulator":{"name":"dataconnect"},"message":"E0603 13:10:59.718625   27004 load.go:23] Could not load config from \"c:\\\\Users\\\\MTG\\\\Desktop\\\\v0.9.1\\\\dataconnect\": could not find dataconnect.yaml in `c:\\Users\\MTG\\Desktop\\v0.9.1\\dataconnect`\n"}}
[debug] [2025-06-03T10:11:09.837Z] E0603 13:11:09.835777   27004 load.go:23] Could not load config from "c:\\Users\\MTG\\Desktop\\v0.9.1\\dataconnect": could not find dataconnect.yaml in `c:\Users\MTG\Desktop\v0.9.1\dataconnect`
 {"metadata":{"emulator":{"name":"dataconnect"},"message":"E0603 13:11:09.835777   27004 load.go:23] Could not load config from \"c:\\\\Users\\\\MTG\\\\Desktop\\\\v0.9.1\\\\dataconnect\": could not find dataconnect.yaml in `c:\\Users\\MTG\\Desktop\\v0.9.1\\dataconnect`\n"}}
[debug] [2025-06-03T10:11:19.718Z] E0603 13:11:19.717798   27004 load.go:23] Could not load config from "c:\\Users\\MTG\\Desktop\\v0.9.1\\dataconnect": could not find dataconnect.yaml in `c:\Users\MTG\Desktop\v0.9.1\dataconnect`
 {"metadata":{"emulator":{"name":"dataconnect"},"message":"E0603 13:11:19.717798   27004 load.go:23] Could not load config from \"c:\\\\Users\\\\MTG\\\\Desktop\\\\v0.9.1\\\\dataconnect\": could not find dataconnect.yaml in `c:\\Users\\MTG\\Desktop\\v0.9.1\\dataconnect`\n"}}
[debug] [2025-06-03T10:11:29.731Z] E0603 13:11:29.730503   27004 load.go:23] Could not load config from "c:\\Users\\MTG\\Desktop\\v0.9.1\\dataconnect": could not find dataconnect.yaml in `c:\Users\MTG\Desktop\v0.9.1\dataconnect`
 {"metadata":{"emulator":{"name":"dataconnect"},"message":"E0603 13:11:29.730503   27004 load.go:23] Could not load config from \"c:\\\\Users\\\\MTG\\\\Desktop\\\\v0.9.1\\\\dataconnect\": could not find dataconnect.yaml in `c:\\Users\\MTG\\Desktop\\v0.9.1\\dataconnect`\n"}}
[debug] [2025-06-03T10:11:39.719Z] E0603 13:11:39.719277   27004 load.go:23] Could not load config from "c:\\Users\\MTG\\Desktop\\v0.9.1\\dataconnect": could not find dataconnect.yaml in `c:\Users\MTG\Desktop\v0.9.1\dataconnect`
 {"metadata":{"emulator":{"name":"dataconnect"},"message":"E0603 13:11:39.719277   27004 load.go:23] Could not load config from \"c:\\\\Users\\\\MTG\\\\Desktop\\\\v0.9.1\\\\dataconnect\": could not find dataconnect.yaml in `c:\\Users\\MTG\\Desktop\\v0.9.1\\dataconnect`\n"}}
[debug] [2025-06-03T10:11:49.728Z] E0603 13:11:49.728998   27004 load.go:23] Could not load config from "c:\\Users\\MTG\\Desktop\\v0.9.1\\dataconnect": could not find dataconnect.yaml in `c:\Users\MTG\Desktop\v0.9.1\dataconnect`
 {"metadata":{"emulator":{"name":"dataconnect"},"message":"E0603 13:11:49.728998   27004 load.go:23] Could not load config from \"c:\\\\Users\\\\MTG\\\\Desktop\\\\v0.9.1\\\\dataconnect\": could not find dataconnect.yaml in `c:\\Users\\MTG\\Desktop\\v0.9.1\\dataconnect`\n"}}
[debug] [2025-06-03T10:11:59.725Z] E0603 13:11:59.725015   27004 load.go:23] Could not load config from "c:\\Users\\MTG\\Desktop\\v0.9.1\\dataconnect": could not find dataconnect.yaml in `c:\Users\MTG\Desktop\v0.9.1\dataconnect`
 {"metadata":{"emulator":{"name":"dataconnect"},"message":"E0603 13:11:59.725015   27004 load.go:23] Could not load config from \"c:\\\\Users\\\\MTG\\\\Desktop\\\\v0.9.1\\\\dataconnect\": could not find dataconnect.yaml in `c:\\Users\\MTG\\Desktop\\v0.9.1\\dataconnect`\n"}}
[debug] [2025-06-03T10:12:09.726Z] E0603 13:12:09.726403   27004 load.go:23] Could not load config from "c:\\Users\\MTG\\Desktop\\v0.9.1\\dataconnect": could not find dataconnect.yaml in `c:\Users\MTG\Desktop\v0.9.1\dataconnect`
 {"metadata":{"emulator":{"name":"dataconnect"},"message":"E0603 13:12:09.726403   27004 load.go:23] Could not load config from \"c:\\\\Users\\\\MTG\\\\Desktop\\\\v0.9.1\\\\dataconnect\": could not find dataconnect.yaml in `c:\\Users\\MTG\\Desktop\\v0.9.1\\dataconnect`\n"}}
[debug] [2025-06-03T10:12:19.726Z] E0603 13:12:19.726159   27004 load.go:23] Could not load config from "c:\\Users\\MTG\\Desktop\\v0.9.1\\dataconnect": could not find dataconnect.yaml in `c:\Users\MTG\Desktop\v0.9.1\dataconnect`
 {"metadata":{"emulator":{"name":"dataconnect"},"message":"E0603 13:12:19.726159   27004 load.go:23] Could not load config from \"c:\\\\Users\\\\MTG\\\\Desktop\\\\v0.9.1\\\\dataconnect\": could not find dataconnect.yaml in `c:\\Users\\MTG\\Desktop\\v0.9.1\\dataconnect`\n"}}
[debug] [2025-06-03T10:12:29.727Z] E0603 13:12:29.726789   27004 load.go:23] Could not load config from "c:\\Users\\MTG\\Desktop\\v0.9.1\\dataconnect": could not find dataconnect.yaml in `c:\Users\MTG\Desktop\v0.9.1\dataconnect`
 {"metadata":{"emulator":{"name":"dataconnect"},"message":"E0603 13:12:29.726789   27004 load.go:23] Could not load config from \"c:\\\\Users\\\\MTG\\\\Desktop\\\\v0.9.1\\\\dataconnect\": could not find dataconnect.yaml in `c:\\Users\\MTG\\Desktop\\v0.9.1\\dataconnect`\n"}}
[debug] [2025-06-03T10:12:39.729Z] E0603 13:12:39.729084   27004 load.go:23] Could not load config from "c:\\Users\\MTG\\Desktop\\v0.9.1\\dataconnect": could not find dataconnect.yaml in `c:\Users\MTG\Desktop\v0.9.1\dataconnect`
E0603 13:12:39.729084   27004 watch.go:76] watchAllDir unable to walk dir `c:\Users\MTG\Desktop\v0.9.1\dataconnect`: on path "c:\\Users\\MTG\\Desktop\\v0.9.1\\dataconnect" (DirEntry: <nil>): CreateFile c:\Users\MTG\Desktop\v0.9.1\dataconnect: The system cannot find the file specified.
 {"metadata":{"emulator":{"name":"dataconnect"},"message":"E0603 13:12:39.729084   27004 load.go:23] Could not load config from \"c:\\\\Users\\\\MTG\\\\Desktop\\\\v0.9.1\\\\dataconnect\": could not find dataconnect.yaml in `c:\\Users\\MTG\\Desktop\\v0.9.1\\dataconnect`\nE0603 13:12:39.729084   27004 watch.go:76] watchAllDir unable to walk dir `c:\\Users\\MTG\\Desktop\\v0.9.1\\dataconnect`: on path \"c:\\\\Users\\\\MTG\\\\Desktop\\\\v0.9.1\\\\dataconnect\" (DirEntry: <nil>): CreateFile c:\\Users\\MTG\\Desktop\\v0.9.1\\dataconnect: The system cannot find the file specified.\n"}}
[debug] [2025-06-03T10:12:49.718Z] E0603 13:12:49.718641   27004 load.go:23] Could not load config from "c:\\Users\\MTG\\Desktop\\v0.9.1\\dataconnect": could not find dataconnect.yaml in `c:\Users\MTG\Desktop\v0.9.1\dataconnect`
 {"metadata":{"emulator":{"name":"dataconnect"},"message":"E0603 13:12:49.718641   27004 load.go:23] Could not load config from \"c:\\\\Users\\\\MTG\\\\Desktop\\\\v0.9.1\\\\dataconnect\": could not find dataconnect.yaml in `c:\\Users\\MTG\\Desktop\\v0.9.1\\dataconnect`\n"}}
[debug] [2025-06-03T10:12:59.723Z] E0603 13:12:59.723186   27004 load.go:23] Could not load config from "c:\\Users\\MTG\\Desktop\\v0.9.1\\dataconnect": could not find dataconnect.yaml in `c:\Users\MTG\Desktop\v0.9.1\dataconnect`
 {"metadata":{"emulator":{"name":"dataconnect"},"message":"E0603 13:12:59.723186   27004 load.go:23] Could not load config from \"c:\\\\Users\\\\MTG\\\\Desktop\\\\v0.9.1\\\\dataconnect\": could not find dataconnect.yaml in `c:\\Users\\MTG\\Desktop\\v0.9.1\\dataconnect`\n"}}
[debug] [2025-06-03T10:13:09.717Z] E0603 13:13:09.717753   27004 load.go:23] Could not load config from "c:\\Users\\MTG\\Desktop\\v0.9.1\\dataconnect": could not find dataconnect.yaml in `c:\Users\MTG\Desktop\v0.9.1\dataconnect`
 {"metadata":{"emulator":{"name":"dataconnect"},"message":"E0603 13:13:09.717753   27004 load.go:23] Could not load config from \"c:\\\\Users\\\\MTG\\\\Desktop\\\\v0.9.1\\\\dataconnect\": could not find dataconnect.yaml in `c:\\Users\\MTG\\Desktop\\v0.9.1\\dataconnect`\n"}}
[debug] [2025-06-03T10:13:19.722Z] E0603 13:13:19.722043   27004 load.go:23] Could not load config from "c:\\Users\\MTG\\Desktop\\v0.9.1\\dataconnect": could not find dataconnect.yaml in `c:\Users\MTG\Desktop\v0.9.1\dataconnect`
 {"metadata":{"emulator":{"name":"dataconnect"},"message":"E0603 13:13:19.722043   27004 load.go:23] Could not load config from \"c:\\\\Users\\\\MTG\\\\Desktop\\\\v0.9.1\\\\dataconnect\": could not find dataconnect.yaml in `c:\\Users\\MTG\\Desktop\\v0.9.1\\dataconnect`\n"}}
[debug] [2025-06-03T10:13:29.723Z] E0603 13:13:29.723416   27004 load.go:23] Could not load config from "c:\\Users\\MTG\\Desktop\\v0.9.1\\dataconnect": could not find dataconnect.yaml in `c:\Users\MTG\Desktop\v0.9.1\dataconnect`
 {"metadata":{"emulator":{"name":"dataconnect"},"message":"E0603 13:13:29.723416   27004 load.go:23] Could not load config from \"c:\\\\Users\\\\MTG\\\\Desktop\\\\v0.9.1\\\\dataconnect\": could not find dataconnect.yaml in `c:\\Users\\MTG\\Desktop\\v0.9.1\\dataconnect`\n"}}
[debug] [2025-06-03T10:13:39.717Z] E0603 13:13:39.717085   27004 load.go:23] Could not load config from "c:\\Users\\MTG\\Desktop\\v0.9.1\\dataconnect": could not find dataconnect.yaml in `c:\Users\MTG\Desktop\v0.9.1\dataconnect`
 {"metadata":{"emulator":{"name":"dataconnect"},"message":"E0603 13:13:39.717085   27004 load.go:23] Could not load config from \"c:\\\\Users\\\\MTG\\\\Desktop\\\\v0.9.1\\\\dataconnect\": could not find dataconnect.yaml in `c:\\Users\\MTG\\Desktop\\v0.9.1\\dataconnect`\n"}}
[debug] [2025-06-03T10:13:49.728Z] E0603 13:13:49.728495   27004 load.go:23] Could not load config from "c:\\Users\\MTG\\Desktop\\v0.9.1\\dataconnect": could not find dataconnect.yaml in `c:\Users\MTG\Desktop\v0.9.1\dataconnect`
 {"metadata":{"emulator":{"name":"dataconnect"},"message":"E0603 13:13:49.728495   27004 load.go:23] Could not load config from \"c:\\\\Users\\\\MTG\\\\Desktop\\\\v0.9.1\\\\dataconnect\": could not find dataconnect.yaml in `c:\\Users\\MTG\\Desktop\\v0.9.1\\dataconnect`\n"}}
[debug] [2025-06-03T10:13:59.730Z] E0603 13:13:59.730656   27004 load.go:23] Could not load config from "c:\\Users\\MTG\\Desktop\\v0.9.1\\dataconnect": could not find dataconnect.yaml in `c:\Users\MTG\Desktop\v0.9.1\dataconnect`
 {"metadata":{"emulator":{"name":"dataconnect"},"message":"E0603 13:13:59.730656   27004 load.go:23] Could not load config from \"c:\\\\Users\\\\MTG\\\\Desktop\\\\v0.9.1\\\\dataconnect\": could not find dataconnect.yaml in `c:\\Users\\MTG\\Desktop\\v0.9.1\\dataconnect`\n"}}
[debug] [2025-06-03T10:14:09.730Z] E0603 13:14:09.730934   27004 load.go:23] Could not load config from "c:\\Users\\MTG\\Desktop\\v0.9.1\\dataconnect": could not find dataconnect.yaml in `c:\Users\MTG\Desktop\v0.9.1\dataconnect`
 {"metadata":{"emulator":{"name":"dataconnect"},"message":"E0603 13:14:09.730934   27004 load.go:23] Could not load config from \"c:\\\\Users\\\\MTG\\\\Desktop\\\\v0.9.1\\\\dataconnect\": could not find dataconnect.yaml in `c:\\Users\\MTG\\Desktop\\v0.9.1\\dataconnect`\n"}}
[debug] [2025-06-03T10:14:19.729Z] E0603 13:14:19.729379   27004 load.go:23] Could not load config from "c:\\Users\\MTG\\Desktop\\v0.9.1\\dataconnect": could not find dataconnect.yaml in `c:\Users\MTG\Desktop\v0.9.1\dataconnect`
 {"metadata":{"emulator":{"name":"dataconnect"},"message":"E0603 13:14:19.729379   27004 load.go:23] Could not load config from \"c:\\\\Users\\\\MTG\\\\Desktop\\\\v0.9.1\\\\dataconnect\": could not find dataconnect.yaml in `c:\\Users\\MTG\\Desktop\\v0.9.1\\dataconnect`\n"}}
[debug] [2025-06-03T10:14:29.721Z] E0603 13:14:29.721599   27004 load.go:23] Could not load config from "c:\\Users\\MTG\\Desktop\\v0.9.1\\dataconnect": could not find dataconnect.yaml in `c:\Users\MTG\Desktop\v0.9.1\dataconnect`
 {"metadata":{"emulator":{"name":"dataconnect"},"message":"E0603 13:14:29.721599   27004 load.go:23] Could not load config from \"c:\\\\Users\\\\MTG\\\\Desktop\\\\v0.9.1\\\\dataconnect\": could not find dataconnect.yaml in `c:\\Users\\MTG\\Desktop\\v0.9.1\\dataconnect`\n"}}
[debug] [2025-06-03T10:14:39.731Z] E0603 13:14:39.731588   27004 load.go:23] Could not load config from "c:\\Users\\MTG\\Desktop\\v0.9.1\\dataconnect": could not find dataconnect.yaml in `c:\Users\MTG\Desktop\v0.9.1\dataconnect`
 {"metadata":{"emulator":{"name":"dataconnect"},"message":"E0603 13:14:39.731588   27004 load.go:23] Could not load config from \"c:\\\\Users\\\\MTG\\\\Desktop\\\\v0.9.1\\\\dataconnect\": could not find dataconnect.yaml in `c:\\Users\\MTG\\Desktop\\v0.9.1\\dataconnect`\n"}}
[debug] [2025-06-03T10:14:39.732Z] E0603 13:14:39.732096   27004 watch.go:76] watchAllDir unable to walk dir `c:\Users\MTG\Desktop\v0.9.1\dataconnect`: on path "c:\\Users\\MTG\\Desktop\\v0.9.1\\dataconnect" (DirEntry: <nil>): CreateFile c:\Users\MTG\Desktop\v0.9.1\dataconnect: The system cannot find the file specified.
 {"metadata":{"emulator":{"name":"dataconnect"},"message":"E0603 13:14:39.732096   27004 watch.go:76] watchAllDir unable to walk dir `c:\\Users\\MTG\\Desktop\\v0.9.1\\dataconnect`: on path \"c:\\\\Users\\\\MTG\\\\Desktop\\\\v0.9.1\\\\dataconnect\" (DirEntry: <nil>): CreateFile c:\\Users\\MTG\\Desktop\\v0.9.1\\dataconnect: The system cannot find the file specified.\n"}}
[debug] [2025-06-03T10:14:49.719Z] E0603 13:14:49.719238   27004 load.go:23] Could not load config from "c:\\Users\\MTG\\Desktop\\v0.9.1\\dataconnect": could not find dataconnect.yaml in `c:\Users\MTG\Desktop\v0.9.1\dataconnect`
 {"metadata":{"emulator":{"name":"dataconnect"},"message":"E0603 13:14:49.719238   27004 load.go:23] Could not load config from \"c:\\\\Users\\\\MTG\\\\Desktop\\\\v0.9.1\\\\dataconnect\": could not find dataconnect.yaml in `c:\\Users\\MTG\\Desktop\\v0.9.1\\dataconnect`\n"}}
[debug] [2025-06-03T10:14:59.728Z] E0603 13:14:59.728440   27004 load.go:23] Could not load config from "c:\\Users\\MTG\\Desktop\\v0.9.1\\dataconnect": could not find dataconnect.yaml in `c:\Users\MTG\Desktop\v0.9.1\dataconnect`
 {"metadata":{"emulator":{"name":"dataconnect"},"message":"E0603 13:14:59.728440   27004 load.go:23] Could not load config from \"c:\\\\Users\\\\MTG\\\\Desktop\\\\v0.9.1\\\\dataconnect\": could not find dataconnect.yaml in `c:\\Users\\MTG\\Desktop\\v0.9.1\\dataconnect`\n"}}
[debug] [2025-06-03T10:15:09.726Z] E0603 13:15:09.726892   27004 load.go:23] Could not load config from "c:\\Users\\MTG\\Desktop\\v0.9.1\\dataconnect": could not find dataconnect.yaml in `c:\Users\MTG\Desktop\v0.9.1\dataconnect`
 {"metadata":{"emulator":{"name":"dataconnect"},"message":"E0603 13:15:09.726892   27004 load.go:23] Could not load config from \"c:\\\\Users\\\\MTG\\\\Desktop\\\\v0.9.1\\\\dataconnect\": could not find dataconnect.yaml in `c:\\Users\\MTG\\Desktop\\v0.9.1\\dataconnect`\n"}}
[debug] [2025-06-03T10:15:19.721Z] E0603 13:15:19.721364   27004 load.go:23] Could not load config from "c:\\Users\\MTG\\Desktop\\v0.9.1\\dataconnect": could not find dataconnect.yaml in `c:\Users\MTG\Desktop\v0.9.1\dataconnect`
 {"metadata":{"emulator":{"name":"dataconnect"},"message":"E0603 13:15:19.721364   27004 load.go:23] Could not load config from \"c:\\\\Users\\\\MTG\\\\Desktop\\\\v0.9.1\\\\dataconnect\": could not find dataconnect.yaml in `c:\\Users\\MTG\\Desktop\\v0.9.1\\dataconnect`\n"}}
[debug] [2025-06-03T10:15:29.720Z] E0603 13:15:29.720831   27004 load.go:23] Could not load config from "c:\\Users\\MTG\\Desktop\\v0.9.1\\dataconnect": could not find dataconnect.yaml in `c:\Users\MTG\Desktop\v0.9.1\dataconnect`
 {"metadata":{"emulator":{"name":"dataconnect"},"message":"E0603 13:15:29.720831   27004 load.go:23] Could not load config from \"c:\\\\Users\\\\MTG\\\\Desktop\\\\v0.9.1\\\\dataconnect\": could not find dataconnect.yaml in `c:\\Users\\MTG\\Desktop\\v0.9.1\\dataconnect`\n"}}
[debug] [2025-06-03T10:15:39.716Z] E0603 13:15:39.716943   27004 load.go:23] Could not load config from "c:\\Users\\MTG\\Desktop\\v0.9.1\\dataconnect": could not find dataconnect.yaml in `c:\Users\MTG\Desktop\v0.9.1\dataconnect`
 {"metadata":{"emulator":{"name":"dataconnect"},"message":"E0603 13:15:39.716943   27004 load.go:23] Could not load config from \"c:\\\\Users\\\\MTG\\\\Desktop\\\\v0.9.1\\\\dataconnect\": could not find dataconnect.yaml in `c:\\Users\\MTG\\Desktop\\v0.9.1\\dataconnect`\n"}}
[debug] [2025-06-03T10:15:49.739Z] E0603 13:15:49.738753   27004 load.go:23] Could not load config from "c:\\Users\\MTG\\Desktop\\v0.9.1\\dataconnect": could not find dataconnect.yaml in `c:\Users\MTG\Desktop\v0.9.1\dataconnect`
 {"metadata":{"emulator":{"name":"dataconnect"},"message":"E0603 13:15:49.738753   27004 load.go:23] Could not load config from \"c:\\\\Users\\\\MTG\\\\Desktop\\\\v0.9.1\\\\dataconnect\": could not find dataconnect.yaml in `c:\\Users\\MTG\\Desktop\\v0.9.1\\dataconnect`\n"}}
[debug] [2025-06-03T10:15:59.724Z] E0603 13:15:59.720100   27004 load.go:23] Could not load config from "c:\\Users\\MTG\\Desktop\\v0.9.1\\dataconnect": could not find dataconnect.yaml in `c:\Users\MTG\Desktop\v0.9.1\dataconnect`
 {"metadata":{"emulator":{"name":"dataconnect"},"message":"E0603 13:15:59.720100   27004 load.go:23] Could not load config from \"c:\\\\Users\\\\MTG\\\\Desktop\\\\v0.9.1\\\\dataconnect\": could not find dataconnect.yaml in `c:\\Users\\MTG\\Desktop\\v0.9.1\\dataconnect`\n"}}
[debug] [2025-06-03T10:16:09.717Z] E0603 13:16:09.718036   27004 load.go:23] Could not load config from "c:\\Users\\MTG\\Desktop\\v0.9.1\\dataconnect": could not find dataconnect.yaml in `c:\Users\MTG\Desktop\v0.9.1\dataconnect`
 {"metadata":{"emulator":{"name":"dataconnect"},"message":"E0603 13:16:09.718036   27004 load.go:23] Could not load config from \"c:\\\\Users\\\\MTG\\\\Desktop\\\\v0.9.1\\\\dataconnect\": could not find dataconnect.yaml in `c:\\Users\\MTG\\Desktop\\v0.9.1\\dataconnect`\n"}}
[debug] [2025-06-03T10:16:19.730Z] E0603 13:16:19.730484   27004 load.go:23] Could not load config from "c:\\Users\\MTG\\Desktop\\v0.9.1\\dataconnect": could not find dataconnect.yaml in `c:\Users\MTG\Desktop\v0.9.1\dataconnect`
 {"metadata":{"emulator":{"name":"dataconnect"},"message":"E0603 13:16:19.730484   27004 load.go:23] Could not load config from \"c:\\\\Users\\\\MTG\\\\Desktop\\\\v0.9.1\\\\dataconnect\": could not find dataconnect.yaml in `c:\\Users\\MTG\\Desktop\\v0.9.1\\dataconnect`\n"}}
[debug] [2025-06-03T10:16:29.718Z] E0603 13:16:29.718272   27004 load.go:23] Could not load config from "c:\\Users\\MTG\\Desktop\\v0.9.1\\dataconnect": could not find dataconnect.yaml in `c:\Users\MTG\Desktop\v0.9.1\dataconnect`
 {"metadata":{"emulator":{"name":"dataconnect"},"message":"E0603 13:16:29.718272   27004 load.go:23] Could not load config from \"c:\\\\Users\\\\MTG\\\\Desktop\\\\v0.9.1\\\\dataconnect\": could not find dataconnect.yaml in `c:\\Users\\MTG\\Desktop\\v0.9.1\\dataconnect`\n"}}
[debug] [2025-06-03T10:16:39.724Z] E0603 13:16:39.724145   27004 load.go:23] Could not load config from "c:\\Users\\MTG\\Desktop\\v0.9.1\\dataconnect": could not find dataconnect.yaml in `c:\Users\MTG\Desktop\v0.9.1\dataconnect`
 {"metadata":{"emulator":{"name":"dataconnect"},"message":"E0603 13:16:39.724145   27004 load.go:23] Could not load config from \"c:\\\\Users\\\\MTG\\\\Desktop\\\\v0.9.1\\\\dataconnect\": could not find dataconnect.yaml in `c:\\Users\\MTG\\Desktop\\v0.9.1\\dataconnect`\n"}}
[debug] [2025-06-03T10:16:39.725Z] E0603 13:16:39.724705   27004 watch.go:76] watchAllDir unable to walk dir `c:\Users\MTG\Desktop\v0.9.1\dataconnect`: on path "c:\\Users\\MTG\\Desktop\\v0.9.1\\dataconnect" (DirEntry: <nil>): CreateFile c:\Users\MTG\Desktop\v0.9.1\dataconnect: The system cannot find the file specified.
 {"metadata":{"emulator":{"name":"dataconnect"},"message":"E0603 13:16:39.724705   27004 watch.go:76] watchAllDir unable to walk dir `c:\\Users\\MTG\\Desktop\\v0.9.1\\dataconnect`: on path \"c:\\\\Users\\\\MTG\\\\Desktop\\\\v0.9.1\\\\dataconnect\" (DirEntry: <nil>): CreateFile c:\\Users\\MTG\\Desktop\\v0.9.1\\dataconnect: The system cannot find the file specified.\n"}}
[debug] [2025-06-03T10:16:49.726Z] E0603 13:16:49.726941   27004 load.go:23] Could not load config from "c:\\Users\\MTG\\Desktop\\v0.9.1\\dataconnect": could not find dataconnect.yaml in `c:\Users\MTG\Desktop\v0.9.1\dataconnect`
 {"metadata":{"emulator":{"name":"dataconnect"},"message":"E0603 13:16:49.726941   27004 load.go:23] Could not load config from \"c:\\\\Users\\\\MTG\\\\Desktop\\\\v0.9.1\\\\dataconnect\": could not find dataconnect.yaml in `c:\\Users\\MTG\\Desktop\\v0.9.1\\dataconnect`\n"}}
[debug] [2025-06-03T10:16:59.722Z] E0603 13:16:59.722676   27004 load.go:23] Could not load config from "c:\\Users\\MTG\\Desktop\\v0.9.1\\dataconnect": could not find dataconnect.yaml in `c:\Users\MTG\Desktop\v0.9.1\dataconnect`
 {"metadata":{"emulator":{"name":"dataconnect"},"message":"E0603 13:16:59.722676   27004 load.go:23] Could not load config from \"c:\\\\Users\\\\MTG\\\\Desktop\\\\v0.9.1\\\\dataconnect\": could not find dataconnect.yaml in `c:\\Users\\MTG\\Desktop\\v0.9.1\\dataconnect`\n"}}
[debug] [2025-06-03T10:17:09.717Z] E0603 13:17:09.718171   27004 load.go:23] Could not load config from "c:\\Users\\MTG\\Desktop\\v0.9.1\\dataconnect": could not find dataconnect.yaml in `c:\Users\MTG\Desktop\v0.9.1\dataconnect`
 {"metadata":{"emulator":{"name":"dataconnect"},"message":"E0603 13:17:09.718171   27004 load.go:23] Could not load config from \"c:\\\\Users\\\\MTG\\\\Desktop\\\\v0.9.1\\\\dataconnect\": could not find dataconnect.yaml in `c:\\Users\\MTG\\Desktop\\v0.9.1\\dataconnect`\n"}}
[debug] [2025-06-03T10:17:19.731Z] E0603 13:17:19.731413   27004 load.go:23] Could not load config from "c:\\Users\\MTG\\Desktop\\v0.9.1\\dataconnect": could not find dataconnect.yaml in `c:\Users\MTG\Desktop\v0.9.1\dataconnect`
 {"metadata":{"emulator":{"name":"dataconnect"},"message":"E0603 13:17:19.731413   27004 load.go:23] Could not load config from \"c:\\\\Users\\\\MTG\\\\Desktop\\\\v0.9.1\\\\dataconnect\": could not find dataconnect.yaml in `c:\\Users\\MTG\\Desktop\\v0.9.1\\dataconnect`\n"}}
[debug] [2025-06-03T10:17:29.722Z] E0603 13:17:29.721850   27004 load.go:23] Could not load config from "c:\\Users\\MTG\\Desktop\\v0.9.1\\dataconnect": could not find dataconnect.yaml in `c:\Users\MTG\Desktop\v0.9.1\dataconnect`
 {"metadata":{"emulator":{"name":"dataconnect"},"message":"E0603 13:17:29.721850   27004 load.go:23] Could not load config from \"c:\\\\Users\\\\MTG\\\\Desktop\\\\v0.9.1\\\\dataconnect\": could not find dataconnect.yaml in `c:\\Users\\MTG\\Desktop\\v0.9.1\\dataconnect`\n"}}
[debug] [2025-06-03T10:17:39.720Z] E0603 13:17:39.720448   27004 load.go:23] Could not load config from "c:\\Users\\MTG\\Desktop\\v0.9.1\\dataconnect": could not find dataconnect.yaml in `c:\Users\MTG\Desktop\v0.9.1\dataconnect`
 {"metadata":{"emulator":{"name":"dataconnect"},"message":"E0603 13:17:39.720448   27004 load.go:23] Could not load config from \"c:\\\\Users\\\\MTG\\\\Desktop\\\\v0.9.1\\\\dataconnect\": could not find dataconnect.yaml in `c:\\Users\\MTG\\Desktop\\v0.9.1\\dataconnect`\n"}}
[debug] [2025-06-03T10:17:49.725Z] E0603 13:17:49.725270   27004 load.go:23] Could not load config from "c:\\Users\\MTG\\Desktop\\v0.9.1\\dataconnect": could not find dataconnect.yaml in `c:\Users\MTG\Desktop\v0.9.1\dataconnect`
 {"metadata":{"emulator":{"name":"dataconnect"},"message":"E0603 13:17:49.725270   27004 load.go:23] Could not load config from \"c:\\\\Users\\\\MTG\\\\Desktop\\\\v0.9.1\\\\dataconnect\": could not find dataconnect.yaml in `c:\\Users\\MTG\\Desktop\\v0.9.1\\dataconnect`\n"}}
[debug] [2025-06-03T10:17:59.720Z] E0603 13:17:59.720013   27004 load.go:23] Could not load config from "c:\\Users\\MTG\\Desktop\\v0.9.1\\dataconnect": could not find dataconnect.yaml in `c:\Users\MTG\Desktop\v0.9.1\dataconnect`
 {"metadata":{"emulator":{"name":"dataconnect"},"message":"E0603 13:17:59.720013   27004 load.go:23] Could not load config from \"c:\\\\Users\\\\MTG\\\\Desktop\\\\v0.9.1\\\\dataconnect\": could not find dataconnect.yaml in `c:\\Users\\MTG\\Desktop\\v0.9.1\\dataconnect`\n"}}
[debug] [2025-06-03T10:18:09.727Z] E0603 13:18:09.727048   27004 load.go:23] Could not load config from "c:\\Users\\MTG\\Desktop\\v0.9.1\\dataconnect": could not find dataconnect.yaml in `c:\Users\MTG\Desktop\v0.9.1\dataconnect`
 {"metadata":{"emulator":{"name":"dataconnect"},"message":"E0603 13:18:09.727048   27004 load.go:23] Could not load config from \"c:\\\\Users\\\\MTG\\\\Desktop\\\\v0.9.1\\\\dataconnect\": could not find dataconnect.yaml in `c:\\Users\\MTG\\Desktop\\v0.9.1\\dataconnect`\n"}}
[debug] [2025-06-03T10:18:19.729Z] E0603 13:18:19.729635   27004 load.go:23] Could not load config from "c:\\Users\\MTG\\Desktop\\v0.9.1\\dataconnect": could not find dataconnect.yaml in `c:\Users\MTG\Desktop\v0.9.1\dataconnect`
 {"metadata":{"emulator":{"name":"dataconnect"},"message":"E0603 13:18:19.729635   27004 load.go:23] Could not load config from \"c:\\\\Users\\\\MTG\\\\Desktop\\\\v0.9.1\\\\dataconnect\": could not find dataconnect.yaml in `c:\\Users\\MTG\\Desktop\\v0.9.1\\dataconnect`\n"}}
[debug] [2025-06-03T10:18:29.723Z] E0603 13:18:29.723484   27004 load.go:23] Could not load config from "c:\\Users\\MTG\\Desktop\\v0.9.1\\dataconnect": could not find dataconnect.yaml in `c:\Users\MTG\Desktop\v0.9.1\dataconnect`
 {"metadata":{"emulator":{"name":"dataconnect"},"message":"E0603 13:18:29.723484   27004 load.go:23] Could not load config from \"c:\\\\Users\\\\MTG\\\\Desktop\\\\v0.9.1\\\\dataconnect\": could not find dataconnect.yaml in `c:\\Users\\MTG\\Desktop\\v0.9.1\\dataconnect`\n"}}
[debug] [2025-06-03T10:18:39.728Z] E0603 13:18:39.728891   27004 load.go:23] Could not load config from "c:\\Users\\MTG\\Desktop\\v0.9.1\\dataconnect": could not find dataconnect.yaml in `c:\Users\MTG\Desktop\v0.9.1\dataconnect`
 {"metadata":{"emulator":{"name":"dataconnect"},"message":"E0603 13:18:39.728891   27004 load.go:23] Could not load config from \"c:\\\\Users\\\\MTG\\\\Desktop\\\\v0.9.1\\\\dataconnect\": could not find dataconnect.yaml in `c:\\Users\\MTG\\Desktop\\v0.9.1\\dataconnect`\n"}}
[debug] [2025-06-03T10:18:39.729Z] E0603 13:18:39.728891   27004 watch.go:76] watchAllDir unable to walk dir `c:\Users\MTG\Desktop\v0.9.1\dataconnect`: on path "c:\\Users\\MTG\\Desktop\\v0.9.1\\dataconnect" (DirEntry: <nil>): CreateFile c:\Users\MTG\Desktop\v0.9.1\dataconnect: The system cannot find the file specified.
 {"metadata":{"emulator":{"name":"dataconnect"},"message":"E0603 13:18:39.728891   27004 watch.go:76] watchAllDir unable to walk dir `c:\\Users\\MTG\\Desktop\\v0.9.1\\dataconnect`: on path \"c:\\\\Users\\\\MTG\\\\Desktop\\\\v0.9.1\\\\dataconnect\" (DirEntry: <nil>): CreateFile c:\\Users\\MTG\\Desktop\\v0.9.1\\dataconnect: The system cannot find the file specified.\n"}}
[debug] [2025-06-03T10:18:49.724Z] E0603 13:18:49.724553   27004 load.go:23] Could not load config from "c:\\Users\\MTG\\Desktop\\v0.9.1\\dataconnect": could not find dataconnect.yaml in `c:\Users\MTG\Desktop\v0.9.1\dataconnect`
 {"metadata":{"emulator":{"name":"dataconnect"},"message":"E0603 13:18:49.724553   27004 load.go:23] Could not load config from \"c:\\\\Users\\\\MTG\\\\Desktop\\\\v0.9.1\\\\dataconnect\": could not find dataconnect.yaml in `c:\\Users\\MTG\\Desktop\\v0.9.1\\dataconnect`\n"}}
[debug] [2025-06-03T10:18:59.725Z] E0603 13:18:59.725986   27004 load.go:23] Could not load config from "c:\\Users\\MTG\\Desktop\\v0.9.1\\dataconnect": could not find dataconnect.yaml in `c:\Users\MTG\Desktop\v0.9.1\dataconnect`
 {"metadata":{"emulator":{"name":"dataconnect"},"message":"E0603 13:18:59.725986   27004 load.go:23] Could not load config from \"c:\\\\Users\\\\MTG\\\\Desktop\\\\v0.9.1\\\\dataconnect\": could not find dataconnect.yaml in `c:\\Users\\MTG\\Desktop\\v0.9.1\\dataconnect`\n"}}
[debug] [2025-06-03T10:19:09.722Z] E0603 13:19:09.722983   27004 load.go:23] Could not load config from "c:\\Users\\MTG\\Desktop\\v0.9.1\\dataconnect": could not find dataconnect.yaml in `c:\Users\MTG\Desktop\v0.9.1\dataconnect`
 {"metadata":{"emulator":{"name":"dataconnect"},"message":"E0603 13:19:09.722983   27004 load.go:23] Could not load config from \"c:\\\\Users\\\\MTG\\\\Desktop\\\\v0.9.1\\\\dataconnect\": could not find dataconnect.yaml in `c:\\Users\\MTG\\Desktop\\v0.9.1\\dataconnect`\n"}}
[debug] [2025-06-03T10:19:19.756Z] E0603 13:19:19.756140   27004 load.go:23] Could not load config from "c:\\Users\\MTG\\Desktop\\v0.9.1\\dataconnect": could not find dataconnect.yaml in `c:\Users\MTG\Desktop\v0.9.1\dataconnect`
 {"metadata":{"emulator":{"name":"dataconnect"},"message":"E0603 13:19:19.756140   27004 load.go:23] Could not load config from \"c:\\\\Users\\\\MTG\\\\Desktop\\\\v0.9.1\\\\dataconnect\": could not find dataconnect.yaml in `c:\\Users\\MTG\\Desktop\\v0.9.1\\dataconnect`\n"}}
[debug] [2025-06-03T10:19:29.723Z] E0603 13:19:29.723379   27004 load.go:23] Could not load config from "c:\\Users\\MTG\\Desktop\\v0.9.1\\dataconnect": could not find dataconnect.yaml in `c:\Users\MTG\Desktop\v0.9.1\dataconnect`
 {"metadata":{"emulator":{"name":"dataconnect"},"message":"E0603 13:19:29.723379   27004 load.go:23] Could not load config from \"c:\\\\Users\\\\MTG\\\\Desktop\\\\v0.9.1\\\\dataconnect\": could not find dataconnect.yaml in `c:\\Users\\MTG\\Desktop\\v0.9.1\\dataconnect`\n"}}
[debug] [2025-06-03T10:19:39.723Z] E0603 13:19:39.723485   27004 load.go:23] Could not load config from "c:\\Users\\MTG\\Desktop\\v0.9.1\\dataconnect": could not find dataconnect.yaml in `c:\Users\MTG\Desktop\v0.9.1\dataconnect`
 {"metadata":{"emulator":{"name":"dataconnect"},"message":"E0603 13:19:39.723485   27004 load.go:23] Could not load config from \"c:\\\\Users\\\\MTG\\\\Desktop\\\\v0.9.1\\\\dataconnect\": could not find dataconnect.yaml in `c:\\Users\\MTG\\Desktop\\v0.9.1\\dataconnect`\n"}}
[debug] [2025-06-03T10:19:49.729Z] E0603 13:19:49.729950   27004 load.go:23] Could not load config from "c:\\Users\\MTG\\Desktop\\v0.9.1\\dataconnect": could not find dataconnect.yaml in `c:\Users\MTG\Desktop\v0.9.1\dataconnect`
 {"metadata":{"emulator":{"name":"dataconnect"},"message":"E0603 13:19:49.729950   27004 load.go:23] Could not load config from \"c:\\\\Users\\\\MTG\\\\Desktop\\\\v0.9.1\\\\dataconnect\": could not find dataconnect.yaml in `c:\\Users\\MTG\\Desktop\\v0.9.1\\dataconnect`\n"}}
[debug] [2025-06-03T10:19:59.721Z] E0603 13:19:59.721660   27004 load.go:23] Could not load config from "c:\\Users\\MTG\\Desktop\\v0.9.1\\dataconnect": could not find dataconnect.yaml in `c:\Users\MTG\Desktop\v0.9.1\dataconnect`
 {"metadata":{"emulator":{"name":"dataconnect"},"message":"E0603 13:19:59.721660   27004 load.go:23] Could not load config from \"c:\\\\Users\\\\MTG\\\\Desktop\\\\v0.9.1\\\\dataconnect\": could not find dataconnect.yaml in `c:\\Users\\MTG\\Desktop\\v0.9.1\\dataconnect`\n"}}
[debug] [2025-06-03T10:20:09.720Z] E0603 13:20:09.720789   27004 load.go:23] Could not load config from "c:\\Users\\MTG\\Desktop\\v0.9.1\\dataconnect": could not find dataconnect.yaml in `c:\Users\MTG\Desktop\v0.9.1\dataconnect`
 {"metadata":{"emulator":{"name":"dataconnect"},"message":"E0603 13:20:09.720789   27004 load.go:23] Could not load config from \"c:\\\\Users\\\\MTG\\\\Desktop\\\\v0.9.1\\\\dataconnect\": could not find dataconnect.yaml in `c:\\Users\\MTG\\Desktop\\v0.9.1\\dataconnect`\n"}}
[debug] [2025-06-03T10:20:19.726Z] E0603 13:20:19.725996   27004 load.go:23] Could not load config from "c:\\Users\\MTG\\Desktop\\v0.9.1\\dataconnect": could not find dataconnect.yaml in `c:\Users\MTG\Desktop\v0.9.1\dataconnect`
 {"metadata":{"emulator":{"name":"dataconnect"},"message":"E0603 13:20:19.725996   27004 load.go:23] Could not load config from \"c:\\\\Users\\\\MTG\\\\Desktop\\\\v0.9.1\\\\dataconnect\": could not find dataconnect.yaml in `c:\\Users\\MTG\\Desktop\\v0.9.1\\dataconnect`\n"}}
[debug] [2025-06-03T10:20:29.726Z] E0603 13:20:29.726873   27004 load.go:23] Could not load config from "c:\\Users\\MTG\\Desktop\\v0.9.1\\dataconnect": could not find dataconnect.yaml in `c:\Users\MTG\Desktop\v0.9.1\dataconnect`
 {"metadata":{"emulator":{"name":"dataconnect"},"message":"E0603 13:20:29.726873   27004 load.go:23] Could not load config from \"c:\\\\Users\\\\MTG\\\\Desktop\\\\v0.9.1\\\\dataconnect\": could not find dataconnect.yaml in `c:\\Users\\MTG\\Desktop\\v0.9.1\\dataconnect`\n"}}
[debug] [2025-06-03T10:20:39.731Z] E0603 13:20:39.731177   27004 load.go:23] Could not load config from "c:\\Users\\MTG\\Desktop\\v0.9.1\\dataconnect": could not find dataconnect.yaml in `c:\Users\MTG\Desktop\v0.9.1\dataconnect`
E0603 13:20:39.731177   27004 watch.go:76] watchAllDir unable to walk dir `c:\Users\MTG\Desktop\v0.9.1\dataconnect`: on path "c:\\Users\\MTG\\Desktop\\v0.9.1\\dataconnect" (DirEntry: <nil>): CreateFile c:\Users\MTG\Desktop\v0.9.1\dataconnect: The system cannot find the file specified.
 {"metadata":{"emulator":{"name":"dataconnect"},"message":"E0603 13:20:39.731177   27004 load.go:23] Could not load config from \"c:\\\\Users\\\\MTG\\\\Desktop\\\\v0.9.1\\\\dataconnect\": could not find dataconnect.yaml in `c:\\Users\\MTG\\Desktop\\v0.9.1\\dataconnect`\nE0603 13:20:39.731177   27004 watch.go:76] watchAllDir unable to walk dir `c:\\Users\\MTG\\Desktop\\v0.9.1\\dataconnect`: on path \"c:\\\\Users\\\\MTG\\\\Desktop\\\\v0.9.1\\\\dataconnect\" (DirEntry: <nil>): CreateFile c:\\Users\\MTG\\Desktop\\v0.9.1\\dataconnect: The system cannot find the file specified.\n"}}
[debug] [2025-06-03T10:20:49.729Z] E0603 13:20:49.729826   27004 load.go:23] Could not load config from "c:\\Users\\MTG\\Desktop\\v0.9.1\\dataconnect": could not find dataconnect.yaml in `c:\Users\MTG\Desktop\v0.9.1\dataconnect`
 {"metadata":{"emulator":{"name":"dataconnect"},"message":"E0603 13:20:49.729826   27004 load.go:23] Could not load config from \"c:\\\\Users\\\\MTG\\\\Desktop\\\\v0.9.1\\\\dataconnect\": could not find dataconnect.yaml in `c:\\Users\\MTG\\Desktop\\v0.9.1\\dataconnect`\n"}}
[debug] [2025-06-03T10:20:59.727Z] E0603 13:20:59.727220   27004 load.go:23] Could not load config from "c:\\Users\\MTG\\Desktop\\v0.9.1\\dataconnect": could not find dataconnect.yaml in `c:\Users\MTG\Desktop\v0.9.1\dataconnect`
 {"metadata":{"emulator":{"name":"dataconnect"},"message":"E0603 13:20:59.727220   27004 load.go:23] Could not load config from \"c:\\\\Users\\\\MTG\\\\Desktop\\\\v0.9.1\\\\dataconnect\": could not find dataconnect.yaml in `c:\\Users\\MTG\\Desktop\\v0.9.1\\dataconnect`\n"}}
[debug] [2025-06-03T10:21:09.717Z] E0603 13:21:09.717902   27004 load.go:23] Could not load config from "c:\\Users\\MTG\\Desktop\\v0.9.1\\dataconnect": could not find dataconnect.yaml in `c:\Users\MTG\Desktop\v0.9.1\dataconnect`
 {"metadata":{"emulator":{"name":"dataconnect"},"message":"E0603 13:21:09.717902   27004 load.go:23] Could not load config from \"c:\\\\Users\\\\MTG\\\\Desktop\\\\v0.9.1\\\\dataconnect\": could not find dataconnect.yaml in `c:\\Users\\MTG\\Desktop\\v0.9.1\\dataconnect`\n"}}
[debug] [2025-06-03T10:21:19.719Z] E0603 13:21:19.719832   27004 load.go:23] Could not load config from "c:\\Users\\MTG\\Desktop\\v0.9.1\\dataconnect": could not find dataconnect.yaml in `c:\Users\MTG\Desktop\v0.9.1\dataconnect`
 {"metadata":{"emulator":{"name":"dataconnect"},"message":"E0603 13:21:19.719832   27004 load.go:23] Could not load config from \"c:\\\\Users\\\\MTG\\\\Desktop\\\\v0.9.1\\\\dataconnect\": could not find dataconnect.yaml in `c:\\Users\\MTG\\Desktop\\v0.9.1\\dataconnect`\n"}}
[debug] [2025-06-03T10:21:29.723Z] E0603 13:21:29.723444   27004 load.go:23] Could not load config from "c:\\Users\\MTG\\Desktop\\v0.9.1\\dataconnect": could not find dataconnect.yaml in `c:\Users\MTG\Desktop\v0.9.1\dataconnect`
 {"metadata":{"emulator":{"name":"dataconnect"},"message":"E0603 13:21:29.723444   27004 load.go:23] Could not load config from \"c:\\\\Users\\\\MTG\\\\Desktop\\\\v0.9.1\\\\dataconnect\": could not find dataconnect.yaml in `c:\\Users\\MTG\\Desktop\\v0.9.1\\dataconnect`\n"}}
[debug] [2025-06-03T10:21:39.730Z] E0603 13:21:39.730566   27004 load.go:23] Could not load config from "c:\\Users\\MTG\\Desktop\\v0.9.1\\dataconnect": could not find dataconnect.yaml in `c:\Users\MTG\Desktop\v0.9.1\dataconnect`
 {"metadata":{"emulator":{"name":"dataconnect"},"message":"E0603 13:21:39.730566   27004 load.go:23] Could not load config from \"c:\\\\Users\\\\MTG\\\\Desktop\\\\v0.9.1\\\\dataconnect\": could not find dataconnect.yaml in `c:\\Users\\MTG\\Desktop\\v0.9.1\\dataconnect`\n"}}
[debug] [2025-06-03T10:21:49.727Z] E0603 13:21:49.727893   27004 load.go:23] Could not load config from "c:\\Users\\MTG\\Desktop\\v0.9.1\\dataconnect": could not find dataconnect.yaml in `c:\Users\MTG\Desktop\v0.9.1\dataconnect`
 {"metadata":{"emulator":{"name":"dataconnect"},"message":"E0603 13:21:49.727893   27004 load.go:23] Could not load config from \"c:\\\\Users\\\\MTG\\\\Desktop\\\\v0.9.1\\\\dataconnect\": could not find dataconnect.yaml in `c:\\Users\\MTG\\Desktop\\v0.9.1\\dataconnect`\n"}}
[debug] [2025-06-03T10:21:59.717Z] E0603 13:21:59.717798   27004 load.go:23] Could not load config from "c:\\Users\\MTG\\Desktop\\v0.9.1\\dataconnect": could not find dataconnect.yaml in `c:\Users\MTG\Desktop\v0.9.1\dataconnect`
 {"metadata":{"emulator":{"name":"dataconnect"},"message":"E0603 13:21:59.717798   27004 load.go:23] Could not load config from \"c:\\\\Users\\\\MTG\\\\Desktop\\\\v0.9.1\\\\dataconnect\": could not find dataconnect.yaml in `c:\\Users\\MTG\\Desktop\\v0.9.1\\dataconnect`\n"}}
[debug] [2025-06-03T10:22:09.726Z] E0603 13:22:09.726432   27004 load.go:23] Could not load config from "c:\\Users\\MTG\\Desktop\\v0.9.1\\dataconnect": could not find dataconnect.yaml in `c:\Users\MTG\Desktop\v0.9.1\dataconnect`
 {"metadata":{"emulator":{"name":"dataconnect"},"message":"E0603 13:22:09.726432   27004 load.go:23] Could not load config from \"c:\\\\Users\\\\MTG\\\\Desktop\\\\v0.9.1\\\\dataconnect\": could not find dataconnect.yaml in `c:\\Users\\MTG\\Desktop\\v0.9.1\\dataconnect`\n"}}
[debug] [2025-06-03T10:22:19.729Z] E0603 13:22:19.729585   27004 load.go:23] Could not load config from "c:\\Users\\MTG\\Desktop\\v0.9.1\\dataconnect": could not find dataconnect.yaml in `c:\Users\MTG\Desktop\v0.9.1\dataconnect`
 {"metadata":{"emulator":{"name":"dataconnect"},"message":"E0603 13:22:19.729585   27004 load.go:23] Could not load config from \"c:\\\\Users\\\\MTG\\\\Desktop\\\\v0.9.1\\\\dataconnect\": could not find dataconnect.yaml in `c:\\Users\\MTG\\Desktop\\v0.9.1\\dataconnect`\n"}}
[debug] [2025-06-03T10:22:29.720Z] E0603 13:22:29.720581   27004 load.go:23] Could not load config from "c:\\Users\\MTG\\Desktop\\v0.9.1\\dataconnect": could not find dataconnect.yaml in `c:\Users\MTG\Desktop\v0.9.1\dataconnect`
 {"metadata":{"emulator":{"name":"dataconnect"},"message":"E0603 13:22:29.720581   27004 load.go:23] Could not load config from \"c:\\\\Users\\\\MTG\\\\Desktop\\\\v0.9.1\\\\dataconnect\": could not find dataconnect.yaml in `c:\\Users\\MTG\\Desktop\\v0.9.1\\dataconnect`\n"}}
[debug] [2025-06-03T10:22:39.718Z] E0603 13:22:39.717860   27004 load.go:23] Could not load config from "c:\\Users\\MTG\\Desktop\\v0.9.1\\dataconnect": could not find dataconnect.yaml in `c:\Users\MTG\Desktop\v0.9.1\dataconnect`
 {"metadata":{"emulator":{"name":"dataconnect"},"message":"E0603 13:22:39.717860   27004 load.go:23] Could not load config from \"c:\\\\Users\\\\MTG\\\\Desktop\\\\v0.9.1\\\\dataconnect\": could not find dataconnect.yaml in `c:\\Users\\MTG\\Desktop\\v0.9.1\\dataconnect`\n"}}
[debug] [2025-06-03T10:22:39.718Z] E0603 13:22:39.718363   27004 watch.go:76] watchAllDir unable to walk dir `c:\Users\MTG\Desktop\v0.9.1\dataconnect`: on path "c:\\Users\\MTG\\Desktop\\v0.9.1\\dataconnect" (DirEntry: <nil>): CreateFile c:\Users\MTG\Desktop\v0.9.1\dataconnect: The system cannot find the file specified.
 {"metadata":{"emulator":{"name":"dataconnect"},"message":"E0603 13:22:39.718363   27004 watch.go:76] watchAllDir unable to walk dir `c:\\Users\\MTG\\Desktop\\v0.9.1\\dataconnect`: on path \"c:\\\\Users\\\\MTG\\\\Desktop\\\\v0.9.1\\\\dataconnect\" (DirEntry: <nil>): CreateFile c:\\Users\\MTG\\Desktop\\v0.9.1\\dataconnect: The system cannot find the file specified.\n"}}
[debug] [2025-06-03T10:22:49.723Z] E0603 13:22:49.723868   27004 load.go:23] Could not load config from "c:\\Users\\MTG\\Desktop\\v0.9.1\\dataconnect": could not find dataconnect.yaml in `c:\Users\MTG\Desktop\v0.9.1\dataconnect`
 {"metadata":{"emulator":{"name":"dataconnect"},"message":"E0603 13:22:49.723868   27004 load.go:23] Could not load config from \"c:\\\\Users\\\\MTG\\\\Desktop\\\\v0.9.1\\\\dataconnect\": could not find dataconnect.yaml in `c:\\Users\\MTG\\Desktop\\v0.9.1\\dataconnect`\n"}}
[debug] [2025-06-03T10:22:59.721Z] E0603 13:22:59.720950   27004 load.go:23] Could not load config from "c:\\Users\\MTG\\Desktop\\v0.9.1\\dataconnect": could not find dataconnect.yaml in `c:\Users\MTG\Desktop\v0.9.1\dataconnect`
 {"metadata":{"emulator":{"name":"dataconnect"},"message":"E0603 13:22:59.720950   27004 load.go:23] Could not load config from \"c:\\\\Users\\\\MTG\\\\Desktop\\\\v0.9.1\\\\dataconnect\": could not find dataconnect.yaml in `c:\\Users\\MTG\\Desktop\\v0.9.1\\dataconnect`\n"}}
[debug] [2025-06-03T10:23:09.722Z] E0603 13:23:09.722466   27004 load.go:23] Could not load config from "c:\\Users\\MTG\\Desktop\\v0.9.1\\dataconnect": could not find dataconnect.yaml in `c:\Users\MTG\Desktop\v0.9.1\dataconnect`
 {"metadata":{"emulator":{"name":"dataconnect"},"message":"E0603 13:23:09.722466   27004 load.go:23] Could not load config from \"c:\\\\Users\\\\MTG\\\\Desktop\\\\v0.9.1\\\\dataconnect\": could not find dataconnect.yaml in `c:\\Users\\MTG\\Desktop\\v0.9.1\\dataconnect`\n"}}
[debug] [2025-06-03T10:23:19.727Z] E0603 13:23:19.728083   27004 load.go:23] Could not load config from "c:\\Users\\MTG\\Desktop\\v0.9.1\\dataconnect": could not find dataconnect.yaml in `c:\Users\MTG\Desktop\v0.9.1\dataconnect`
 {"metadata":{"emulator":{"name":"dataconnect"},"message":"E0603 13:23:19.728083   27004 load.go:23] Could not load config from \"c:\\\\Users\\\\MTG\\\\Desktop\\\\v0.9.1\\\\dataconnect\": could not find dataconnect.yaml in `c:\\Users\\MTG\\Desktop\\v0.9.1\\dataconnect`\n"}}
[debug] [2025-06-03T10:23:29.726Z] E0603 13:23:29.725810   27004 load.go:23] Could not load config from "c:\\Users\\MTG\\Desktop\\v0.9.1\\dataconnect": could not find dataconnect.yaml in `c:\Users\MTG\Desktop\v0.9.1\dataconnect`
 {"metadata":{"emulator":{"name":"dataconnect"},"message":"E0603 13:23:29.725810   27004 load.go:23] Could not load config from \"c:\\\\Users\\\\MTG\\\\Desktop\\\\v0.9.1\\\\dataconnect\": could not find dataconnect.yaml in `c:\\Users\\MTG\\Desktop\\v0.9.1\\dataconnect`\n"}}
[debug] [2025-06-03T10:23:39.731Z] E0603 13:23:39.731045   27004 load.go:23] Could not load config from "c:\\Users\\MTG\\Desktop\\v0.9.1\\dataconnect": could not find dataconnect.yaml in `c:\Users\MTG\Desktop\v0.9.1\dataconnect`
 {"metadata":{"emulator":{"name":"dataconnect"},"message":"E0603 13:23:39.731045   27004 load.go:23] Could not load config from \"c:\\\\Users\\\\MTG\\\\Desktop\\\\v0.9.1\\\\dataconnect\": could not find dataconnect.yaml in `c:\\Users\\MTG\\Desktop\\v0.9.1\\dataconnect`\n"}}
[debug] [2025-06-03T10:23:49.722Z] E0603 13:23:49.722198   27004 load.go:23] Could not load config from "c:\\Users\\MTG\\Desktop\\v0.9.1\\dataconnect": could not find dataconnect.yaml in `c:\Users\MTG\Desktop\v0.9.1\dataconnect`
 {"metadata":{"emulator":{"name":"dataconnect"},"message":"E0603 13:23:49.722198   27004 load.go:23] Could not load config from \"c:\\\\Users\\\\MTG\\\\Desktop\\\\v0.9.1\\\\dataconnect\": could not find dataconnect.yaml in `c:\\Users\\MTG\\Desktop\\v0.9.1\\dataconnect`\n"}}
[debug] [2025-06-03T10:23:59.728Z] E0603 13:23:59.728340   27004 load.go:23] Could not load config from "c:\\Users\\MTG\\Desktop\\v0.9.1\\dataconnect": could not find dataconnect.yaml in `c:\Users\MTG\Desktop\v0.9.1\dataconnect`
 {"metadata":{"emulator":{"name":"dataconnect"},"message":"E0603 13:23:59.728340   27004 load.go:23] Could not load config from \"c:\\\\Users\\\\MTG\\\\Desktop\\\\v0.9.1\\\\dataconnect\": could not find dataconnect.yaml in `c:\\Users\\MTG\\Desktop\\v0.9.1\\dataconnect`\n"}}
[debug] [2025-06-03T10:24:09.725Z] E0603 13:24:09.725922   27004 load.go:23] Could not load config from "c:\\Users\\MTG\\Desktop\\v0.9.1\\dataconnect": could not find dataconnect.yaml in `c:\Users\MTG\Desktop\v0.9.1\dataconnect`
 {"metadata":{"emulator":{"name":"dataconnect"},"message":"E0603 13:24:09.725922   27004 load.go:23] Could not load config from \"c:\\\\Users\\\\MTG\\\\Desktop\\\\v0.9.1\\\\dataconnect\": could not find dataconnect.yaml in `c:\\Users\\MTG\\Desktop\\v0.9.1\\dataconnect`\n"}}
[debug] [2025-06-03T10:24:19.730Z] E0603 13:24:19.730096   27004 load.go:23] Could not load config from "c:\\Users\\MTG\\Desktop\\v0.9.1\\dataconnect": could not find dataconnect.yaml in `c:\Users\MTG\Desktop\v0.9.1\dataconnect`
 {"metadata":{"emulator":{"name":"dataconnect"},"message":"E0603 13:24:19.730096   27004 load.go:23] Could not load config from \"c:\\\\Users\\\\MTG\\\\Desktop\\\\v0.9.1\\\\dataconnect\": could not find dataconnect.yaml in `c:\\Users\\MTG\\Desktop\\v0.9.1\\dataconnect`\n"}}
[debug] [2025-06-03T10:24:29.724Z] E0603 13:24:29.725090   27004 load.go:23] Could not load config from "c:\\Users\\MTG\\Desktop\\v0.9.1\\dataconnect": could not find dataconnect.yaml in `c:\Users\MTG\Desktop\v0.9.1\dataconnect`
 {"metadata":{"emulator":{"name":"dataconnect"},"message":"E0603 13:24:29.725090   27004 load.go:23] Could not load config from \"c:\\\\Users\\\\MTG\\\\Desktop\\\\v0.9.1\\\\dataconnect\": could not find dataconnect.yaml in `c:\\Users\\MTG\\Desktop\\v0.9.1\\dataconnect`\n"}}
[debug] [2025-06-03T10:24:39.722Z] E0603 13:24:39.722852   27004 load.go:23] Could not load config from "c:\\Users\\MTG\\Desktop\\v0.9.1\\dataconnect": could not find dataconnect.yaml in `c:\Users\MTG\Desktop\v0.9.1\dataconnect`
 {"metadata":{"emulator":{"name":"dataconnect"},"message":"E0603 13:24:39.722852   27004 load.go:23] Could not load config from \"c:\\\\Users\\\\MTG\\\\Desktop\\\\v0.9.1\\\\dataconnect\": could not find dataconnect.yaml in `c:\\Users\\MTG\\Desktop\\v0.9.1\\dataconnect`\n"}}
[debug] [2025-06-03T10:24:39.723Z] E0603 13:24:39.723601   27004 watch.go:76] watchAllDir unable to walk dir `c:\Users\MTG\Desktop\v0.9.1\dataconnect`: on path "c:\\Users\\MTG\\Desktop\\v0.9.1\\dataconnect" (DirEntry: <nil>): CreateFile c:\Users\MTG\Desktop\v0.9.1\dataconnect: The system cannot find the file specified.
 {"metadata":{"emulator":{"name":"dataconnect"},"message":"E0603 13:24:39.723601   27004 watch.go:76] watchAllDir unable to walk dir `c:\\Users\\MTG\\Desktop\\v0.9.1\\dataconnect`: on path \"c:\\\\Users\\\\MTG\\\\Desktop\\\\v0.9.1\\\\dataconnect\" (DirEntry: <nil>): CreateFile c:\\Users\\MTG\\Desktop\\v0.9.1\\dataconnect: The system cannot find the file specified.\n"}}
[debug] [2025-06-03T10:24:49.718Z] E0603 13:24:49.717923   27004 load.go:23] Could not load config from "c:\\Users\\MTG\\Desktop\\v0.9.1\\dataconnect": could not find dataconnect.yaml in `c:\Users\MTG\Desktop\v0.9.1\dataconnect`
 {"metadata":{"emulator":{"name":"dataconnect"},"message":"E0603 13:24:49.717923   27004 load.go:23] Could not load config from \"c:\\\\Users\\\\MTG\\\\Desktop\\\\v0.9.1\\\\dataconnect\": could not find dataconnect.yaml in `c:\\Users\\MTG\\Desktop\\v0.9.1\\dataconnect`\n"}}
[debug] [2025-06-03T10:24:59.716Z] E0603 13:24:59.716784   27004 load.go:23] Could not load config from "c:\\Users\\MTG\\Desktop\\v0.9.1\\dataconnect": could not find dataconnect.yaml in `c:\Users\MTG\Desktop\v0.9.1\dataconnect`
 {"metadata":{"emulator":{"name":"dataconnect"},"message":"E0603 13:24:59.716784   27004 load.go:23] Could not load config from \"c:\\\\Users\\\\MTG\\\\Desktop\\\\v0.9.1\\\\dataconnect\": could not find dataconnect.yaml in `c:\\Users\\MTG\\Desktop\\v0.9.1\\dataconnect`\n"}}
[debug] [2025-06-03T10:25:09.724Z] E0603 13:25:09.724344   27004 load.go:23] Could not load config from "c:\\Users\\MTG\\Desktop\\v0.9.1\\dataconnect": could not find dataconnect.yaml in `c:\Users\MTG\Desktop\v0.9.1\dataconnect`
 {"metadata":{"emulator":{"name":"dataconnect"},"message":"E0603 13:25:09.724344   27004 load.go:23] Could not load config from \"c:\\\\Users\\\\MTG\\\\Desktop\\\\v0.9.1\\\\dataconnect\": could not find dataconnect.yaml in `c:\\Users\\MTG\\Desktop\\v0.9.1\\dataconnect`\n"}}
[debug] [2025-06-03T10:25:19.726Z] E0603 13:25:19.726594   27004 load.go:23] Could not load config from "c:\\Users\\MTG\\Desktop\\v0.9.1\\dataconnect": could not find dataconnect.yaml in `c:\Users\MTG\Desktop\v0.9.1\dataconnect`
 {"metadata":{"emulator":{"name":"dataconnect"},"message":"E0603 13:25:19.726594   27004 load.go:23] Could not load config from \"c:\\\\Users\\\\MTG\\\\Desktop\\\\v0.9.1\\\\dataconnect\": could not find dataconnect.yaml in `c:\\Users\\MTG\\Desktop\\v0.9.1\\dataconnect`\n"}}
[debug] [2025-06-03T10:25:29.717Z] E0603 13:25:29.717794   27004 load.go:23] Could not load config from "c:\\Users\\MTG\\Desktop\\v0.9.1\\dataconnect": could not find dataconnect.yaml in `c:\Users\MTG\Desktop\v0.9.1\dataconnect`
 {"metadata":{"emulator":{"name":"dataconnect"},"message":"E0603 13:25:29.717794   27004 load.go:23] Could not load config from \"c:\\\\Users\\\\MTG\\\\Desktop\\\\v0.9.1\\\\dataconnect\": could not find dataconnect.yaml in `c:\\Users\\MTG\\Desktop\\v0.9.1\\dataconnect`\n"}}
[debug] [2025-06-03T10:25:39.736Z] E0603 13:25:39.730584   27004 load.go:23] Could not load config from "c:\\Users\\MTG\\Desktop\\v0.9.1\\dataconnect": could not find dataconnect.yaml in `c:\Users\MTG\Desktop\v0.9.1\dataconnect`
 {"metadata":{"emulator":{"name":"dataconnect"},"message":"E0603 13:25:39.730584   27004 load.go:23] Could not load config from \"c:\\\\Users\\\\MTG\\\\Desktop\\\\v0.9.1\\\\dataconnect\": could not find dataconnect.yaml in `c:\\Users\\MTG\\Desktop\\v0.9.1\\dataconnect`\n"}}
[debug] [2025-06-03T10:25:49.729Z] E0603 13:25:49.728763   27004 load.go:23] Could not load config from "c:\\Users\\MTG\\Desktop\\v0.9.1\\dataconnect": could not find dataconnect.yaml in `c:\Users\MTG\Desktop\v0.9.1\dataconnect`
 {"metadata":{"emulator":{"name":"dataconnect"},"message":"E0603 13:25:49.728763   27004 load.go:23] Could not load config from \"c:\\\\Users\\\\MTG\\\\Desktop\\\\v0.9.1\\\\dataconnect\": could not find dataconnect.yaml in `c:\\Users\\MTG\\Desktop\\v0.9.1\\dataconnect`\n"}}
[debug] [2025-06-03T10:25:59.727Z] E0603 13:25:59.726950   27004 load.go:23] Could not load config from "c:\\Users\\MTG\\Desktop\\v0.9.1\\dataconnect": could not find dataconnect.yaml in `c:\Users\MTG\Desktop\v0.9.1\dataconnect`
 {"metadata":{"emulator":{"name":"dataconnect"},"message":"E0603 13:25:59.726950   27004 load.go:23] Could not load config from \"c:\\\\Users\\\\MTG\\\\Desktop\\\\v0.9.1\\\\dataconnect\": could not find dataconnect.yaml in `c:\\Users\\MTG\\Desktop\\v0.9.1\\dataconnect`\n"}}
[debug] [2025-06-03T10:26:09.728Z] E0603 13:26:09.727735   27004 load.go:23] Could not load config from "c:\\Users\\MTG\\Desktop\\v0.9.1\\dataconnect": could not find dataconnect.yaml in `c:\Users\MTG\Desktop\v0.9.1\dataconnect`
 {"metadata":{"emulator":{"name":"dataconnect"},"message":"E0603 13:26:09.727735   27004 load.go:23] Could not load config from \"c:\\\\Users\\\\MTG\\\\Desktop\\\\v0.9.1\\\\dataconnect\": could not find dataconnect.yaml in `c:\\Users\\MTG\\Desktop\\v0.9.1\\dataconnect`\n"}}
[debug] [2025-06-03T10:26:19.721Z] E0603 13:26:19.721620   27004 load.go:23] Could not load config from "c:\\Users\\MTG\\Desktop\\v0.9.1\\dataconnect": could not find dataconnect.yaml in `c:\Users\MTG\Desktop\v0.9.1\dataconnect`
 {"metadata":{"emulator":{"name":"dataconnect"},"message":"E0603 13:26:19.721620   27004 load.go:23] Could not load config from \"c:\\\\Users\\\\MTG\\\\Desktop\\\\v0.9.1\\\\dataconnect\": could not find dataconnect.yaml in `c:\\Users\\MTG\\Desktop\\v0.9.1\\dataconnect`\n"}}
[debug] [2025-06-03T10:26:29.720Z] E0603 13:26:29.719733   27004 load.go:23] Could not load config from "c:\\Users\\MTG\\Desktop\\v0.9.1\\dataconnect": could not find dataconnect.yaml in `c:\Users\MTG\Desktop\v0.9.1\dataconnect`
 {"metadata":{"emulator":{"name":"dataconnect"},"message":"E0603 13:26:29.719733   27004 load.go:23] Could not load config from \"c:\\\\Users\\\\MTG\\\\Desktop\\\\v0.9.1\\\\dataconnect\": could not find dataconnect.yaml in `c:\\Users\\MTG\\Desktop\\v0.9.1\\dataconnect`\n"}}
[debug] [2025-06-03T10:26:39.722Z] E0603 13:26:39.722650   27004 load.go:23] Could not load config from "c:\\Users\\MTG\\Desktop\\v0.9.1\\dataconnect": could not find dataconnect.yaml in `c:\Users\MTG\Desktop\v0.9.1\dataconnect`
E0603 13:26:39.722650   27004 watch.go:76] watchAllDir unable to walk dir `c:\Users\MTG\Desktop\v0.9.1\dataconnect`: on path "c:\\Users\\MTG\\Desktop\\v0.9.1\\dataconnect" (DirEntry: <nil>): CreateFile c:\Users\MTG\Desktop\v0.9.1\dataconnect: The system cannot find the file specified.
 {"metadata":{"emulator":{"name":"dataconnect"},"message":"E0603 13:26:39.722650   27004 load.go:23] Could not load config from \"c:\\\\Users\\\\MTG\\\\Desktop\\\\v0.9.1\\\\dataconnect\": could not find dataconnect.yaml in `c:\\Users\\MTG\\Desktop\\v0.9.1\\dataconnect`\nE0603 13:26:39.722650   27004 watch.go:76] watchAllDir unable to walk dir `c:\\Users\\MTG\\Desktop\\v0.9.1\\dataconnect`: on path \"c:\\\\Users\\\\MTG\\\\Desktop\\\\v0.9.1\\\\dataconnect\" (DirEntry: <nil>): CreateFile c:\\Users\\MTG\\Desktop\\v0.9.1\\dataconnect: The system cannot find the file specified.\n"}}
[debug] [2025-06-03T10:26:49.723Z] E0603 13:26:49.723542   27004 load.go:23] Could not load config from "c:\\Users\\MTG\\Desktop\\v0.9.1\\dataconnect": could not find dataconnect.yaml in `c:\Users\MTG\Desktop\v0.9.1\dataconnect`
 {"metadata":{"emulator":{"name":"dataconnect"},"message":"E0603 13:26:49.723542   27004 load.go:23] Could not load config from \"c:\\\\Users\\\\MTG\\\\Desktop\\\\v0.9.1\\\\dataconnect\": could not find dataconnect.yaml in `c:\\Users\\MTG\\Desktop\\v0.9.1\\dataconnect`\n"}}
[debug] [2025-06-03T10:26:59.725Z] E0603 13:26:59.724606   27004 load.go:23] Could not load config from "c:\\Users\\MTG\\Desktop\\v0.9.1\\dataconnect": could not find dataconnect.yaml in `c:\Users\MTG\Desktop\v0.9.1\dataconnect`
 {"metadata":{"emulator":{"name":"dataconnect"},"message":"E0603 13:26:59.724606   27004 load.go:23] Could not load config from \"c:\\\\Users\\\\MTG\\\\Desktop\\\\v0.9.1\\\\dataconnect\": could not find dataconnect.yaml in `c:\\Users\\MTG\\Desktop\\v0.9.1\\dataconnect`\n"}}
[debug] [2025-06-03T10:27:09.717Z] E0603 13:27:09.716758   27004 load.go:23] Could not load config from "c:\\Users\\MTG\\Desktop\\v0.9.1\\dataconnect": could not find dataconnect.yaml in `c:\Users\MTG\Desktop\v0.9.1\dataconnect`
 {"metadata":{"emulator":{"name":"dataconnect"},"message":"E0603 13:27:09.716758   27004 load.go:23] Could not load config from \"c:\\\\Users\\\\MTG\\\\Desktop\\\\v0.9.1\\\\dataconnect\": could not find dataconnect.yaml in `c:\\Users\\MTG\\Desktop\\v0.9.1\\dataconnect`\n"}}
[debug] [2025-06-03T10:27:19.796Z] E0603 13:27:19.749601   27004 load.go:23] Could not load config from "c:\\Users\\MTG\\Desktop\\v0.9.1\\dataconnect": could not find dataconnect.yaml in `c:\Users\MTG\Desktop\v0.9.1\dataconnect`
 {"metadata":{"emulator":{"name":"dataconnect"},"message":"E0603 13:27:19.749601   27004 load.go:23] Could not load config from \"c:\\\\Users\\\\MTG\\\\Desktop\\\\v0.9.1\\\\dataconnect\": could not find dataconnect.yaml in `c:\\Users\\MTG\\Desktop\\v0.9.1\\dataconnect`\n"}}
[debug] [2025-06-03T10:27:29.919Z] E0603 13:27:29.734734   27004 load.go:23] Could not load config from "c:\\Users\\MTG\\Desktop\\v0.9.1\\dataconnect": could not find dataconnect.yaml in `c:\Users\MTG\Desktop\v0.9.1\dataconnect`
 {"metadata":{"emulator":{"name":"dataconnect"},"message":"E0603 13:27:29.734734   27004 load.go:23] Could not load config from \"c:\\\\Users\\\\MTG\\\\Desktop\\\\v0.9.1\\\\dataconnect\": could not find dataconnect.yaml in `c:\\Users\\MTG\\Desktop\\v0.9.1\\dataconnect`\n"}}
[debug] [2025-06-03T10:27:39.719Z] E0603 13:27:39.719396   27004 load.go:23] Could not load config from "c:\\Users\\MTG\\Desktop\\v0.9.1\\dataconnect": could not find dataconnect.yaml in `c:\Users\MTG\Desktop\v0.9.1\dataconnect`
 {"metadata":{"emulator":{"name":"dataconnect"},"message":"E0603 13:27:39.719396   27004 load.go:23] Could not load config from \"c:\\\\Users\\\\MTG\\\\Desktop\\\\v0.9.1\\\\dataconnect\": could not find dataconnect.yaml in `c:\\Users\\MTG\\Desktop\\v0.9.1\\dataconnect`\n"}}
[debug] [2025-06-03T10:27:49.720Z] E0603 13:27:49.720384   27004 load.go:23] Could not load config from "c:\\Users\\MTG\\Desktop\\v0.9.1\\dataconnect": could not find dataconnect.yaml in `c:\Users\MTG\Desktop\v0.9.1\dataconnect`
 {"metadata":{"emulator":{"name":"dataconnect"},"message":"E0603 13:27:49.720384   27004 load.go:23] Could not load config from \"c:\\\\Users\\\\MTG\\\\Desktop\\\\v0.9.1\\\\dataconnect\": could not find dataconnect.yaml in `c:\\Users\\MTG\\Desktop\\v0.9.1\\dataconnect`\n"}}
[debug] [2025-06-03T10:27:59.723Z] E0603 13:27:59.723227   27004 load.go:23] Could not load config from "c:\\Users\\MTG\\Desktop\\v0.9.1\\dataconnect": could not find dataconnect.yaml in `c:\Users\MTG\Desktop\v0.9.1\dataconnect`
 {"metadata":{"emulator":{"name":"dataconnect"},"message":"E0603 13:27:59.723227   27004 load.go:23] Could not load config from \"c:\\\\Users\\\\MTG\\\\Desktop\\\\v0.9.1\\\\dataconnect\": could not find dataconnect.yaml in `c:\\Users\\MTG\\Desktop\\v0.9.1\\dataconnect`\n"}}
[debug] [2025-06-03T10:28:09.724Z] E0603 13:28:09.723730   27004 load.go:23] Could not load config from "c:\\Users\\MTG\\Desktop\\v0.9.1\\dataconnect": could not find dataconnect.yaml in `c:\Users\MTG\Desktop\v0.9.1\dataconnect`
 {"metadata":{"emulator":{"name":"dataconnect"},"message":"E0603 13:28:09.723730   27004 load.go:23] Could not load config from \"c:\\\\Users\\\\MTG\\\\Desktop\\\\v0.9.1\\\\dataconnect\": could not find dataconnect.yaml in `c:\\Users\\MTG\\Desktop\\v0.9.1\\dataconnect`\n"}}
[debug] [2025-06-03T10:28:19.717Z] E0603 13:28:19.716973   27004 load.go:23] Could not load config from "c:\\Users\\MTG\\Desktop\\v0.9.1\\dataconnect": could not find dataconnect.yaml in `c:\Users\MTG\Desktop\v0.9.1\dataconnect`
 {"metadata":{"emulator":{"name":"dataconnect"},"message":"E0603 13:28:19.716973   27004 load.go:23] Could not load config from \"c:\\\\Users\\\\MTG\\\\Desktop\\\\v0.9.1\\\\dataconnect\": could not find dataconnect.yaml in `c:\\Users\\MTG\\Desktop\\v0.9.1\\dataconnect`\n"}}
[debug] [2025-06-03T10:28:29.722Z] E0603 13:28:29.722128   27004 load.go:23] Could not load config from "c:\\Users\\MTG\\Desktop\\v0.9.1\\dataconnect": could not find dataconnect.yaml in `c:\Users\MTG\Desktop\v0.9.1\dataconnect`
 {"metadata":{"emulator":{"name":"dataconnect"},"message":"E0603 13:28:29.722128   27004 load.go:23] Could not load config from \"c:\\\\Users\\\\MTG\\\\Desktop\\\\v0.9.1\\\\dataconnect\": could not find dataconnect.yaml in `c:\\Users\\MTG\\Desktop\\v0.9.1\\dataconnect`\n"}}
[debug] [2025-06-03T10:28:39.719Z] E0603 13:28:39.719471   27004 load.go:23] Could not load config from "c:\\Users\\MTG\\Desktop\\v0.9.1\\dataconnect": could not find dataconnect.yaml in `c:\Users\MTG\Desktop\v0.9.1\dataconnect`
E0603 13:28:39.719471   27004 watch.go:76] watchAllDir unable to walk dir `c:\Users\MTG\Desktop\v0.9.1\dataconnect`: on path "c:\\Users\\MTG\\Desktop\\v0.9.1\\dataconnect" (DirEntry: <nil>): CreateFile c:\Users\MTG\Desktop\v0.9.1\dataconnect: The system cannot find the file specified.
 {"metadata":{"emulator":{"name":"dataconnect"},"message":"E0603 13:28:39.719471   27004 load.go:23] Could not load config from \"c:\\\\Users\\\\MTG\\\\Desktop\\\\v0.9.1\\\\dataconnect\": could not find dataconnect.yaml in `c:\\Users\\MTG\\Desktop\\v0.9.1\\dataconnect`\nE0603 13:28:39.719471   27004 watch.go:76] watchAllDir unable to walk dir `c:\\Users\\MTG\\Desktop\\v0.9.1\\dataconnect`: on path \"c:\\\\Users\\\\MTG\\\\Desktop\\\\v0.9.1\\\\dataconnect\" (DirEntry: <nil>): CreateFile c:\\Users\\MTG\\Desktop\\v0.9.1\\dataconnect: The system cannot find the file specified.\n"}}
[debug] [2025-06-03T10:28:49.727Z] E0603 13:28:49.727665   27004 load.go:23] Could not load config from "c:\\Users\\MTG\\Desktop\\v0.9.1\\dataconnect": could not find dataconnect.yaml in `c:\Users\MTG\Desktop\v0.9.1\dataconnect`
 {"metadata":{"emulator":{"name":"dataconnect"},"message":"E0603 13:28:49.727665   27004 load.go:23] Could not load config from \"c:\\\\Users\\\\MTG\\\\Desktop\\\\v0.9.1\\\\dataconnect\": could not find dataconnect.yaml in `c:\\Users\\MTG\\Desktop\\v0.9.1\\dataconnect`\n"}}
[debug] [2025-06-03T10:28:59.723Z] E0603 13:28:59.723905   27004 load.go:23] Could not load config from "c:\\Users\\MTG\\Desktop\\v0.9.1\\dataconnect": could not find dataconnect.yaml in `c:\Users\MTG\Desktop\v0.9.1\dataconnect`
 {"metadata":{"emulator":{"name":"dataconnect"},"message":"E0603 13:28:59.723905   27004 load.go:23] Could not load config from \"c:\\\\Users\\\\MTG\\\\Desktop\\\\v0.9.1\\\\dataconnect\": could not find dataconnect.yaml in `c:\\Users\\MTG\\Desktop\\v0.9.1\\dataconnect`\n"}}
[debug] [2025-06-03T10:29:09.722Z] E0603 13:29:09.721754   27004 load.go:23] Could not load config from "c:\\Users\\MTG\\Desktop\\v0.9.1\\dataconnect": could not find dataconnect.yaml in `c:\Users\MTG\Desktop\v0.9.1\dataconnect`
 {"metadata":{"emulator":{"name":"dataconnect"},"message":"E0603 13:29:09.721754   27004 load.go:23] Could not load config from \"c:\\\\Users\\\\MTG\\\\Desktop\\\\v0.9.1\\\\dataconnect\": could not find dataconnect.yaml in `c:\\Users\\MTG\\Desktop\\v0.9.1\\dataconnect`\n"}}
[debug] [2025-06-03T10:29:19.731Z] E0603 13:29:19.731016   27004 load.go:23] Could not load config from "c:\\Users\\MTG\\Desktop\\v0.9.1\\dataconnect": could not find dataconnect.yaml in `c:\Users\MTG\Desktop\v0.9.1\dataconnect`
 {"metadata":{"emulator":{"name":"dataconnect"},"message":"E0603 13:29:19.731016   27004 load.go:23] Could not load config from \"c:\\\\Users\\\\MTG\\\\Desktop\\\\v0.9.1\\\\dataconnect\": could not find dataconnect.yaml in `c:\\Users\\MTG\\Desktop\\v0.9.1\\dataconnect`\n"}}
[debug] [2025-06-03T10:29:29.724Z] E0603 13:29:29.723590   27004 load.go:23] Could not load config from "c:\\Users\\MTG\\Desktop\\v0.9.1\\dataconnect": could not find dataconnect.yaml in `c:\Users\MTG\Desktop\v0.9.1\dataconnect`
 {"metadata":{"emulator":{"name":"dataconnect"},"message":"E0603 13:29:29.723590   27004 load.go:23] Could not load config from \"c:\\\\Users\\\\MTG\\\\Desktop\\\\v0.9.1\\\\dataconnect\": could not find dataconnect.yaml in `c:\\Users\\MTG\\Desktop\\v0.9.1\\dataconnect`\n"}}
[debug] [2025-06-03T10:29:39.729Z] E0603 13:29:39.729303   27004 load.go:23] Could not load config from "c:\\Users\\MTG\\Desktop\\v0.9.1\\dataconnect": could not find dataconnect.yaml in `c:\Users\MTG\Desktop\v0.9.1\dataconnect`
 {"metadata":{"emulator":{"name":"dataconnect"},"message":"E0603 13:29:39.729303   27004 load.go:23] Could not load config from \"c:\\\\Users\\\\MTG\\\\Desktop\\\\v0.9.1\\\\dataconnect\": could not find dataconnect.yaml in `c:\\Users\\MTG\\Desktop\\v0.9.1\\dataconnect`\n"}}
[debug] [2025-06-03T10:29:49.717Z] E0603 13:29:49.717490   27004 load.go:23] Could not load config from "c:\\Users\\MTG\\Desktop\\v0.9.1\\dataconnect": could not find dataconnect.yaml in `c:\Users\MTG\Desktop\v0.9.1\dataconnect`
 {"metadata":{"emulator":{"name":"dataconnect"},"message":"E0603 13:29:49.717490   27004 load.go:23] Could not load config from \"c:\\\\Users\\\\MTG\\\\Desktop\\\\v0.9.1\\\\dataconnect\": could not find dataconnect.yaml in `c:\\Users\\MTG\\Desktop\\v0.9.1\\dataconnect`\n"}}
[debug] [2025-06-03T10:29:59.720Z] E0603 13:29:59.720534   27004 load.go:23] Could not load config from "c:\\Users\\MTG\\Desktop\\v0.9.1\\dataconnect": could not find dataconnect.yaml in `c:\Users\MTG\Desktop\v0.9.1\dataconnect`
 {"metadata":{"emulator":{"name":"dataconnect"},"message":"E0603 13:29:59.720534   27004 load.go:23] Could not load config from \"c:\\\\Users\\\\MTG\\\\Desktop\\\\v0.9.1\\\\dataconnect\": could not find dataconnect.yaml in `c:\\Users\\MTG\\Desktop\\v0.9.1\\dataconnect`\n"}}
[debug] [2025-06-03T10:30:09.723Z] E0603 13:30:09.722699   27004 load.go:23] Could not load config from "c:\\Users\\MTG\\Desktop\\v0.9.1\\dataconnect": could not find dataconnect.yaml in `c:\Users\MTG\Desktop\v0.9.1\dataconnect`
 {"metadata":{"emulator":{"name":"dataconnect"},"message":"E0603 13:30:09.722699   27004 load.go:23] Could not load config from \"c:\\\\Users\\\\MTG\\\\Desktop\\\\v0.9.1\\\\dataconnect\": could not find dataconnect.yaml in `c:\\Users\\MTG\\Desktop\\v0.9.1\\dataconnect`\n"}}
[debug] [2025-06-03T10:30:19.725Z] E0603 13:30:19.724670   27004 load.go:23] Could not load config from "c:\\Users\\MTG\\Desktop\\v0.9.1\\dataconnect": could not find dataconnect.yaml in `c:\Users\MTG\Desktop\v0.9.1\dataconnect`
 {"metadata":{"emulator":{"name":"dataconnect"},"message":"E0603 13:30:19.724670   27004 load.go:23] Could not load config from \"c:\\\\Users\\\\MTG\\\\Desktop\\\\v0.9.1\\\\dataconnect\": could not find dataconnect.yaml in `c:\\Users\\MTG\\Desktop\\v0.9.1\\dataconnect`\n"}}
[debug] [2025-06-03T10:30:29.827Z] E0603 13:30:29.740255   27004 load.go:23] Could not load config from "c:\\Users\\MTG\\Desktop\\v0.9.1\\dataconnect": could not find dataconnect.yaml in `c:\Users\MTG\Desktop\v0.9.1\dataconnect`
 {"metadata":{"emulator":{"name":"dataconnect"},"message":"E0603 13:30:29.740255   27004 load.go:23] Could not load config from \"c:\\\\Users\\\\MTG\\\\Desktop\\\\v0.9.1\\\\dataconnect\": could not find dataconnect.yaml in `c:\\Users\\MTG\\Desktop\\v0.9.1\\dataconnect`\n"}}
[debug] [2025-06-03T10:30:39.727Z] E0603 13:30:39.726698   27004 load.go:23] Could not load config from "c:\\Users\\MTG\\Desktop\\v0.9.1\\dataconnect": could not find dataconnect.yaml in `c:\Users\MTG\Desktop\v0.9.1\dataconnect`
E0603 13:30:39.726698   27004 watch.go:76] watchAllDir unable to walk dir `c:\Users\MTG\Desktop\v0.9.1\dataconnect`: on path "c:\\Users\\MTG\\Desktop\\v0.9.1\\dataconnect" (DirEntry: <nil>): CreateFile c:\Users\MTG\Desktop\v0.9.1\dataconnect: The system cannot find the file specified.
 {"metadata":{"emulator":{"name":"dataconnect"},"message":"E0603 13:30:39.726698   27004 load.go:23] Could not load config from \"c:\\\\Users\\\\MTG\\\\Desktop\\\\v0.9.1\\\\dataconnect\": could not find dataconnect.yaml in `c:\\Users\\MTG\\Desktop\\v0.9.1\\dataconnect`\nE0603 13:30:39.726698   27004 watch.go:76] watchAllDir unable to walk dir `c:\\Users\\MTG\\Desktop\\v0.9.1\\dataconnect`: on path \"c:\\\\Users\\\\MTG\\\\Desktop\\\\v0.9.1\\\\dataconnect\" (DirEntry: <nil>): CreateFile c:\\Users\\MTG\\Desktop\\v0.9.1\\dataconnect: The system cannot find the file specified.\n"}}
[debug] [2025-06-03T10:30:49.727Z] E0603 13:30:49.726613   27004 load.go:23] Could not load config from "c:\\Users\\MTG\\Desktop\\v0.9.1\\dataconnect": could not find dataconnect.yaml in `c:\Users\MTG\Desktop\v0.9.1\dataconnect`
 {"metadata":{"emulator":{"name":"dataconnect"},"message":"E0603 13:30:49.726613   27004 load.go:23] Could not load config from \"c:\\\\Users\\\\MTG\\\\Desktop\\\\v0.9.1\\\\dataconnect\": could not find dataconnect.yaml in `c:\\Users\\MTG\\Desktop\\v0.9.1\\dataconnect`\n"}}
[debug] [2025-06-03T10:30:59.727Z] E0603 13:30:59.727317   27004 load.go:23] Could not load config from "c:\\Users\\MTG\\Desktop\\v0.9.1\\dataconnect": could not find dataconnect.yaml in `c:\Users\MTG\Desktop\v0.9.1\dataconnect`
 {"metadata":{"emulator":{"name":"dataconnect"},"message":"E0603 13:30:59.727317   27004 load.go:23] Could not load config from \"c:\\\\Users\\\\MTG\\\\Desktop\\\\v0.9.1\\\\dataconnect\": could not find dataconnect.yaml in `c:\\Users\\MTG\\Desktop\\v0.9.1\\dataconnect`\n"}}
[debug] [2025-06-03T10:31:09.721Z] E0603 13:31:09.720555   27004 load.go:23] Could not load config from "c:\\Users\\MTG\\Desktop\\v0.9.1\\dataconnect": could not find dataconnect.yaml in `c:\Users\MTG\Desktop\v0.9.1\dataconnect`
 {"metadata":{"emulator":{"name":"dataconnect"},"message":"E0603 13:31:09.720555   27004 load.go:23] Could not load config from \"c:\\\\Users\\\\MTG\\\\Desktop\\\\v0.9.1\\\\dataconnect\": could not find dataconnect.yaml in `c:\\Users\\MTG\\Desktop\\v0.9.1\\dataconnect`\n"}}
[debug] [2025-06-03T10:31:19.732Z] E0603 13:31:19.732368   27004 load.go:23] Could not load config from "c:\\Users\\MTG\\Desktop\\v0.9.1\\dataconnect": could not find dataconnect.yaml in `c:\Users\MTG\Desktop\v0.9.1\dataconnect`
 {"metadata":{"emulator":{"name":"dataconnect"},"message":"E0603 13:31:19.732368   27004 load.go:23] Could not load config from \"c:\\\\Users\\\\MTG\\\\Desktop\\\\v0.9.1\\\\dataconnect\": could not find dataconnect.yaml in `c:\\Users\\MTG\\Desktop\\v0.9.1\\dataconnect`\n"}}
[debug] [2025-06-03T10:31:29.719Z] E0603 13:31:29.718493   27004 load.go:23] Could not load config from "c:\\Users\\MTG\\Desktop\\v0.9.1\\dataconnect": could not find dataconnect.yaml in `c:\Users\MTG\Desktop\v0.9.1\dataconnect`
 {"metadata":{"emulator":{"name":"dataconnect"},"message":"E0603 13:31:29.718493   27004 load.go:23] Could not load config from \"c:\\\\Users\\\\MTG\\\\Desktop\\\\v0.9.1\\\\dataconnect\": could not find dataconnect.yaml in `c:\\Users\\MTG\\Desktop\\v0.9.1\\dataconnect`\n"}}
[debug] [2025-06-03T10:31:39.719Z] E0603 13:31:39.719512   27004 load.go:23] Could not load config from "c:\\Users\\MTG\\Desktop\\v0.9.1\\dataconnect": could not find dataconnect.yaml in `c:\Users\MTG\Desktop\v0.9.1\dataconnect`
 {"metadata":{"emulator":{"name":"dataconnect"},"message":"E0603 13:31:39.719512   27004 load.go:23] Could not load config from \"c:\\\\Users\\\\MTG\\\\Desktop\\\\v0.9.1\\\\dataconnect\": could not find dataconnect.yaml in `c:\\Users\\MTG\\Desktop\\v0.9.1\\dataconnect`\n"}}
[debug] [2025-06-03T10:31:49.724Z] E0603 13:31:49.724561   27004 load.go:23] Could not load config from "c:\\Users\\MTG\\Desktop\\v0.9.1\\dataconnect": could not find dataconnect.yaml in `c:\Users\MTG\Desktop\v0.9.1\dataconnect`
 {"metadata":{"emulator":{"name":"dataconnect"},"message":"E0603 13:31:49.724561   27004 load.go:23] Could not load config from \"c:\\\\Users\\\\MTG\\\\Desktop\\\\v0.9.1\\\\dataconnect\": could not find dataconnect.yaml in `c:\\Users\\MTG\\Desktop\\v0.9.1\\dataconnect`\n"}}
[debug] [2025-06-03T10:31:59.731Z] E0603 13:31:59.731543   27004 load.go:23] Could not load config from "c:\\Users\\MTG\\Desktop\\v0.9.1\\dataconnect": could not find dataconnect.yaml in `c:\Users\MTG\Desktop\v0.9.1\dataconnect`
 {"metadata":{"emulator":{"name":"dataconnect"},"message":"E0603 13:31:59.731543   27004 load.go:23] Could not load config from \"c:\\\\Users\\\\MTG\\\\Desktop\\\\v0.9.1\\\\dataconnect\": could not find dataconnect.yaml in `c:\\Users\\MTG\\Desktop\\v0.9.1\\dataconnect`\n"}}
[debug] [2025-06-03T10:32:09.722Z] E0603 13:32:09.722583   27004 load.go:23] Could not load config from "c:\\Users\\MTG\\Desktop\\v0.9.1\\dataconnect": could not find dataconnect.yaml in `c:\Users\MTG\Desktop\v0.9.1\dataconnect`
 {"metadata":{"emulator":{"name":"dataconnect"},"message":"E0603 13:32:09.722583   27004 load.go:23] Could not load config from \"c:\\\\Users\\\\MTG\\\\Desktop\\\\v0.9.1\\\\dataconnect\": could not find dataconnect.yaml in `c:\\Users\\MTG\\Desktop\\v0.9.1\\dataconnect`\n"}}
[debug] [2025-06-03T10:32:19.719Z] E0603 13:32:19.719477   27004 load.go:23] Could not load config from "c:\\Users\\MTG\\Desktop\\v0.9.1\\dataconnect": could not find dataconnect.yaml in `c:\Users\MTG\Desktop\v0.9.1\dataconnect`
 {"metadata":{"emulator":{"name":"dataconnect"},"message":"E0603 13:32:19.719477   27004 load.go:23] Could not load config from \"c:\\\\Users\\\\MTG\\\\Desktop\\\\v0.9.1\\\\dataconnect\": could not find dataconnect.yaml in `c:\\Users\\MTG\\Desktop\\v0.9.1\\dataconnect`\n"}}
[debug] [2025-06-03T10:32:29.719Z] E0603 13:32:29.719418   27004 load.go:23] Could not load config from "c:\\Users\\MTG\\Desktop\\v0.9.1\\dataconnect": could not find dataconnect.yaml in `c:\Users\MTG\Desktop\v0.9.1\dataconnect`
 {"metadata":{"emulator":{"name":"dataconnect"},"message":"E0603 13:32:29.719418   27004 load.go:23] Could not load config from \"c:\\\\Users\\\\MTG\\\\Desktop\\\\v0.9.1\\\\dataconnect\": could not find dataconnect.yaml in `c:\\Users\\MTG\\Desktop\\v0.9.1\\dataconnect`\n"}}
[debug] [2025-06-03T10:32:39.723Z] E0603 13:32:39.721880   27004 load.go:23] Could not load config from "c:\\Users\\MTG\\Desktop\\v0.9.1\\dataconnect": could not find dataconnect.yaml in `c:\Users\MTG\Desktop\v0.9.1\dataconnect`
E0603 13:32:39.721880   27004 watch.go:76] watchAllDir unable to walk dir `c:\Users\MTG\Desktop\v0.9.1\dataconnect`: on path "c:\\Users\\MTG\\Desktop\\v0.9.1\\dataconnect" (DirEntry: <nil>): CreateFile c:\Users\MTG\Desktop\v0.9.1\dataconnect: The system cannot find the file specified.
 {"metadata":{"emulator":{"name":"dataconnect"},"message":"E0603 13:32:39.721880   27004 load.go:23] Could not load config from \"c:\\\\Users\\\\MTG\\\\Desktop\\\\v0.9.1\\\\dataconnect\": could not find dataconnect.yaml in `c:\\Users\\MTG\\Desktop\\v0.9.1\\dataconnect`\nE0603 13:32:39.721880   27004 watch.go:76] watchAllDir unable to walk dir `c:\\Users\\MTG\\Desktop\\v0.9.1\\dataconnect`: on path \"c:\\\\Users\\\\MTG\\\\Desktop\\\\v0.9.1\\\\dataconnect\" (DirEntry: <nil>): CreateFile c:\\Users\\MTG\\Desktop\\v0.9.1\\dataconnect: The system cannot find the file specified.\n"}}
[debug] [2025-06-03T10:32:49.723Z] E0603 13:32:49.723634   27004 load.go:23] Could not load config from "c:\\Users\\MTG\\Desktop\\v0.9.1\\dataconnect": could not find dataconnect.yaml in `c:\Users\MTG\Desktop\v0.9.1\dataconnect`
 {"metadata":{"emulator":{"name":"dataconnect"},"message":"E0603 13:32:49.723634   27004 load.go:23] Could not load config from \"c:\\\\Users\\\\MTG\\\\Desktop\\\\v0.9.1\\\\dataconnect\": could not find dataconnect.yaml in `c:\\Users\\MTG\\Desktop\\v0.9.1\\dataconnect`\n"}}
[debug] [2025-06-03T10:32:59.717Z] E0603 13:32:59.717022   27004 load.go:23] Could not load config from "c:\\Users\\MTG\\Desktop\\v0.9.1\\dataconnect": could not find dataconnect.yaml in `c:\Users\MTG\Desktop\v0.9.1\dataconnect`
 {"metadata":{"emulator":{"name":"dataconnect"},"message":"E0603 13:32:59.717022   27004 load.go:23] Could not load config from \"c:\\\\Users\\\\MTG\\\\Desktop\\\\v0.9.1\\\\dataconnect\": could not find dataconnect.yaml in `c:\\Users\\MTG\\Desktop\\v0.9.1\\dataconnect`\n"}}
[debug] [2025-06-03T10:33:09.728Z] E0603 13:33:09.728778   27004 load.go:23] Could not load config from "c:\\Users\\MTG\\Desktop\\v0.9.1\\dataconnect": could not find dataconnect.yaml in `c:\Users\MTG\Desktop\v0.9.1\dataconnect`
 {"metadata":{"emulator":{"name":"dataconnect"},"message":"E0603 13:33:09.728778   27004 load.go:23] Could not load config from \"c:\\\\Users\\\\MTG\\\\Desktop\\\\v0.9.1\\\\dataconnect\": could not find dataconnect.yaml in `c:\\Users\\MTG\\Desktop\\v0.9.1\\dataconnect`\n"}}
[debug] [2025-06-03T10:33:19.720Z] E0603 13:33:19.720446   27004 load.go:23] Could not load config from "c:\\Users\\MTG\\Desktop\\v0.9.1\\dataconnect": could not find dataconnect.yaml in `c:\Users\MTG\Desktop\v0.9.1\dataconnect`
 {"metadata":{"emulator":{"name":"dataconnect"},"message":"E0603 13:33:19.720446   27004 load.go:23] Could not load config from \"c:\\\\Users\\\\MTG\\\\Desktop\\\\v0.9.1\\\\dataconnect\": could not find dataconnect.yaml in `c:\\Users\\MTG\\Desktop\\v0.9.1\\dataconnect`\n"}}
[debug] [2025-06-03T10:33:29.728Z] E0603 13:33:29.727810   27004 load.go:23] Could not load config from "c:\\Users\\MTG\\Desktop\\v0.9.1\\dataconnect": could not find dataconnect.yaml in `c:\Users\MTG\Desktop\v0.9.1\dataconnect`
 {"metadata":{"emulator":{"name":"dataconnect"},"message":"E0603 13:33:29.727810   27004 load.go:23] Could not load config from \"c:\\\\Users\\\\MTG\\\\Desktop\\\\v0.9.1\\\\dataconnect\": could not find dataconnect.yaml in `c:\\Users\\MTG\\Desktop\\v0.9.1\\dataconnect`\n"}}
[debug] [2025-06-03T10:33:39.727Z] E0603 13:33:39.727810   27004 load.go:23] Could not load config from "c:\\Users\\MTG\\Desktop\\v0.9.1\\dataconnect": could not find dataconnect.yaml in `c:\Users\MTG\Desktop\v0.9.1\dataconnect`
 {"metadata":{"emulator":{"name":"dataconnect"},"message":"E0603 13:33:39.727810   27004 load.go:23] Could not load config from \"c:\\\\Users\\\\MTG\\\\Desktop\\\\v0.9.1\\\\dataconnect\": could not find dataconnect.yaml in `c:\\Users\\MTG\\Desktop\\v0.9.1\\dataconnect`\n"}}
[debug] [2025-06-03T10:33:49.725Z] E0603 13:33:49.725757   27004 load.go:23] Could not load config from "c:\\Users\\MTG\\Desktop\\v0.9.1\\dataconnect": could not find dataconnect.yaml in `c:\Users\MTG\Desktop\v0.9.1\dataconnect`
 {"metadata":{"emulator":{"name":"dataconnect"},"message":"E0603 13:33:49.725757   27004 load.go:23] Could not load config from \"c:\\\\Users\\\\MTG\\\\Desktop\\\\v0.9.1\\\\dataconnect\": could not find dataconnect.yaml in `c:\\Users\\MTG\\Desktop\\v0.9.1\\dataconnect`\n"}}
[debug] [2025-06-03T10:33:59.722Z] E0603 13:33:59.722038   27004 load.go:23] Could not load config from "c:\\Users\\MTG\\Desktop\\v0.9.1\\dataconnect": could not find dataconnect.yaml in `c:\Users\MTG\Desktop\v0.9.1\dataconnect`
 {"metadata":{"emulator":{"name":"dataconnect"},"message":"E0603 13:33:59.722038   27004 load.go:23] Could not load config from \"c:\\\\Users\\\\MTG\\\\Desktop\\\\v0.9.1\\\\dataconnect\": could not find dataconnect.yaml in `c:\\Users\\MTG\\Desktop\\v0.9.1\\dataconnect`\n"}}
[debug] [2025-06-03T10:34:09.716Z] E0603 13:34:09.716497   27004 load.go:23] Could not load config from "c:\\Users\\MTG\\Desktop\\v0.9.1\\dataconnect": could not find dataconnect.yaml in `c:\Users\MTG\Desktop\v0.9.1\dataconnect`
 {"metadata":{"emulator":{"name":"dataconnect"},"message":"E0603 13:34:09.716497   27004 load.go:23] Could not load config from \"c:\\\\Users\\\\MTG\\\\Desktop\\\\v0.9.1\\\\dataconnect\": could not find dataconnect.yaml in `c:\\Users\\MTG\\Desktop\\v0.9.1\\dataconnect`\n"}}
[debug] [2025-06-03T10:34:19.717Z] E0603 13:34:19.717640   27004 load.go:23] Could not load config from "c:\\Users\\MTG\\Desktop\\v0.9.1\\dataconnect": could not find dataconnect.yaml in `c:\Users\MTG\Desktop\v0.9.1\dataconnect`
 {"metadata":{"emulator":{"name":"dataconnect"},"message":"E0603 13:34:19.717640   27004 load.go:23] Could not load config from \"c:\\\\Users\\\\MTG\\\\Desktop\\\\v0.9.1\\\\dataconnect\": could not find dataconnect.yaml in `c:\\Users\\MTG\\Desktop\\v0.9.1\\dataconnect`\n"}}
[debug] [2025-06-03T10:34:29.728Z] E0603 13:34:29.728557   27004 load.go:23] Could not load config from "c:\\Users\\MTG\\Desktop\\v0.9.1\\dataconnect": could not find dataconnect.yaml in `c:\Users\MTG\Desktop\v0.9.1\dataconnect`
 {"metadata":{"emulator":{"name":"dataconnect"},"message":"E0603 13:34:29.728557   27004 load.go:23] Could not load config from \"c:\\\\Users\\\\MTG\\\\Desktop\\\\v0.9.1\\\\dataconnect\": could not find dataconnect.yaml in `c:\\Users\\MTG\\Desktop\\v0.9.1\\dataconnect`\n"}}
[debug] [2025-06-03T10:34:39.724Z] E0603 13:34:39.724156   27004 watch.go:76] watchAllDir unable to walk dir `c:\Users\MTG\Desktop\v0.9.1\dataconnect`: on path "c:\\Users\\MTG\\Desktop\\v0.9.1\\dataconnect" (DirEntry: <nil>): CreateFile c:\Users\MTG\Desktop\v0.9.1\dataconnect: The system cannot find the file specified.
 {"metadata":{"emulator":{"name":"dataconnect"},"message":"E0603 13:34:39.724156   27004 watch.go:76] watchAllDir unable to walk dir `c:\\Users\\MTG\\Desktop\\v0.9.1\\dataconnect`: on path \"c:\\\\Users\\\\MTG\\\\Desktop\\\\v0.9.1\\\\dataconnect\" (DirEntry: <nil>): CreateFile c:\\Users\\MTG\\Desktop\\v0.9.1\\dataconnect: The system cannot find the file specified.\n"}}
[debug] [2025-06-03T10:34:39.724Z] E0603 13:34:39.724156   27004 load.go:23] Could not load config from "c:\\Users\\MTG\\Desktop\\v0.9.1\\dataconnect": could not find dataconnect.yaml in `c:\Users\MTG\Desktop\v0.9.1\dataconnect`
 {"metadata":{"emulator":{"name":"dataconnect"},"message":"E0603 13:34:39.724156   27004 load.go:23] Could not load config from \"c:\\\\Users\\\\MTG\\\\Desktop\\\\v0.9.1\\\\dataconnect\": could not find dataconnect.yaml in `c:\\Users\\MTG\\Desktop\\v0.9.1\\dataconnect`\n"}}
[debug] [2025-06-03T10:34:49.730Z] E0603 13:34:49.729982   27004 load.go:23] Could not load config from "c:\\Users\\MTG\\Desktop\\v0.9.1\\dataconnect": could not find dataconnect.yaml in `c:\Users\MTG\Desktop\v0.9.1\dataconnect`
 {"metadata":{"emulator":{"name":"dataconnect"},"message":"E0603 13:34:49.729982   27004 load.go:23] Could not load config from \"c:\\\\Users\\\\MTG\\\\Desktop\\\\v0.9.1\\\\dataconnect\": could not find dataconnect.yaml in `c:\\Users\\MTG\\Desktop\\v0.9.1\\dataconnect`\n"}}
[debug] [2025-06-03T10:34:59.717Z] E0603 13:34:59.717191   27004 load.go:23] Could not load config from "c:\\Users\\MTG\\Desktop\\v0.9.1\\dataconnect": could not find dataconnect.yaml in `c:\Users\MTG\Desktop\v0.9.1\dataconnect`
 {"metadata":{"emulator":{"name":"dataconnect"},"message":"E0603 13:34:59.717191   27004 load.go:23] Could not load config from \"c:\\\\Users\\\\MTG\\\\Desktop\\\\v0.9.1\\\\dataconnect\": could not find dataconnect.yaml in `c:\\Users\\MTG\\Desktop\\v0.9.1\\dataconnect`\n"}}
[debug] [2025-06-03T10:35:09.722Z] E0603 13:35:09.722132   27004 load.go:23] Could not load config from "c:\\Users\\MTG\\Desktop\\v0.9.1\\dataconnect": could not find dataconnect.yaml in `c:\Users\MTG\Desktop\v0.9.1\dataconnect`
 {"metadata":{"emulator":{"name":"dataconnect"},"message":"E0603 13:35:09.722132   27004 load.go:23] Could not load config from \"c:\\\\Users\\\\MTG\\\\Desktop\\\\v0.9.1\\\\dataconnect\": could not find dataconnect.yaml in `c:\\Users\\MTG\\Desktop\\v0.9.1\\dataconnect`\n"}}
[debug] [2025-06-03T10:35:19.721Z] E0603 13:35:19.721110   27004 load.go:23] Could not load config from "c:\\Users\\MTG\\Desktop\\v0.9.1\\dataconnect": could not find dataconnect.yaml in `c:\Users\MTG\Desktop\v0.9.1\dataconnect`
 {"metadata":{"emulator":{"name":"dataconnect"},"message":"E0603 13:35:19.721110   27004 load.go:23] Could not load config from \"c:\\\\Users\\\\MTG\\\\Desktop\\\\v0.9.1\\\\dataconnect\": could not find dataconnect.yaml in `c:\\Users\\MTG\\Desktop\\v0.9.1\\dataconnect`\n"}}
[debug] [2025-06-03T10:35:29.722Z] E0603 13:35:29.722234   27004 load.go:23] Could not load config from "c:\\Users\\MTG\\Desktop\\v0.9.1\\dataconnect": could not find dataconnect.yaml in `c:\Users\MTG\Desktop\v0.9.1\dataconnect`
 {"metadata":{"emulator":{"name":"dataconnect"},"message":"E0603 13:35:29.722234   27004 load.go:23] Could not load config from \"c:\\\\Users\\\\MTG\\\\Desktop\\\\v0.9.1\\\\dataconnect\": could not find dataconnect.yaml in `c:\\Users\\MTG\\Desktop\\v0.9.1\\dataconnect`\n"}}
[debug] [2025-06-03T10:35:39.730Z] E0603 13:35:39.730145   27004 load.go:23] Could not load config from "c:\\Users\\MTG\\Desktop\\v0.9.1\\dataconnect": could not find dataconnect.yaml in `c:\Users\MTG\Desktop\v0.9.1\dataconnect`
 {"metadata":{"emulator":{"name":"dataconnect"},"message":"E0603 13:35:39.730145   27004 load.go:23] Could not load config from \"c:\\\\Users\\\\MTG\\\\Desktop\\\\v0.9.1\\\\dataconnect\": could not find dataconnect.yaml in `c:\\Users\\MTG\\Desktop\\v0.9.1\\dataconnect`\n"}}
[debug] [2025-06-03T10:35:49.716Z] E0603 13:35:49.716832   27004 load.go:23] Could not load config from "c:\\Users\\MTG\\Desktop\\v0.9.1\\dataconnect": could not find dataconnect.yaml in `c:\Users\MTG\Desktop\v0.9.1\dataconnect`
 {"metadata":{"emulator":{"name":"dataconnect"},"message":"E0603 13:35:49.716832   27004 load.go:23] Could not load config from \"c:\\\\Users\\\\MTG\\\\Desktop\\\\v0.9.1\\\\dataconnect\": could not find dataconnect.yaml in `c:\\Users\\MTG\\Desktop\\v0.9.1\\dataconnect`\n"}}
[debug] [2025-06-03T10:35:59.730Z] E0603 13:35:59.730626   27004 load.go:23] Could not load config from "c:\\Users\\MTG\\Desktop\\v0.9.1\\dataconnect": could not find dataconnect.yaml in `c:\Users\MTG\Desktop\v0.9.1\dataconnect`
 {"metadata":{"emulator":{"name":"dataconnect"},"message":"E0603 13:35:59.730626   27004 load.go:23] Could not load config from \"c:\\\\Users\\\\MTG\\\\Desktop\\\\v0.9.1\\\\dataconnect\": could not find dataconnect.yaml in `c:\\Users\\MTG\\Desktop\\v0.9.1\\dataconnect`\n"}}
[debug] [2025-06-03T10:36:09.721Z] E0603 13:36:09.721239   27004 load.go:23] Could not load config from "c:\\Users\\MTG\\Desktop\\v0.9.1\\dataconnect": could not find dataconnect.yaml in `c:\Users\MTG\Desktop\v0.9.1\dataconnect`
 {"metadata":{"emulator":{"name":"dataconnect"},"message":"E0603 13:36:09.721239   27004 load.go:23] Could not load config from \"c:\\\\Users\\\\MTG\\\\Desktop\\\\v0.9.1\\\\dataconnect\": could not find dataconnect.yaml in `c:\\Users\\MTG\\Desktop\\v0.9.1\\dataconnect`\n"}}
[debug] [2025-06-03T10:36:19.731Z] E0603 13:36:19.731419   27004 load.go:23] Could not load config from "c:\\Users\\MTG\\Desktop\\v0.9.1\\dataconnect": could not find dataconnect.yaml in `c:\Users\MTG\Desktop\v0.9.1\dataconnect`
 {"metadata":{"emulator":{"name":"dataconnect"},"message":"E0603 13:36:19.731419   27004 load.go:23] Could not load config from \"c:\\\\Users\\\\MTG\\\\Desktop\\\\v0.9.1\\\\dataconnect\": could not find dataconnect.yaml in `c:\\Users\\MTG\\Desktop\\v0.9.1\\dataconnect`\n"}}
[debug] [2025-06-03T10:36:29.722Z] E0603 13:36:29.722010   27004 load.go:23] Could not load config from "c:\\Users\\MTG\\Desktop\\v0.9.1\\dataconnect": could not find dataconnect.yaml in `c:\Users\MTG\Desktop\v0.9.1\dataconnect`
 {"metadata":{"emulator":{"name":"dataconnect"},"message":"E0603 13:36:29.722010   27004 load.go:23] Could not load config from \"c:\\\\Users\\\\MTG\\\\Desktop\\\\v0.9.1\\\\dataconnect\": could not find dataconnect.yaml in `c:\\Users\\MTG\\Desktop\\v0.9.1\\dataconnect`\n"}}
[debug] [2025-06-03T10:36:39.728Z] E0603 13:36:39.728265   27004 load.go:23] Could not load config from "c:\\Users\\MTG\\Desktop\\v0.9.1\\dataconnect": could not find dataconnect.yaml in `c:\Users\MTG\Desktop\v0.9.1\dataconnect`
E0603 13:36:39.728265   27004 watch.go:76] watchAllDir unable to walk dir `c:\Users\MTG\Desktop\v0.9.1\dataconnect`: on path "c:\\Users\\MTG\\Desktop\\v0.9.1\\dataconnect" (DirEntry: <nil>): CreateFile c:\Users\MTG\Desktop\v0.9.1\dataconnect: The system cannot find the file specified.
 {"metadata":{"emulator":{"name":"dataconnect"},"message":"E0603 13:36:39.728265   27004 load.go:23] Could not load config from \"c:\\\\Users\\\\MTG\\\\Desktop\\\\v0.9.1\\\\dataconnect\": could not find dataconnect.yaml in `c:\\Users\\MTG\\Desktop\\v0.9.1\\dataconnect`\nE0603 13:36:39.728265   27004 watch.go:76] watchAllDir unable to walk dir `c:\\Users\\MTG\\Desktop\\v0.9.1\\dataconnect`: on path \"c:\\\\Users\\\\MTG\\\\Desktop\\\\v0.9.1\\\\dataconnect\" (DirEntry: <nil>): CreateFile c:\\Users\\MTG\\Desktop\\v0.9.1\\dataconnect: The system cannot find the file specified.\n"}}
[debug] [2025-06-03T10:36:49.723Z] E0603 13:36:49.723441   27004 load.go:23] Could not load config from "c:\\Users\\MTG\\Desktop\\v0.9.1\\dataconnect": could not find dataconnect.yaml in `c:\Users\MTG\Desktop\v0.9.1\dataconnect`
 {"metadata":{"emulator":{"name":"dataconnect"},"message":"E0603 13:36:49.723441   27004 load.go:23] Could not load config from \"c:\\\\Users\\\\MTG\\\\Desktop\\\\v0.9.1\\\\dataconnect\": could not find dataconnect.yaml in `c:\\Users\\MTG\\Desktop\\v0.9.1\\dataconnect`\n"}}
[debug] [2025-06-03T10:36:59.723Z] E0603 13:36:59.723844   27004 load.go:23] Could not load config from "c:\\Users\\MTG\\Desktop\\v0.9.1\\dataconnect": could not find dataconnect.yaml in `c:\Users\MTG\Desktop\v0.9.1\dataconnect`
 {"metadata":{"emulator":{"name":"dataconnect"},"message":"E0603 13:36:59.723844   27004 load.go:23] Could not load config from \"c:\\\\Users\\\\MTG\\\\Desktop\\\\v0.9.1\\\\dataconnect\": could not find dataconnect.yaml in `c:\\Users\\MTG\\Desktop\\v0.9.1\\dataconnect`\n"}}
[debug] [2025-06-03T10:37:09.725Z] E0603 13:37:09.724840   27004 load.go:23] Could not load config from "c:\\Users\\MTG\\Desktop\\v0.9.1\\dataconnect": could not find dataconnect.yaml in `c:\Users\MTG\Desktop\v0.9.1\dataconnect`
 {"metadata":{"emulator":{"name":"dataconnect"},"message":"E0603 13:37:09.724840   27004 load.go:23] Could not load config from \"c:\\\\Users\\\\MTG\\\\Desktop\\\\v0.9.1\\\\dataconnect\": could not find dataconnect.yaml in `c:\\Users\\MTG\\Desktop\\v0.9.1\\dataconnect`\n"}}
[debug] [2025-06-03T10:37:19.728Z] E0603 13:37:19.727996   27004 load.go:23] Could not load config from "c:\\Users\\MTG\\Desktop\\v0.9.1\\dataconnect": could not find dataconnect.yaml in `c:\Users\MTG\Desktop\v0.9.1\dataconnect`
 {"metadata":{"emulator":{"name":"dataconnect"},"message":"E0603 13:37:19.727996   27004 load.go:23] Could not load config from \"c:\\\\Users\\\\MTG\\\\Desktop\\\\v0.9.1\\\\dataconnect\": could not find dataconnect.yaml in `c:\\Users\\MTG\\Desktop\\v0.9.1\\dataconnect`\n"}}
[debug] [2025-06-03T10:37:29.720Z] E0603 13:37:29.720268   27004 load.go:23] Could not load config from "c:\\Users\\MTG\\Desktop\\v0.9.1\\dataconnect": could not find dataconnect.yaml in `c:\Users\MTG\Desktop\v0.9.1\dataconnect`
 {"metadata":{"emulator":{"name":"dataconnect"},"message":"E0603 13:37:29.720268   27004 load.go:23] Could not load config from \"c:\\\\Users\\\\MTG\\\\Desktop\\\\v0.9.1\\\\dataconnect\": could not find dataconnect.yaml in `c:\\Users\\MTG\\Desktop\\v0.9.1\\dataconnect`\n"}}
[debug] [2025-06-03T10:37:39.724Z] E0603 13:37:39.724508   27004 load.go:23] Could not load config from "c:\\Users\\MTG\\Desktop\\v0.9.1\\dataconnect": could not find dataconnect.yaml in `c:\Users\MTG\Desktop\v0.9.1\dataconnect`
 {"metadata":{"emulator":{"name":"dataconnect"},"message":"E0603 13:37:39.724508   27004 load.go:23] Could not load config from \"c:\\\\Users\\\\MTG\\\\Desktop\\\\v0.9.1\\\\dataconnect\": could not find dataconnect.yaml in `c:\\Users\\MTG\\Desktop\\v0.9.1\\dataconnect`\n"}}
[debug] [2025-06-03T10:37:49.717Z] E0603 13:37:49.717477   27004 load.go:23] Could not load config from "c:\\Users\\MTG\\Desktop\\v0.9.1\\dataconnect": could not find dataconnect.yaml in `c:\Users\MTG\Desktop\v0.9.1\dataconnect`
 {"metadata":{"emulator":{"name":"dataconnect"},"message":"E0603 13:37:49.717477   27004 load.go:23] Could not load config from \"c:\\\\Users\\\\MTG\\\\Desktop\\\\v0.9.1\\\\dataconnect\": could not find dataconnect.yaml in `c:\\Users\\MTG\\Desktop\\v0.9.1\\dataconnect`\n"}}
[debug] [2025-06-03T10:37:59.717Z] E0603 13:37:59.717026   27004 load.go:23] Could not load config from "c:\\Users\\MTG\\Desktop\\v0.9.1\\dataconnect": could not find dataconnect.yaml in `c:\Users\MTG\Desktop\v0.9.1\dataconnect`
 {"metadata":{"emulator":{"name":"dataconnect"},"message":"E0603 13:37:59.717026   27004 load.go:23] Could not load config from \"c:\\\\Users\\\\MTG\\\\Desktop\\\\v0.9.1\\\\dataconnect\": could not find dataconnect.yaml in `c:\\Users\\MTG\\Desktop\\v0.9.1\\dataconnect`\n"}}
[debug] [2025-06-03T10:38:09.731Z] E0603 13:38:09.731138   27004 load.go:23] Could not load config from "c:\\Users\\MTG\\Desktop\\v0.9.1\\dataconnect": could not find dataconnect.yaml in `c:\Users\MTG\Desktop\v0.9.1\dataconnect`
 {"metadata":{"emulator":{"name":"dataconnect"},"message":"E0603 13:38:09.731138   27004 load.go:23] Could not load config from \"c:\\\\Users\\\\MTG\\\\Desktop\\\\v0.9.1\\\\dataconnect\": could not find dataconnect.yaml in `c:\\Users\\MTG\\Desktop\\v0.9.1\\dataconnect`\n"}}
[debug] [2025-06-03T10:38:19.731Z] E0603 13:38:19.730920   27004 load.go:23] Could not load config from "c:\\Users\\MTG\\Desktop\\v0.9.1\\dataconnect": could not find dataconnect.yaml in `c:\Users\MTG\Desktop\v0.9.1\dataconnect`
 {"metadata":{"emulator":{"name":"dataconnect"},"message":"E0603 13:38:19.730920   27004 load.go:23] Could not load config from \"c:\\\\Users\\\\MTG\\\\Desktop\\\\v0.9.1\\\\dataconnect\": could not find dataconnect.yaml in `c:\\Users\\MTG\\Desktop\\v0.9.1\\dataconnect`\n"}}
[debug] [2025-06-03T10:38:29.720Z] E0603 13:38:29.720515   27004 load.go:23] Could not load config from "c:\\Users\\MTG\\Desktop\\v0.9.1\\dataconnect": could not find dataconnect.yaml in `c:\Users\MTG\Desktop\v0.9.1\dataconnect`
 {"metadata":{"emulator":{"name":"dataconnect"},"message":"E0603 13:38:29.720515   27004 load.go:23] Could not load config from \"c:\\\\Users\\\\MTG\\\\Desktop\\\\v0.9.1\\\\dataconnect\": could not find dataconnect.yaml in `c:\\Users\\MTG\\Desktop\\v0.9.1\\dataconnect`\n"}}
[debug] [2025-06-03T10:38:39.718Z] E0603 13:38:39.717913   27004 load.go:23] Could not load config from "c:\\Users\\MTG\\Desktop\\v0.9.1\\dataconnect": could not find dataconnect.yaml in `c:\Users\MTG\Desktop\v0.9.1\dataconnect`
E0603 13:38:39.718109   27004 watch.go:76] watchAllDir unable to walk dir `c:\Users\MTG\Desktop\v0.9.1\dataconnect`: on path "c:\\Users\\MTG\\Desktop\\v0.9.1\\dataconnect" (DirEntry: <nil>): CreateFile c:\Users\MTG\Desktop\v0.9.1\dataconnect: The system cannot find the file specified.
 {"metadata":{"emulator":{"name":"dataconnect"},"message":"E0603 13:38:39.717913   27004 load.go:23] Could not load config from \"c:\\\\Users\\\\MTG\\\\Desktop\\\\v0.9.1\\\\dataconnect\": could not find dataconnect.yaml in `c:\\Users\\MTG\\Desktop\\v0.9.1\\dataconnect`\nE0603 13:38:39.718109   27004 watch.go:76] watchAllDir unable to walk dir `c:\\Users\\MTG\\Desktop\\v0.9.1\\dataconnect`: on path \"c:\\\\Users\\\\MTG\\\\Desktop\\\\v0.9.1\\\\dataconnect\" (DirEntry: <nil>): CreateFile c:\\Users\\MTG\\Desktop\\v0.9.1\\dataconnect: The system cannot find the file specified.\n"}}
[debug] [2025-06-03T10:38:49.720Z] E0603 13:38:49.720624   27004 load.go:23] Could not load config from "c:\\Users\\MTG\\Desktop\\v0.9.1\\dataconnect": could not find dataconnect.yaml in `c:\Users\MTG\Desktop\v0.9.1\dataconnect`
 {"metadata":{"emulator":{"name":"dataconnect"},"message":"E0603 13:38:49.720624   27004 load.go:23] Could not load config from \"c:\\\\Users\\\\MTG\\\\Desktop\\\\v0.9.1\\\\dataconnect\": could not find dataconnect.yaml in `c:\\Users\\MTG\\Desktop\\v0.9.1\\dataconnect`\n"}}
[debug] [2025-06-03T10:38:59.718Z] E0603 13:38:59.718282   27004 load.go:23] Could not load config from "c:\\Users\\MTG\\Desktop\\v0.9.1\\dataconnect": could not find dataconnect.yaml in `c:\Users\MTG\Desktop\v0.9.1\dataconnect`
 {"metadata":{"emulator":{"name":"dataconnect"},"message":"E0603 13:38:59.718282   27004 load.go:23] Could not load config from \"c:\\\\Users\\\\MTG\\\\Desktop\\\\v0.9.1\\\\dataconnect\": could not find dataconnect.yaml in `c:\\Users\\MTG\\Desktop\\v0.9.1\\dataconnect`\n"}}
[debug] [2025-06-03T10:39:09.719Z] E0603 13:39:09.719372   27004 load.go:23] Could not load config from "c:\\Users\\MTG\\Desktop\\v0.9.1\\dataconnect": could not find dataconnect.yaml in `c:\Users\MTG\Desktop\v0.9.1\dataconnect`
 {"metadata":{"emulator":{"name":"dataconnect"},"message":"E0603 13:39:09.719372   27004 load.go:23] Could not load config from \"c:\\\\Users\\\\MTG\\\\Desktop\\\\v0.9.1\\\\dataconnect\": could not find dataconnect.yaml in `c:\\Users\\MTG\\Desktop\\v0.9.1\\dataconnect`\n"}}
[debug] [2025-06-03T10:39:19.724Z] E0603 13:39:19.724022   27004 load.go:23] Could not load config from "c:\\Users\\MTG\\Desktop\\v0.9.1\\dataconnect": could not find dataconnect.yaml in `c:\Users\MTG\Desktop\v0.9.1\dataconnect`
 {"metadata":{"emulator":{"name":"dataconnect"},"message":"E0603 13:39:19.724022   27004 load.go:23] Could not load config from \"c:\\\\Users\\\\MTG\\\\Desktop\\\\v0.9.1\\\\dataconnect\": could not find dataconnect.yaml in `c:\\Users\\MTG\\Desktop\\v0.9.1\\dataconnect`\n"}}
[debug] [2025-06-03T10:39:29.724Z] E0603 13:39:29.724492   27004 load.go:23] Could not load config from "c:\\Users\\MTG\\Desktop\\v0.9.1\\dataconnect": could not find dataconnect.yaml in `c:\Users\MTG\Desktop\v0.9.1\dataconnect`
 {"metadata":{"emulator":{"name":"dataconnect"},"message":"E0603 13:39:29.724492   27004 load.go:23] Could not load config from \"c:\\\\Users\\\\MTG\\\\Desktop\\\\v0.9.1\\\\dataconnect\": could not find dataconnect.yaml in `c:\\Users\\MTG\\Desktop\\v0.9.1\\dataconnect`\n"}}
[debug] [2025-06-03T10:39:39.723Z] E0603 13:39:39.723278   27004 load.go:23] Could not load config from "c:\\Users\\MTG\\Desktop\\v0.9.1\\dataconnect": could not find dataconnect.yaml in `c:\Users\MTG\Desktop\v0.9.1\dataconnect`
 {"metadata":{"emulator":{"name":"dataconnect"},"message":"E0603 13:39:39.723278   27004 load.go:23] Could not load config from \"c:\\\\Users\\\\MTG\\\\Desktop\\\\v0.9.1\\\\dataconnect\": could not find dataconnect.yaml in `c:\\Users\\MTG\\Desktop\\v0.9.1\\dataconnect`\n"}}
[debug] [2025-06-03T10:39:49.728Z] E0603 13:39:49.728270   27004 load.go:23] Could not load config from "c:\\Users\\MTG\\Desktop\\v0.9.1\\dataconnect": could not find dataconnect.yaml in `c:\Users\MTG\Desktop\v0.9.1\dataconnect`
 {"metadata":{"emulator":{"name":"dataconnect"},"message":"E0603 13:39:49.728270   27004 load.go:23] Could not load config from \"c:\\\\Users\\\\MTG\\\\Desktop\\\\v0.9.1\\\\dataconnect\": could not find dataconnect.yaml in `c:\\Users\\MTG\\Desktop\\v0.9.1\\dataconnect`\n"}}
[debug] [2025-06-03T10:39:59.720Z] E0603 13:39:59.720595   27004 load.go:23] Could not load config from "c:\\Users\\MTG\\Desktop\\v0.9.1\\dataconnect": could not find dataconnect.yaml in `c:\Users\MTG\Desktop\v0.9.1\dataconnect`
 {"metadata":{"emulator":{"name":"dataconnect"},"message":"E0603 13:39:59.720595   27004 load.go:23] Could not load config from \"c:\\\\Users\\\\MTG\\\\Desktop\\\\v0.9.1\\\\dataconnect\": could not find dataconnect.yaml in `c:\\Users\\MTG\\Desktop\\v0.9.1\\dataconnect`\n"}}
[debug] [2025-06-03T10:40:09.730Z] E0603 13:40:09.730230   27004 load.go:23] Could not load config from "c:\\Users\\MTG\\Desktop\\v0.9.1\\dataconnect": could not find dataconnect.yaml in `c:\Users\MTG\Desktop\v0.9.1\dataconnect`
 {"metadata":{"emulator":{"name":"dataconnect"},"message":"E0603 13:40:09.730230   27004 load.go:23] Could not load config from \"c:\\\\Users\\\\MTG\\\\Desktop\\\\v0.9.1\\\\dataconnect\": could not find dataconnect.yaml in `c:\\Users\\MTG\\Desktop\\v0.9.1\\dataconnect`\n"}}
[debug] [2025-06-03T10:40:19.728Z] E0603 13:40:19.728253   27004 load.go:23] Could not load config from "c:\\Users\\MTG\\Desktop\\v0.9.1\\dataconnect": could not find dataconnect.yaml in `c:\Users\MTG\Desktop\v0.9.1\dataconnect`
 {"metadata":{"emulator":{"name":"dataconnect"},"message":"E0603 13:40:19.728253   27004 load.go:23] Could not load config from \"c:\\\\Users\\\\MTG\\\\Desktop\\\\v0.9.1\\\\dataconnect\": could not find dataconnect.yaml in `c:\\Users\\MTG\\Desktop\\v0.9.1\\dataconnect`\n"}}
[debug] [2025-06-03T10:40:29.724Z] E0603 13:40:29.724552   27004 load.go:23] Could not load config from "c:\\Users\\MTG\\Desktop\\v0.9.1\\dataconnect": could not find dataconnect.yaml in `c:\Users\MTG\Desktop\v0.9.1\dataconnect`
 {"metadata":{"emulator":{"name":"dataconnect"},"message":"E0603 13:40:29.724552   27004 load.go:23] Could not load config from \"c:\\\\Users\\\\MTG\\\\Desktop\\\\v0.9.1\\\\dataconnect\": could not find dataconnect.yaml in `c:\\Users\\MTG\\Desktop\\v0.9.1\\dataconnect`\n"}}
[debug] [2025-06-03T10:40:39.727Z] E0603 13:40:39.726848   27004 load.go:23] Could not load config from "c:\\Users\\MTG\\Desktop\\v0.9.1\\dataconnect": could not find dataconnect.yaml in `c:\Users\MTG\Desktop\v0.9.1\dataconnect`
E0603 13:40:39.726848   27004 watch.go:76] watchAllDir unable to walk dir `c:\Users\MTG\Desktop\v0.9.1\dataconnect`: on path "c:\\Users\\MTG\\Desktop\\v0.9.1\\dataconnect" (DirEntry: <nil>): CreateFile c:\Users\MTG\Desktop\v0.9.1\dataconnect: The system cannot find the file specified.
 {"metadata":{"emulator":{"name":"dataconnect"},"message":"E0603 13:40:39.726848   27004 load.go:23] Could not load config from \"c:\\\\Users\\\\MTG\\\\Desktop\\\\v0.9.1\\\\dataconnect\": could not find dataconnect.yaml in `c:\\Users\\MTG\\Desktop\\v0.9.1\\dataconnect`\nE0603 13:40:39.726848   27004 watch.go:76] watchAllDir unable to walk dir `c:\\Users\\MTG\\Desktop\\v0.9.1\\dataconnect`: on path \"c:\\\\Users\\\\MTG\\\\Desktop\\\\v0.9.1\\\\dataconnect\" (DirEntry: <nil>): CreateFile c:\\Users\\MTG\\Desktop\\v0.9.1\\dataconnect: The system cannot find the file specified.\n"}}
[debug] [2025-06-03T10:40:49.726Z] E0603 13:40:49.726124   27004 load.go:23] Could not load config from "c:\\Users\\MTG\\Desktop\\v0.9.1\\dataconnect": could not find dataconnect.yaml in `c:\Users\MTG\Desktop\v0.9.1\dataconnect`
 {"metadata":{"emulator":{"name":"dataconnect"},"message":"E0603 13:40:49.726124   27004 load.go:23] Could not load config from \"c:\\\\Users\\\\MTG\\\\Desktop\\\\v0.9.1\\\\dataconnect\": could not find dataconnect.yaml in `c:\\Users\\MTG\\Desktop\\v0.9.1\\dataconnect`\n"}}
[debug] [2025-06-03T10:40:59.727Z] E0603 13:40:59.726946   27004 load.go:23] Could not load config from "c:\\Users\\MTG\\Desktop\\v0.9.1\\dataconnect": could not find dataconnect.yaml in `c:\Users\MTG\Desktop\v0.9.1\dataconnect`
 {"metadata":{"emulator":{"name":"dataconnect"},"message":"E0603 13:40:59.726946   27004 load.go:23] Could not load config from \"c:\\\\Users\\\\MTG\\\\Desktop\\\\v0.9.1\\\\dataconnect\": could not find dataconnect.yaml in `c:\\Users\\MTG\\Desktop\\v0.9.1\\dataconnect`\n"}}
[debug] [2025-06-03T10:41:09.724Z] E0603 13:41:09.724365   27004 load.go:23] Could not load config from "c:\\Users\\MTG\\Desktop\\v0.9.1\\dataconnect": could not find dataconnect.yaml in `c:\Users\MTG\Desktop\v0.9.1\dataconnect`
 {"metadata":{"emulator":{"name":"dataconnect"},"message":"E0603 13:41:09.724365   27004 load.go:23] Could not load config from \"c:\\\\Users\\\\MTG\\\\Desktop\\\\v0.9.1\\\\dataconnect\": could not find dataconnect.yaml in `c:\\Users\\MTG\\Desktop\\v0.9.1\\dataconnect`\n"}}
[debug] [2025-06-03T10:41:19.716Z] E0603 13:41:19.716424   27004 load.go:23] Could not load config from "c:\\Users\\MTG\\Desktop\\v0.9.1\\dataconnect": could not find dataconnect.yaml in `c:\Users\MTG\Desktop\v0.9.1\dataconnect`
 {"metadata":{"emulator":{"name":"dataconnect"},"message":"E0603 13:41:19.716424   27004 load.go:23] Could not load config from \"c:\\\\Users\\\\MTG\\\\Desktop\\\\v0.9.1\\\\dataconnect\": could not find dataconnect.yaml in `c:\\Users\\MTG\\Desktop\\v0.9.1\\dataconnect`\n"}}
[debug] [2025-06-03T10:41:29.720Z] E0603 13:41:29.720306   27004 load.go:23] Could not load config from "c:\\Users\\MTG\\Desktop\\v0.9.1\\dataconnect": could not find dataconnect.yaml in `c:\Users\MTG\Desktop\v0.9.1\dataconnect`
 {"metadata":{"emulator":{"name":"dataconnect"},"message":"E0603 13:41:29.720306   27004 load.go:23] Could not load config from \"c:\\\\Users\\\\MTG\\\\Desktop\\\\v0.9.1\\\\dataconnect\": could not find dataconnect.yaml in `c:\\Users\\MTG\\Desktop\\v0.9.1\\dataconnect`\n"}}
[debug] [2025-06-03T10:41:39.719Z] E0603 13:41:39.719104   27004 load.go:23] Could not load config from "c:\\Users\\MTG\\Desktop\\v0.9.1\\dataconnect": could not find dataconnect.yaml in `c:\Users\MTG\Desktop\v0.9.1\dataconnect`
 {"metadata":{"emulator":{"name":"dataconnect"},"message":"E0603 13:41:39.719104   27004 load.go:23] Could not load config from \"c:\\\\Users\\\\MTG\\\\Desktop\\\\v0.9.1\\\\dataconnect\": could not find dataconnect.yaml in `c:\\Users\\MTG\\Desktop\\v0.9.1\\dataconnect`\n"}}
[debug] [2025-06-03T10:41:49.723Z] E0603 13:41:49.722995   27004 load.go:23] Could not load config from "c:\\Users\\MTG\\Desktop\\v0.9.1\\dataconnect": could not find dataconnect.yaml in `c:\Users\MTG\Desktop\v0.9.1\dataconnect`
 {"metadata":{"emulator":{"name":"dataconnect"},"message":"E0603 13:41:49.722995   27004 load.go:23] Could not load config from \"c:\\\\Users\\\\MTG\\\\Desktop\\\\v0.9.1\\\\dataconnect\": could not find dataconnect.yaml in `c:\\Users\\MTG\\Desktop\\v0.9.1\\dataconnect`\n"}}
[debug] [2025-06-03T10:41:59.719Z] E0603 13:41:59.720017   27004 load.go:23] Could not load config from "c:\\Users\\MTG\\Desktop\\v0.9.1\\dataconnect": could not find dataconnect.yaml in `c:\Users\MTG\Desktop\v0.9.1\dataconnect`
 {"metadata":{"emulator":{"name":"dataconnect"},"message":"E0603 13:41:59.720017   27004 load.go:23] Could not load config from \"c:\\\\Users\\\\MTG\\\\Desktop\\\\v0.9.1\\\\dataconnect\": could not find dataconnect.yaml in `c:\\Users\\MTG\\Desktop\\v0.9.1\\dataconnect`\n"}}
[debug] [2025-06-03T10:42:09.726Z] E0603 13:42:09.726216   27004 load.go:23] Could not load config from "c:\\Users\\MTG\\Desktop\\v0.9.1\\dataconnect": could not find dataconnect.yaml in `c:\Users\MTG\Desktop\v0.9.1\dataconnect`
 {"metadata":{"emulator":{"name":"dataconnect"},"message":"E0603 13:42:09.726216   27004 load.go:23] Could not load config from \"c:\\\\Users\\\\MTG\\\\Desktop\\\\v0.9.1\\\\dataconnect\": could not find dataconnect.yaml in `c:\\Users\\MTG\\Desktop\\v0.9.1\\dataconnect`\n"}}
[debug] [2025-06-03T10:42:19.720Z] E0603 13:42:19.720867   27004 load.go:23] Could not load config from "c:\\Users\\MTG\\Desktop\\v0.9.1\\dataconnect": could not find dataconnect.yaml in `c:\Users\MTG\Desktop\v0.9.1\dataconnect`
 {"metadata":{"emulator":{"name":"dataconnect"},"message":"E0603 13:42:19.720867   27004 load.go:23] Could not load config from \"c:\\\\Users\\\\MTG\\\\Desktop\\\\v0.9.1\\\\dataconnect\": could not find dataconnect.yaml in `c:\\Users\\MTG\\Desktop\\v0.9.1\\dataconnect`\n"}}
[debug] [2025-06-03T10:42:29.725Z] E0603 13:42:29.725307   27004 load.go:23] Could not load config from "c:\\Users\\MTG\\Desktop\\v0.9.1\\dataconnect": could not find dataconnect.yaml in `c:\Users\MTG\Desktop\v0.9.1\dataconnect`
 {"metadata":{"emulator":{"name":"dataconnect"},"message":"E0603 13:42:29.725307   27004 load.go:23] Could not load config from \"c:\\\\Users\\\\MTG\\\\Desktop\\\\v0.9.1\\\\dataconnect\": could not find dataconnect.yaml in `c:\\Users\\MTG\\Desktop\\v0.9.1\\dataconnect`\n"}}
[debug] [2025-06-03T10:42:39.720Z] E0603 13:42:39.720521   27004 load.go:23] Could not load config from "c:\\Users\\MTG\\Desktop\\v0.9.1\\dataconnect": could not find dataconnect.yaml in `c:\Users\MTG\Desktop\v0.9.1\dataconnect`
E0603 13:42:39.720521   27004 watch.go:76] watchAllDir unable to walk dir `c:\Users\MTG\Desktop\v0.9.1\dataconnect`: on path "c:\\Users\\MTG\\Desktop\\v0.9.1\\dataconnect" (DirEntry: <nil>): CreateFile c:\Users\MTG\Desktop\v0.9.1\dataconnect: The system cannot find the file specified.
 {"metadata":{"emulator":{"name":"dataconnect"},"message":"E0603 13:42:39.720521   27004 load.go:23] Could not load config from \"c:\\\\Users\\\\MTG\\\\Desktop\\\\v0.9.1\\\\dataconnect\": could not find dataconnect.yaml in `c:\\Users\\MTG\\Desktop\\v0.9.1\\dataconnect`\nE0603 13:42:39.720521   27004 watch.go:76] watchAllDir unable to walk dir `c:\\Users\\MTG\\Desktop\\v0.9.1\\dataconnect`: on path \"c:\\\\Users\\\\MTG\\\\Desktop\\\\v0.9.1\\\\dataconnect\" (DirEntry: <nil>): CreateFile c:\\Users\\MTG\\Desktop\\v0.9.1\\dataconnect: The system cannot find the file specified.\n"}}
[debug] [2025-06-03T10:42:49.732Z] E0603 13:42:49.732638   27004 load.go:23] Could not load config from "c:\\Users\\MTG\\Desktop\\v0.9.1\\dataconnect": could not find dataconnect.yaml in `c:\Users\MTG\Desktop\v0.9.1\dataconnect`
 {"metadata":{"emulator":{"name":"dataconnect"},"message":"E0603 13:42:49.732638   27004 load.go:23] Could not load config from \"c:\\\\Users\\\\MTG\\\\Desktop\\\\v0.9.1\\\\dataconnect\": could not find dataconnect.yaml in `c:\\Users\\MTG\\Desktop\\v0.9.1\\dataconnect`\n"}}
[debug] [2025-06-03T10:42:59.723Z] E0603 13:42:59.722757   27004 load.go:23] Could not load config from "c:\\Users\\MTG\\Desktop\\v0.9.1\\dataconnect": could not find dataconnect.yaml in `c:\Users\MTG\Desktop\v0.9.1\dataconnect`
 {"metadata":{"emulator":{"name":"dataconnect"},"message":"E0603 13:42:59.722757   27004 load.go:23] Could not load config from \"c:\\\\Users\\\\MTG\\\\Desktop\\\\v0.9.1\\\\dataconnect\": could not find dataconnect.yaml in `c:\\Users\\MTG\\Desktop\\v0.9.1\\dataconnect`\n"}}
[debug] [2025-06-03T10:43:09.724Z] E0603 13:43:09.724329   27004 load.go:23] Could not load config from "c:\\Users\\MTG\\Desktop\\v0.9.1\\dataconnect": could not find dataconnect.yaml in `c:\Users\MTG\Desktop\v0.9.1\dataconnect`
 {"metadata":{"emulator":{"name":"dataconnect"},"message":"E0603 13:43:09.724329   27004 load.go:23] Could not load config from \"c:\\\\Users\\\\MTG\\\\Desktop\\\\v0.9.1\\\\dataconnect\": could not find dataconnect.yaml in `c:\\Users\\MTG\\Desktop\\v0.9.1\\dataconnect`\n"}}
[debug] [2025-06-03T10:43:19.729Z] E0603 13:43:19.729743   27004 load.go:23] Could not load config from "c:\\Users\\MTG\\Desktop\\v0.9.1\\dataconnect": could not find dataconnect.yaml in `c:\Users\MTG\Desktop\v0.9.1\dataconnect`
 {"metadata":{"emulator":{"name":"dataconnect"},"message":"E0603 13:43:19.729743   27004 load.go:23] Could not load config from \"c:\\\\Users\\\\MTG\\\\Desktop\\\\v0.9.1\\\\dataconnect\": could not find dataconnect.yaml in `c:\\Users\\MTG\\Desktop\\v0.9.1\\dataconnect`\n"}}
[debug] [2025-06-03T10:43:29.722Z] E0603 13:43:29.722771   27004 load.go:23] Could not load config from "c:\\Users\\MTG\\Desktop\\v0.9.1\\dataconnect": could not find dataconnect.yaml in `c:\Users\MTG\Desktop\v0.9.1\dataconnect`
 {"metadata":{"emulator":{"name":"dataconnect"},"message":"E0603 13:43:29.722771   27004 load.go:23] Could not load config from \"c:\\\\Users\\\\MTG\\\\Desktop\\\\v0.9.1\\\\dataconnect\": could not find dataconnect.yaml in `c:\\Users\\MTG\\Desktop\\v0.9.1\\dataconnect`\n"}}
[debug] [2025-06-03T10:43:39.720Z] E0603 13:43:39.720958   27004 load.go:23] Could not load config from "c:\\Users\\MTG\\Desktop\\v0.9.1\\dataconnect": could not find dataconnect.yaml in `c:\Users\MTG\Desktop\v0.9.1\dataconnect`
 {"metadata":{"emulator":{"name":"dataconnect"},"message":"E0603 13:43:39.720958   27004 load.go:23] Could not load config from \"c:\\\\Users\\\\MTG\\\\Desktop\\\\v0.9.1\\\\dataconnect\": could not find dataconnect.yaml in `c:\\Users\\MTG\\Desktop\\v0.9.1\\dataconnect`\n"}}
[debug] [2025-06-03T10:43:49.722Z] E0603 13:43:49.722278   27004 load.go:23] Could not load config from "c:\\Users\\MTG\\Desktop\\v0.9.1\\dataconnect": could not find dataconnect.yaml in `c:\Users\MTG\Desktop\v0.9.1\dataconnect`
 {"metadata":{"emulator":{"name":"dataconnect"},"message":"E0603 13:43:49.722278   27004 load.go:23] Could not load config from \"c:\\\\Users\\\\MTG\\\\Desktop\\\\v0.9.1\\\\dataconnect\": could not find dataconnect.yaml in `c:\\Users\\MTG\\Desktop\\v0.9.1\\dataconnect`\n"}}
[debug] [2025-06-03T10:43:59.719Z] E0603 13:43:59.719651   27004 load.go:23] Could not load config from "c:\\Users\\MTG\\Desktop\\v0.9.1\\dataconnect": could not find dataconnect.yaml in `c:\Users\MTG\Desktop\v0.9.1\dataconnect`
 {"metadata":{"emulator":{"name":"dataconnect"},"message":"E0603 13:43:59.719651   27004 load.go:23] Could not load config from \"c:\\\\Users\\\\MTG\\\\Desktop\\\\v0.9.1\\\\dataconnect\": could not find dataconnect.yaml in `c:\\Users\\MTG\\Desktop\\v0.9.1\\dataconnect`\n"}}
[debug] [2025-06-03T10:44:09.724Z] E0603 13:44:09.724674   27004 load.go:23] Could not load config from "c:\\Users\\MTG\\Desktop\\v0.9.1\\dataconnect": could not find dataconnect.yaml in `c:\Users\MTG\Desktop\v0.9.1\dataconnect`
 {"metadata":{"emulator":{"name":"dataconnect"},"message":"E0603 13:44:09.724674   27004 load.go:23] Could not load config from \"c:\\\\Users\\\\MTG\\\\Desktop\\\\v0.9.1\\\\dataconnect\": could not find dataconnect.yaml in `c:\\Users\\MTG\\Desktop\\v0.9.1\\dataconnect`\n"}}
[debug] [2025-06-03T10:44:19.720Z] E0603 13:44:19.720679   27004 load.go:23] Could not load config from "c:\\Users\\MTG\\Desktop\\v0.9.1\\dataconnect": could not find dataconnect.yaml in `c:\Users\MTG\Desktop\v0.9.1\dataconnect`
 {"metadata":{"emulator":{"name":"dataconnect"},"message":"E0603 13:44:19.720679   27004 load.go:23] Could not load config from \"c:\\\\Users\\\\MTG\\\\Desktop\\\\v0.9.1\\\\dataconnect\": could not find dataconnect.yaml in `c:\\Users\\MTG\\Desktop\\v0.9.1\\dataconnect`\n"}}
[debug] [2025-06-03T10:44:29.720Z] E0603 13:44:29.719982   27004 load.go:23] Could not load config from "c:\\Users\\MTG\\Desktop\\v0.9.1\\dataconnect": could not find dataconnect.yaml in `c:\Users\MTG\Desktop\v0.9.1\dataconnect`
 {"metadata":{"emulator":{"name":"dataconnect"},"message":"E0603 13:44:29.719982   27004 load.go:23] Could not load config from \"c:\\\\Users\\\\MTG\\\\Desktop\\\\v0.9.1\\\\dataconnect\": could not find dataconnect.yaml in `c:\\Users\\MTG\\Desktop\\v0.9.1\\dataconnect`\n"}}
[debug] [2025-06-03T10:44:39.722Z] E0603 13:44:39.722792   27004 load.go:23] Could not load config from "c:\\Users\\MTG\\Desktop\\v0.9.1\\dataconnect": could not find dataconnect.yaml in `c:\Users\MTG\Desktop\v0.9.1\dataconnect`
E0603 13:44:39.722792   27004 watch.go:76] watchAllDir unable to walk dir `c:\Users\MTG\Desktop\v0.9.1\dataconnect`: on path "c:\\Users\\MTG\\Desktop\\v0.9.1\\dataconnect" (DirEntry: <nil>): CreateFile c:\Users\MTG\Desktop\v0.9.1\dataconnect: The system cannot find the file specified.
 {"metadata":{"emulator":{"name":"dataconnect"},"message":"E0603 13:44:39.722792   27004 load.go:23] Could not load config from \"c:\\\\Users\\\\MTG\\\\Desktop\\\\v0.9.1\\\\dataconnect\": could not find dataconnect.yaml in `c:\\Users\\MTG\\Desktop\\v0.9.1\\dataconnect`\nE0603 13:44:39.722792   27004 watch.go:76] watchAllDir unable to walk dir `c:\\Users\\MTG\\Desktop\\v0.9.1\\dataconnect`: on path \"c:\\\\Users\\\\MTG\\\\Desktop\\\\v0.9.1\\\\dataconnect\" (DirEntry: <nil>): CreateFile c:\\Users\\MTG\\Desktop\\v0.9.1\\dataconnect: The system cannot find the file specified.\n"}}
[debug] [2025-06-03T10:44:49.718Z] E0603 13:44:49.718216   27004 load.go:23] Could not load config from "c:\\Users\\MTG\\Desktop\\v0.9.1\\dataconnect": could not find dataconnect.yaml in `c:\Users\MTG\Desktop\v0.9.1\dataconnect`
 {"metadata":{"emulator":{"name":"dataconnect"},"message":"E0603 13:44:49.718216   27004 load.go:23] Could not load config from \"c:\\\\Users\\\\MTG\\\\Desktop\\\\v0.9.1\\\\dataconnect\": could not find dataconnect.yaml in `c:\\Users\\MTG\\Desktop\\v0.9.1\\dataconnect`\n"}}
[debug] [2025-06-03T10:44:59.727Z] E0603 13:44:59.727394   27004 load.go:23] Could not load config from "c:\\Users\\MTG\\Desktop\\v0.9.1\\dataconnect": could not find dataconnect.yaml in `c:\Users\MTG\Desktop\v0.9.1\dataconnect`
 {"metadata":{"emulator":{"name":"dataconnect"},"message":"E0603 13:44:59.727394   27004 load.go:23] Could not load config from \"c:\\\\Users\\\\MTG\\\\Desktop\\\\v0.9.1\\\\dataconnect\": could not find dataconnect.yaml in `c:\\Users\\MTG\\Desktop\\v0.9.1\\dataconnect`\n"}}
[debug] [2025-06-03T10:45:09.723Z] E0603 13:45:09.723912   27004 load.go:23] Could not load config from "c:\\Users\\MTG\\Desktop\\v0.9.1\\dataconnect": could not find dataconnect.yaml in `c:\Users\MTG\Desktop\v0.9.1\dataconnect`
 {"metadata":{"emulator":{"name":"dataconnect"},"message":"E0603 13:45:09.723912   27004 load.go:23] Could not load config from \"c:\\\\Users\\\\MTG\\\\Desktop\\\\v0.9.1\\\\dataconnect\": could not find dataconnect.yaml in `c:\\Users\\MTG\\Desktop\\v0.9.1\\dataconnect`\n"}}
[debug] [2025-06-03T10:45:19.729Z] E0603 13:45:19.729705   27004 load.go:23] Could not load config from "c:\\Users\\MTG\\Desktop\\v0.9.1\\dataconnect": could not find dataconnect.yaml in `c:\Users\MTG\Desktop\v0.9.1\dataconnect`
 {"metadata":{"emulator":{"name":"dataconnect"},"message":"E0603 13:45:19.729705   27004 load.go:23] Could not load config from \"c:\\\\Users\\\\MTG\\\\Desktop\\\\v0.9.1\\\\dataconnect\": could not find dataconnect.yaml in `c:\\Users\\MTG\\Desktop\\v0.9.1\\dataconnect`\n"}}
[debug] [2025-06-03T10:45:29.721Z] E0603 13:45:29.721339   27004 load.go:23] Could not load config from "c:\\Users\\MTG\\Desktop\\v0.9.1\\dataconnect": could not find dataconnect.yaml in `c:\Users\MTG\Desktop\v0.9.1\dataconnect`
 {"metadata":{"emulator":{"name":"dataconnect"},"message":"E0603 13:45:29.721339   27004 load.go:23] Could not load config from \"c:\\\\Users\\\\MTG\\\\Desktop\\\\v0.9.1\\\\dataconnect\": could not find dataconnect.yaml in `c:\\Users\\MTG\\Desktop\\v0.9.1\\dataconnect`\n"}}
[debug] [2025-06-03T10:45:39.716Z] E0603 13:45:39.716842   27004 load.go:23] Could not load config from "c:\\Users\\MTG\\Desktop\\v0.9.1\\dataconnect": could not find dataconnect.yaml in `c:\Users\MTG\Desktop\v0.9.1\dataconnect`
 {"metadata":{"emulator":{"name":"dataconnect"},"message":"E0603 13:45:39.716842   27004 load.go:23] Could not load config from \"c:\\\\Users\\\\MTG\\\\Desktop\\\\v0.9.1\\\\dataconnect\": could not find dataconnect.yaml in `c:\\Users\\MTG\\Desktop\\v0.9.1\\dataconnect`\n"}}
[debug] [2025-06-03T10:45:49.717Z] E0603 13:45:49.717364   27004 load.go:23] Could not load config from "c:\\Users\\MTG\\Desktop\\v0.9.1\\dataconnect": could not find dataconnect.yaml in `c:\Users\MTG\Desktop\v0.9.1\dataconnect`
 {"metadata":{"emulator":{"name":"dataconnect"},"message":"E0603 13:45:49.717364   27004 load.go:23] Could not load config from \"c:\\\\Users\\\\MTG\\\\Desktop\\\\v0.9.1\\\\dataconnect\": could not find dataconnect.yaml in `c:\\Users\\MTG\\Desktop\\v0.9.1\\dataconnect`\n"}}
[debug] [2025-06-03T10:45:59.729Z] E0603 13:45:59.729482   27004 load.go:23] Could not load config from "c:\\Users\\MTG\\Desktop\\v0.9.1\\dataconnect": could not find dataconnect.yaml in `c:\Users\MTG\Desktop\v0.9.1\dataconnect`
 {"metadata":{"emulator":{"name":"dataconnect"},"message":"E0603 13:45:59.729482   27004 load.go:23] Could not load config from \"c:\\\\Users\\\\MTG\\\\Desktop\\\\v0.9.1\\\\dataconnect\": could not find dataconnect.yaml in `c:\\Users\\MTG\\Desktop\\v0.9.1\\dataconnect`\n"}}
[debug] [2025-06-03T10:46:09.723Z] E0603 13:46:09.723421   27004 load.go:23] Could not load config from "c:\\Users\\MTG\\Desktop\\v0.9.1\\dataconnect": could not find dataconnect.yaml in `c:\Users\MTG\Desktop\v0.9.1\dataconnect`
 {"metadata":{"emulator":{"name":"dataconnect"},"message":"E0603 13:46:09.723421   27004 load.go:23] Could not load config from \"c:\\\\Users\\\\MTG\\\\Desktop\\\\v0.9.1\\\\dataconnect\": could not find dataconnect.yaml in `c:\\Users\\MTG\\Desktop\\v0.9.1\\dataconnect`\n"}}
[debug] [2025-06-03T10:46:19.730Z] E0603 13:46:19.730546   27004 load.go:23] Could not load config from "c:\\Users\\MTG\\Desktop\\v0.9.1\\dataconnect": could not find dataconnect.yaml in `c:\Users\MTG\Desktop\v0.9.1\dataconnect`
 {"metadata":{"emulator":{"name":"dataconnect"},"message":"E0603 13:46:19.730546   27004 load.go:23] Could not load config from \"c:\\\\Users\\\\MTG\\\\Desktop\\\\v0.9.1\\\\dataconnect\": could not find dataconnect.yaml in `c:\\Users\\MTG\\Desktop\\v0.9.1\\dataconnect`\n"}}
[debug] [2025-06-03T10:46:29.721Z] E0603 13:46:29.721154   27004 load.go:23] Could not load config from "c:\\Users\\MTG\\Desktop\\v0.9.1\\dataconnect": could not find dataconnect.yaml in `c:\Users\MTG\Desktop\v0.9.1\dataconnect`
 {"metadata":{"emulator":{"name":"dataconnect"},"message":"E0603 13:46:29.721154   27004 load.go:23] Could not load config from \"c:\\\\Users\\\\MTG\\\\Desktop\\\\v0.9.1\\\\dataconnect\": could not find dataconnect.yaml in `c:\\Users\\MTG\\Desktop\\v0.9.1\\dataconnect`\n"}}
[debug] [2025-06-03T10:46:39.718Z] E0603 13:46:39.718450   27004 load.go:23] Could not load config from "c:\\Users\\MTG\\Desktop\\v0.9.1\\dataconnect": could not find dataconnect.yaml in `c:\Users\MTG\Desktop\v0.9.1\dataconnect`
 {"metadata":{"emulator":{"name":"dataconnect"},"message":"E0603 13:46:39.718450   27004 load.go:23] Could not load config from \"c:\\\\Users\\\\MTG\\\\Desktop\\\\v0.9.1\\\\dataconnect\": could not find dataconnect.yaml in `c:\\Users\\MTG\\Desktop\\v0.9.1\\dataconnect`\n"}}
[debug] [2025-06-03T10:46:39.721Z] E0603 13:46:39.720962   27004 watch.go:76] watchAllDir unable to walk dir `c:\Users\MTG\Desktop\v0.9.1\dataconnect`: on path "c:\\Users\\MTG\\Desktop\\v0.9.1\\dataconnect" (DirEntry: <nil>): CreateFile c:\Users\MTG\Desktop\v0.9.1\dataconnect: The system cannot find the file specified.
 {"metadata":{"emulator":{"name":"dataconnect"},"message":"E0603 13:46:39.720962   27004 watch.go:76] watchAllDir unable to walk dir `c:\\Users\\MTG\\Desktop\\v0.9.1\\dataconnect`: on path \"c:\\\\Users\\\\MTG\\\\Desktop\\\\v0.9.1\\\\dataconnect\" (DirEntry: <nil>): CreateFile c:\\Users\\MTG\\Desktop\\v0.9.1\\dataconnect: The system cannot find the file specified.\n"}}
[debug] [2025-06-03T10:46:49.725Z] E0603 13:46:49.725246   27004 load.go:23] Could not load config from "c:\\Users\\MTG\\Desktop\\v0.9.1\\dataconnect": could not find dataconnect.yaml in `c:\Users\MTG\Desktop\v0.9.1\dataconnect`
 {"metadata":{"emulator":{"name":"dataconnect"},"message":"E0603 13:46:49.725246   27004 load.go:23] Could not load config from \"c:\\\\Users\\\\MTG\\\\Desktop\\\\v0.9.1\\\\dataconnect\": could not find dataconnect.yaml in `c:\\Users\\MTG\\Desktop\\v0.9.1\\dataconnect`\n"}}
[debug] [2025-06-03T10:46:59.730Z] E0603 13:46:59.730055   27004 load.go:23] Could not load config from "c:\\Users\\MTG\\Desktop\\v0.9.1\\dataconnect": could not find dataconnect.yaml in `c:\Users\MTG\Desktop\v0.9.1\dataconnect`
 {"metadata":{"emulator":{"name":"dataconnect"},"message":"E0603 13:46:59.730055   27004 load.go:23] Could not load config from \"c:\\\\Users\\\\MTG\\\\Desktop\\\\v0.9.1\\\\dataconnect\": could not find dataconnect.yaml in `c:\\Users\\MTG\\Desktop\\v0.9.1\\dataconnect`\n"}}
[debug] [2025-06-03T10:47:09.723Z] E0603 13:47:09.723599   27004 load.go:23] Could not load config from "c:\\Users\\MTG\\Desktop\\v0.9.1\\dataconnect": could not find dataconnect.yaml in `c:\Users\MTG\Desktop\v0.9.1\dataconnect`
 {"metadata":{"emulator":{"name":"dataconnect"},"message":"E0603 13:47:09.723599   27004 load.go:23] Could not load config from \"c:\\\\Users\\\\MTG\\\\Desktop\\\\v0.9.1\\\\dataconnect\": could not find dataconnect.yaml in `c:\\Users\\MTG\\Desktop\\v0.9.1\\dataconnect`\n"}}
[debug] [2025-06-03T10:47:19.722Z] E0603 13:47:19.722651   27004 load.go:23] Could not load config from "c:\\Users\\MTG\\Desktop\\v0.9.1\\dataconnect": could not find dataconnect.yaml in `c:\Users\MTG\Desktop\v0.9.1\dataconnect`
 {"metadata":{"emulator":{"name":"dataconnect"},"message":"E0603 13:47:19.722651   27004 load.go:23] Could not load config from \"c:\\\\Users\\\\MTG\\\\Desktop\\\\v0.9.1\\\\dataconnect\": could not find dataconnect.yaml in `c:\\Users\\MTG\\Desktop\\v0.9.1\\dataconnect`\n"}}
[debug] [2025-06-03T10:47:29.730Z] E0603 13:47:29.730255   27004 load.go:23] Could not load config from "c:\\Users\\MTG\\Desktop\\v0.9.1\\dataconnect": could not find dataconnect.yaml in `c:\Users\MTG\Desktop\v0.9.1\dataconnect`
 {"metadata":{"emulator":{"name":"dataconnect"},"message":"E0603 13:47:29.730255   27004 load.go:23] Could not load config from \"c:\\\\Users\\\\MTG\\\\Desktop\\\\v0.9.1\\\\dataconnect\": could not find dataconnect.yaml in `c:\\Users\\MTG\\Desktop\\v0.9.1\\dataconnect`\n"}}
[debug] [2025-06-03T10:47:39.728Z] E0603 13:47:39.728432   27004 load.go:23] Could not load config from "c:\\Users\\MTG\\Desktop\\v0.9.1\\dataconnect": could not find dataconnect.yaml in `c:\Users\MTG\Desktop\v0.9.1\dataconnect`
 {"metadata":{"emulator":{"name":"dataconnect"},"message":"E0603 13:47:39.728432   27004 load.go:23] Could not load config from \"c:\\\\Users\\\\MTG\\\\Desktop\\\\v0.9.1\\\\dataconnect\": could not find dataconnect.yaml in `c:\\Users\\MTG\\Desktop\\v0.9.1\\dataconnect`\n"}}
[debug] [2025-06-03T10:47:49.719Z] E0603 13:47:49.719504   27004 load.go:23] Could not load config from "c:\\Users\\MTG\\Desktop\\v0.9.1\\dataconnect": could not find dataconnect.yaml in `c:\Users\MTG\Desktop\v0.9.1\dataconnect`
 {"metadata":{"emulator":{"name":"dataconnect"},"message":"E0603 13:47:49.719504   27004 load.go:23] Could not load config from \"c:\\\\Users\\\\MTG\\\\Desktop\\\\v0.9.1\\\\dataconnect\": could not find dataconnect.yaml in `c:\\Users\\MTG\\Desktop\\v0.9.1\\dataconnect`\n"}}
[debug] [2025-06-03T10:47:59.717Z] E0603 13:47:59.716916   27004 load.go:23] Could not load config from "c:\\Users\\MTG\\Desktop\\v0.9.1\\dataconnect": could not find dataconnect.yaml in `c:\Users\MTG\Desktop\v0.9.1\dataconnect`
 {"metadata":{"emulator":{"name":"dataconnect"},"message":"E0603 13:47:59.716916   27004 load.go:23] Could not load config from \"c:\\\\Users\\\\MTG\\\\Desktop\\\\v0.9.1\\\\dataconnect\": could not find dataconnect.yaml in `c:\\Users\\MTG\\Desktop\\v0.9.1\\dataconnect`\n"}}
[debug] [2025-06-03T10:48:09.731Z] E0603 13:48:09.731279   27004 load.go:23] Could not load config from "c:\\Users\\MTG\\Desktop\\v0.9.1\\dataconnect": could not find dataconnect.yaml in `c:\Users\MTG\Desktop\v0.9.1\dataconnect`
 {"metadata":{"emulator":{"name":"dataconnect"},"message":"E0603 13:48:09.731279   27004 load.go:23] Could not load config from \"c:\\\\Users\\\\MTG\\\\Desktop\\\\v0.9.1\\\\dataconnect\": could not find dataconnect.yaml in `c:\\Users\\MTG\\Desktop\\v0.9.1\\dataconnect`\n"}}
[debug] [2025-06-03T10:48:19.729Z] E0603 13:48:19.729575   27004 load.go:23] Could not load config from "c:\\Users\\MTG\\Desktop\\v0.9.1\\dataconnect": could not find dataconnect.yaml in `c:\Users\MTG\Desktop\v0.9.1\dataconnect`
 {"metadata":{"emulator":{"name":"dataconnect"},"message":"E0603 13:48:19.729575   27004 load.go:23] Could not load config from \"c:\\\\Users\\\\MTG\\\\Desktop\\\\v0.9.1\\\\dataconnect\": could not find dataconnect.yaml in `c:\\Users\\MTG\\Desktop\\v0.9.1\\dataconnect`\n"}}
[debug] [2025-06-03T10:48:29.718Z] E0603 13:48:29.717754   27004 load.go:23] Could not load config from "c:\\Users\\MTG\\Desktop\\v0.9.1\\dataconnect": could not find dataconnect.yaml in `c:\Users\MTG\Desktop\v0.9.1\dataconnect`
 {"metadata":{"emulator":{"name":"dataconnect"},"message":"E0603 13:48:29.717754   27004 load.go:23] Could not load config from \"c:\\\\Users\\\\MTG\\\\Desktop\\\\v0.9.1\\\\dataconnect\": could not find dataconnect.yaml in `c:\\Users\\MTG\\Desktop\\v0.9.1\\dataconnect`\n"}}
[debug] [2025-06-03T10:48:39.730Z] E0603 13:48:39.730417   27004 load.go:23] Could not load config from "c:\\Users\\MTG\\Desktop\\v0.9.1\\dataconnect": could not find dataconnect.yaml in `c:\Users\MTG\Desktop\v0.9.1\dataconnect`
E0603 13:48:39.730417   27004 watch.go:76] watchAllDir unable to walk dir `c:\Users\MTG\Desktop\v0.9.1\dataconnect`: on path "c:\\Users\\MTG\\Desktop\\v0.9.1\\dataconnect" (DirEntry: <nil>): CreateFile c:\Users\MTG\Desktop\v0.9.1\dataconnect: The system cannot find the file specified.
 {"metadata":{"emulator":{"name":"dataconnect"},"message":"E0603 13:48:39.730417   27004 load.go:23] Could not load config from \"c:\\\\Users\\\\MTG\\\\Desktop\\\\v0.9.1\\\\dataconnect\": could not find dataconnect.yaml in `c:\\Users\\MTG\\Desktop\\v0.9.1\\dataconnect`\nE0603 13:48:39.730417   27004 watch.go:76] watchAllDir unable to walk dir `c:\\Users\\MTG\\Desktop\\v0.9.1\\dataconnect`: on path \"c:\\\\Users\\\\MTG\\\\Desktop\\\\v0.9.1\\\\dataconnect\" (DirEntry: <nil>): CreateFile c:\\Users\\MTG\\Desktop\\v0.9.1\\dataconnect: The system cannot find the file specified.\n"}}
[debug] [2025-06-03T10:48:49.730Z] E0603 13:48:49.730098   27004 load.go:23] Could not load config from "c:\\Users\\MTG\\Desktop\\v0.9.1\\dataconnect": could not find dataconnect.yaml in `c:\Users\MTG\Desktop\v0.9.1\dataconnect`
 {"metadata":{"emulator":{"name":"dataconnect"},"message":"E0603 13:48:49.730098   27004 load.go:23] Could not load config from \"c:\\\\Users\\\\MTG\\\\Desktop\\\\v0.9.1\\\\dataconnect\": could not find dataconnect.yaml in `c:\\Users\\MTG\\Desktop\\v0.9.1\\dataconnect`\n"}}
[debug] [2025-06-03T10:48:59.724Z] E0603 13:48:59.724363   27004 load.go:23] Could not load config from "c:\\Users\\MTG\\Desktop\\v0.9.1\\dataconnect": could not find dataconnect.yaml in `c:\Users\MTG\Desktop\v0.9.1\dataconnect`
 {"metadata":{"emulator":{"name":"dataconnect"},"message":"E0603 13:48:59.724363   27004 load.go:23] Could not load config from \"c:\\\\Users\\\\MTG\\\\Desktop\\\\v0.9.1\\\\dataconnect\": could not find dataconnect.yaml in `c:\\Users\\MTG\\Desktop\\v0.9.1\\dataconnect`\n"}}
[debug] [2025-06-03T10:49:09.724Z] E0603 13:49:09.724875   27004 load.go:23] Could not load config from "c:\\Users\\MTG\\Desktop\\v0.9.1\\dataconnect": could not find dataconnect.yaml in `c:\Users\MTG\Desktop\v0.9.1\dataconnect`
 {"metadata":{"emulator":{"name":"dataconnect"},"message":"E0603 13:49:09.724875   27004 load.go:23] Could not load config from \"c:\\\\Users\\\\MTG\\\\Desktop\\\\v0.9.1\\\\dataconnect\": could not find dataconnect.yaml in `c:\\Users\\MTG\\Desktop\\v0.9.1\\dataconnect`\n"}}
[debug] [2025-06-03T10:49:19.727Z] E0603 13:49:19.727083   27004 load.go:23] Could not load config from "c:\\Users\\MTG\\Desktop\\v0.9.1\\dataconnect": could not find dataconnect.yaml in `c:\Users\MTG\Desktop\v0.9.1\dataconnect`
 {"metadata":{"emulator":{"name":"dataconnect"},"message":"E0603 13:49:19.727083   27004 load.go:23] Could not load config from \"c:\\\\Users\\\\MTG\\\\Desktop\\\\v0.9.1\\\\dataconnect\": could not find dataconnect.yaml in `c:\\Users\\MTG\\Desktop\\v0.9.1\\dataconnect`\n"}}
[debug] [2025-06-03T10:49:29.721Z] E0603 13:49:29.721945   27004 load.go:23] Could not load config from "c:\\Users\\MTG\\Desktop\\v0.9.1\\dataconnect": could not find dataconnect.yaml in `c:\Users\MTG\Desktop\v0.9.1\dataconnect`
 {"metadata":{"emulator":{"name":"dataconnect"},"message":"E0603 13:49:29.721945   27004 load.go:23] Could not load config from \"c:\\\\Users\\\\MTG\\\\Desktop\\\\v0.9.1\\\\dataconnect\": could not find dataconnect.yaml in `c:\\Users\\MTG\\Desktop\\v0.9.1\\dataconnect`\n"}}
[debug] [2025-06-03T10:49:39.722Z] E0603 13:49:39.721748   27004 load.go:23] Could not load config from "c:\\Users\\MTG\\Desktop\\v0.9.1\\dataconnect": could not find dataconnect.yaml in `c:\Users\MTG\Desktop\v0.9.1\dataconnect`
 {"metadata":{"emulator":{"name":"dataconnect"},"message":"E0603 13:49:39.721748   27004 load.go:23] Could not load config from \"c:\\\\Users\\\\MTG\\\\Desktop\\\\v0.9.1\\\\dataconnect\": could not find dataconnect.yaml in `c:\\Users\\MTG\\Desktop\\v0.9.1\\dataconnect`\n"}}
[debug] [2025-06-03T10:49:49.719Z] E0603 13:49:49.719841   27004 load.go:23] Could not load config from "c:\\Users\\MTG\\Desktop\\v0.9.1\\dataconnect": could not find dataconnect.yaml in `c:\Users\MTG\Desktop\v0.9.1\dataconnect`
 {"metadata":{"emulator":{"name":"dataconnect"},"message":"E0603 13:49:49.719841   27004 load.go:23] Could not load config from \"c:\\\\Users\\\\MTG\\\\Desktop\\\\v0.9.1\\\\dataconnect\": could not find dataconnect.yaml in `c:\\Users\\MTG\\Desktop\\v0.9.1\\dataconnect`\n"}}
[debug] [2025-06-03T10:49:59.720Z] E0603 13:49:59.720401   27004 load.go:23] Could not load config from "c:\\Users\\MTG\\Desktop\\v0.9.1\\dataconnect": could not find dataconnect.yaml in `c:\Users\MTG\Desktop\v0.9.1\dataconnect`
 {"metadata":{"emulator":{"name":"dataconnect"},"message":"E0603 13:49:59.720401   27004 load.go:23] Could not load config from \"c:\\\\Users\\\\MTG\\\\Desktop\\\\v0.9.1\\\\dataconnect\": could not find dataconnect.yaml in `c:\\Users\\MTG\\Desktop\\v0.9.1\\dataconnect`\n"}}
[debug] [2025-06-03T10:50:09.726Z] E0603 13:50:09.726413   27004 load.go:23] Could not load config from "c:\\Users\\MTG\\Desktop\\v0.9.1\\dataconnect": could not find dataconnect.yaml in `c:\Users\MTG\Desktop\v0.9.1\dataconnect`
 {"metadata":{"emulator":{"name":"dataconnect"},"message":"E0603 13:50:09.726413   27004 load.go:23] Could not load config from \"c:\\\\Users\\\\MTG\\\\Desktop\\\\v0.9.1\\\\dataconnect\": could not find dataconnect.yaml in `c:\\Users\\MTG\\Desktop\\v0.9.1\\dataconnect`\n"}}
[debug] [2025-06-03T10:50:19.720Z] E0603 13:50:19.720972   27004 load.go:23] Could not load config from "c:\\Users\\MTG\\Desktop\\v0.9.1\\dataconnect": could not find dataconnect.yaml in `c:\Users\MTG\Desktop\v0.9.1\dataconnect`
 {"metadata":{"emulator":{"name":"dataconnect"},"message":"E0603 13:50:19.720972   27004 load.go:23] Could not load config from \"c:\\\\Users\\\\MTG\\\\Desktop\\\\v0.9.1\\\\dataconnect\": could not find dataconnect.yaml in `c:\\Users\\MTG\\Desktop\\v0.9.1\\dataconnect`\n"}}
[debug] [2025-06-03T10:50:29.724Z] E0603 13:50:29.724247   27004 load.go:23] Could not load config from "c:\\Users\\MTG\\Desktop\\v0.9.1\\dataconnect": could not find dataconnect.yaml in `c:\Users\MTG\Desktop\v0.9.1\dataconnect`
 {"metadata":{"emulator":{"name":"dataconnect"},"message":"E0603 13:50:29.724247   27004 load.go:23] Could not load config from \"c:\\\\Users\\\\MTG\\\\Desktop\\\\v0.9.1\\\\dataconnect\": could not find dataconnect.yaml in `c:\\Users\\MTG\\Desktop\\v0.9.1\\dataconnect`\n"}}
[debug] [2025-06-03T10:50:39.730Z] E0603 13:50:39.729416   27004 load.go:23] Could not load config from "c:\\Users\\MTG\\Desktop\\v0.9.1\\dataconnect": could not find dataconnect.yaml in `c:\Users\MTG\Desktop\v0.9.1\dataconnect`
 {"metadata":{"emulator":{"name":"dataconnect"},"message":"E0603 13:50:39.729416   27004 load.go:23] Could not load config from \"c:\\\\Users\\\\MTG\\\\Desktop\\\\v0.9.1\\\\dataconnect\": could not find dataconnect.yaml in `c:\\Users\\MTG\\Desktop\\v0.9.1\\dataconnect`\n"}}
[debug] [2025-06-03T10:50:39.730Z] E0603 13:50:39.729416   27004 watch.go:76] watchAllDir unable to walk dir `c:\Users\MTG\Desktop\v0.9.1\dataconnect`: on path "c:\\Users\\MTG\\Desktop\\v0.9.1\\dataconnect" (DirEntry: <nil>): CreateFile c:\Users\MTG\Desktop\v0.9.1\dataconnect: The system cannot find the file specified.
 {"metadata":{"emulator":{"name":"dataconnect"},"message":"E0603 13:50:39.729416   27004 watch.go:76] watchAllDir unable to walk dir `c:\\Users\\MTG\\Desktop\\v0.9.1\\dataconnect`: on path \"c:\\\\Users\\\\MTG\\\\Desktop\\\\v0.9.1\\\\dataconnect\" (DirEntry: <nil>): CreateFile c:\\Users\\MTG\\Desktop\\v0.9.1\\dataconnect: The system cannot find the file specified.\n"}}
[debug] [2025-06-03T10:50:49.731Z] E0603 13:50:49.731060   27004 load.go:23] Could not load config from "c:\\Users\\MTG\\Desktop\\v0.9.1\\dataconnect": could not find dataconnect.yaml in `c:\Users\MTG\Desktop\v0.9.1\dataconnect`
 {"metadata":{"emulator":{"name":"dataconnect"},"message":"E0603 13:50:49.731060   27004 load.go:23] Could not load config from \"c:\\\\Users\\\\MTG\\\\Desktop\\\\v0.9.1\\\\dataconnect\": could not find dataconnect.yaml in `c:\\Users\\MTG\\Desktop\\v0.9.1\\dataconnect`\n"}}
[debug] [2025-06-03T10:50:59.730Z] E0603 13:50:59.729811   27004 load.go:23] Could not load config from "c:\\Users\\MTG\\Desktop\\v0.9.1\\dataconnect": could not find dataconnect.yaml in `c:\Users\MTG\Desktop\v0.9.1\dataconnect`
 {"metadata":{"emulator":{"name":"dataconnect"},"message":"E0603 13:50:59.729811   27004 load.go:23] Could not load config from \"c:\\\\Users\\\\MTG\\\\Desktop\\\\v0.9.1\\\\dataconnect\": could not find dataconnect.yaml in `c:\\Users\\MTG\\Desktop\\v0.9.1\\dataconnect`\n"}}
[debug] [2025-06-03T10:51:09.726Z] E0603 13:51:09.725937   27004 load.go:23] Could not load config from "c:\\Users\\MTG\\Desktop\\v0.9.1\\dataconnect": could not find dataconnect.yaml in `c:\Users\MTG\Desktop\v0.9.1\dataconnect`
 {"metadata":{"emulator":{"name":"dataconnect"},"message":"E0603 13:51:09.725937   27004 load.go:23] Could not load config from \"c:\\\\Users\\\\MTG\\\\Desktop\\\\v0.9.1\\\\dataconnect\": could not find dataconnect.yaml in `c:\\Users\\MTG\\Desktop\\v0.9.1\\dataconnect`\n"}}
[debug] [2025-06-03T10:51:19.726Z] E0603 13:51:19.726562   27004 load.go:23] Could not load config from "c:\\Users\\MTG\\Desktop\\v0.9.1\\dataconnect": could not find dataconnect.yaml in `c:\Users\MTG\Desktop\v0.9.1\dataconnect`
 {"metadata":{"emulator":{"name":"dataconnect"},"message":"E0603 13:51:19.726562   27004 load.go:23] Could not load config from \"c:\\\\Users\\\\MTG\\\\Desktop\\\\v0.9.1\\\\dataconnect\": could not find dataconnect.yaml in `c:\\Users\\MTG\\Desktop\\v0.9.1\\dataconnect`\n"}}
[debug] [2025-06-03T10:51:29.717Z] E0603 13:51:29.717056   27004 load.go:23] Could not load config from "c:\\Users\\MTG\\Desktop\\v0.9.1\\dataconnect": could not find dataconnect.yaml in `c:\Users\MTG\Desktop\v0.9.1\dataconnect`
 {"metadata":{"emulator":{"name":"dataconnect"},"message":"E0603 13:51:29.717056   27004 load.go:23] Could not load config from \"c:\\\\Users\\\\MTG\\\\Desktop\\\\v0.9.1\\\\dataconnect\": could not find dataconnect.yaml in `c:\\Users\\MTG\\Desktop\\v0.9.1\\dataconnect`\n"}}
[debug] [2025-06-03T10:51:39.727Z] E0603 13:51:39.727211   27004 load.go:23] Could not load config from "c:\\Users\\MTG\\Desktop\\v0.9.1\\dataconnect": could not find dataconnect.yaml in `c:\Users\MTG\Desktop\v0.9.1\dataconnect`
 {"metadata":{"emulator":{"name":"dataconnect"},"message":"E0603 13:51:39.727211   27004 load.go:23] Could not load config from \"c:\\\\Users\\\\MTG\\\\Desktop\\\\v0.9.1\\\\dataconnect\": could not find dataconnect.yaml in `c:\\Users\\MTG\\Desktop\\v0.9.1\\dataconnect`\n"}}
[debug] [2025-06-03T10:51:49.717Z] E0603 13:51:49.717886   27004 load.go:23] Could not load config from "c:\\Users\\MTG\\Desktop\\v0.9.1\\dataconnect": could not find dataconnect.yaml in `c:\Users\MTG\Desktop\v0.9.1\dataconnect`
 {"metadata":{"emulator":{"name":"dataconnect"},"message":"E0603 13:51:49.717886   27004 load.go:23] Could not load config from \"c:\\\\Users\\\\MTG\\\\Desktop\\\\v0.9.1\\\\dataconnect\": could not find dataconnect.yaml in `c:\\Users\\MTG\\Desktop\\v0.9.1\\dataconnect`\n"}}
[debug] [2025-06-03T10:51:59.721Z] E0603 13:51:59.721794   27004 load.go:23] Could not load config from "c:\\Users\\MTG\\Desktop\\v0.9.1\\dataconnect": could not find dataconnect.yaml in `c:\Users\MTG\Desktop\v0.9.1\dataconnect`
 {"metadata":{"emulator":{"name":"dataconnect"},"message":"E0603 13:51:59.721794   27004 load.go:23] Could not load config from \"c:\\\\Users\\\\MTG\\\\Desktop\\\\v0.9.1\\\\dataconnect\": could not find dataconnect.yaml in `c:\\Users\\MTG\\Desktop\\v0.9.1\\dataconnect`\n"}}
[debug] [2025-06-03T10:52:09.722Z] E0603 13:52:09.722238   27004 load.go:23] Could not load config from "c:\\Users\\MTG\\Desktop\\v0.9.1\\dataconnect": could not find dataconnect.yaml in `c:\Users\MTG\Desktop\v0.9.1\dataconnect`
 {"metadata":{"emulator":{"name":"dataconnect"},"message":"E0603 13:52:09.722238   27004 load.go:23] Could not load config from \"c:\\\\Users\\\\MTG\\\\Desktop\\\\v0.9.1\\\\dataconnect\": could not find dataconnect.yaml in `c:\\Users\\MTG\\Desktop\\v0.9.1\\dataconnect`\n"}}
[debug] [2025-06-03T10:52:19.726Z] E0603 13:52:19.726902   27004 load.go:23] Could not load config from "c:\\Users\\MTG\\Desktop\\v0.9.1\\dataconnect": could not find dataconnect.yaml in `c:\Users\MTG\Desktop\v0.9.1\dataconnect`
 {"metadata":{"emulator":{"name":"dataconnect"},"message":"E0603 13:52:19.726902   27004 load.go:23] Could not load config from \"c:\\\\Users\\\\MTG\\\\Desktop\\\\v0.9.1\\\\dataconnect\": could not find dataconnect.yaml in `c:\\Users\\MTG\\Desktop\\v0.9.1\\dataconnect`\n"}}
[debug] [2025-06-03T10:52:29.730Z] E0603 13:52:29.730824   27004 load.go:23] Could not load config from "c:\\Users\\MTG\\Desktop\\v0.9.1\\dataconnect": could not find dataconnect.yaml in `c:\Users\MTG\Desktop\v0.9.1\dataconnect`
 {"metadata":{"emulator":{"name":"dataconnect"},"message":"E0603 13:52:29.730824   27004 load.go:23] Could not load config from \"c:\\\\Users\\\\MTG\\\\Desktop\\\\v0.9.1\\\\dataconnect\": could not find dataconnect.yaml in `c:\\Users\\MTG\\Desktop\\v0.9.1\\dataconnect`\n"}}
[debug] [2025-06-03T10:52:39.717Z] E0603 13:52:39.717646   27004 load.go:23] Could not load config from "c:\\Users\\MTG\\Desktop\\v0.9.1\\dataconnect": could not find dataconnect.yaml in `c:\Users\MTG\Desktop\v0.9.1\dataconnect`
 {"metadata":{"emulator":{"name":"dataconnect"},"message":"E0603 13:52:39.717646   27004 load.go:23] Could not load config from \"c:\\\\Users\\\\MTG\\\\Desktop\\\\v0.9.1\\\\dataconnect\": could not find dataconnect.yaml in `c:\\Users\\MTG\\Desktop\\v0.9.1\\dataconnect`\n"}}
[debug] [2025-06-03T10:52:39.718Z] E0603 13:52:39.718149   27004 watch.go:76] watchAllDir unable to walk dir `c:\Users\MTG\Desktop\v0.9.1\dataconnect`: on path "c:\\Users\\MTG\\Desktop\\v0.9.1\\dataconnect" (DirEntry: <nil>): CreateFile c:\Users\MTG\Desktop\v0.9.1\dataconnect: The system cannot find the file specified.
 {"metadata":{"emulator":{"name":"dataconnect"},"message":"E0603 13:52:39.718149   27004 watch.go:76] watchAllDir unable to walk dir `c:\\Users\\MTG\\Desktop\\v0.9.1\\dataconnect`: on path \"c:\\\\Users\\\\MTG\\\\Desktop\\\\v0.9.1\\\\dataconnect\" (DirEntry: <nil>): CreateFile c:\\Users\\MTG\\Desktop\\v0.9.1\\dataconnect: The system cannot find the file specified.\n"}}
[debug] [2025-06-03T10:52:49.729Z] E0603 13:52:49.729624   27004 load.go:23] Could not load config from "c:\\Users\\MTG\\Desktop\\v0.9.1\\dataconnect": could not find dataconnect.yaml in `c:\Users\MTG\Desktop\v0.9.1\dataconnect`
 {"metadata":{"emulator":{"name":"dataconnect"},"message":"E0603 13:52:49.729624   27004 load.go:23] Could not load config from \"c:\\\\Users\\\\MTG\\\\Desktop\\\\v0.9.1\\\\dataconnect\": could not find dataconnect.yaml in `c:\\Users\\MTG\\Desktop\\v0.9.1\\dataconnect`\n"}}
[debug] [2025-06-03T10:52:59.717Z] E0603 13:52:59.716890   27004 load.go:23] Could not load config from "c:\\Users\\MTG\\Desktop\\v0.9.1\\dataconnect": could not find dataconnect.yaml in `c:\Users\MTG\Desktop\v0.9.1\dataconnect`
 {"metadata":{"emulator":{"name":"dataconnect"},"message":"E0603 13:52:59.716890   27004 load.go:23] Could not load config from \"c:\\\\Users\\\\MTG\\\\Desktop\\\\v0.9.1\\\\dataconnect\": could not find dataconnect.yaml in `c:\\Users\\MTG\\Desktop\\v0.9.1\\dataconnect`\n"}}
[debug] [2025-06-03T10:53:09.727Z] E0603 13:53:09.727497   27004 load.go:23] Could not load config from "c:\\Users\\MTG\\Desktop\\v0.9.1\\dataconnect": could not find dataconnect.yaml in `c:\Users\MTG\Desktop\v0.9.1\dataconnect`
 {"metadata":{"emulator":{"name":"dataconnect"},"message":"E0603 13:53:09.727497   27004 load.go:23] Could not load config from \"c:\\\\Users\\\\MTG\\\\Desktop\\\\v0.9.1\\\\dataconnect\": could not find dataconnect.yaml in `c:\\Users\\MTG\\Desktop\\v0.9.1\\dataconnect`\n"}}
[debug] [2025-06-03T10:53:19.726Z] E0603 13:53:19.725838   27004 load.go:23] Could not load config from "c:\\Users\\MTG\\Desktop\\v0.9.1\\dataconnect": could not find dataconnect.yaml in `c:\Users\MTG\Desktop\v0.9.1\dataconnect`
 {"metadata":{"emulator":{"name":"dataconnect"},"message":"E0603 13:53:19.725838   27004 load.go:23] Could not load config from \"c:\\\\Users\\\\MTG\\\\Desktop\\\\v0.9.1\\\\dataconnect\": could not find dataconnect.yaml in `c:\\Users\\MTG\\Desktop\\v0.9.1\\dataconnect`\n"}}
[debug] [2025-06-03T10:53:29.719Z] E0603 13:53:29.719485   27004 load.go:23] Could not load config from "c:\\Users\\MTG\\Desktop\\v0.9.1\\dataconnect": could not find dataconnect.yaml in `c:\Users\MTG\Desktop\v0.9.1\dataconnect`
 {"metadata":{"emulator":{"name":"dataconnect"},"message":"E0603 13:53:29.719485   27004 load.go:23] Could not load config from \"c:\\\\Users\\\\MTG\\\\Desktop\\\\v0.9.1\\\\dataconnect\": could not find dataconnect.yaml in `c:\\Users\\MTG\\Desktop\\v0.9.1\\dataconnect`\n"}}
[debug] [2025-06-03T10:53:39.726Z] E0603 13:53:39.726222   27004 load.go:23] Could not load config from "c:\\Users\\MTG\\Desktop\\v0.9.1\\dataconnect": could not find dataconnect.yaml in `c:\Users\MTG\Desktop\v0.9.1\dataconnect`
 {"metadata":{"emulator":{"name":"dataconnect"},"message":"E0603 13:53:39.726222   27004 load.go:23] Could not load config from \"c:\\\\Users\\\\MTG\\\\Desktop\\\\v0.9.1\\\\dataconnect\": could not find dataconnect.yaml in `c:\\Users\\MTG\\Desktop\\v0.9.1\\dataconnect`\n"}}
[debug] [2025-06-03T10:53:49.726Z] E0603 13:53:49.726766   27004 load.go:23] Could not load config from "c:\\Users\\MTG\\Desktop\\v0.9.1\\dataconnect": could not find dataconnect.yaml in `c:\Users\MTG\Desktop\v0.9.1\dataconnect`
 {"metadata":{"emulator":{"name":"dataconnect"},"message":"E0603 13:53:49.726766   27004 load.go:23] Could not load config from \"c:\\\\Users\\\\MTG\\\\Desktop\\\\v0.9.1\\\\dataconnect\": could not find dataconnect.yaml in `c:\\Users\\MTG\\Desktop\\v0.9.1\\dataconnect`\n"}}
[debug] [2025-06-03T10:53:59.718Z] E0603 13:53:59.717061   27004 load.go:23] Could not load config from "c:\\Users\\MTG\\Desktop\\v0.9.1\\dataconnect": could not find dataconnect.yaml in `c:\Users\MTG\Desktop\v0.9.1\dataconnect`
 {"metadata":{"emulator":{"name":"dataconnect"},"message":"E0603 13:53:59.717061   27004 load.go:23] Could not load config from \"c:\\\\Users\\\\MTG\\\\Desktop\\\\v0.9.1\\\\dataconnect\": could not find dataconnect.yaml in `c:\\Users\\MTG\\Desktop\\v0.9.1\\dataconnect`\n"}}
[debug] [2025-06-03T10:54:09.719Z] E0603 13:54:09.719653   27004 load.go:23] Could not load config from "c:\\Users\\MTG\\Desktop\\v0.9.1\\dataconnect": could not find dataconnect.yaml in `c:\Users\MTG\Desktop\v0.9.1\dataconnect`
 {"metadata":{"emulator":{"name":"dataconnect"},"message":"E0603 13:54:09.719653   27004 load.go:23] Could not load config from \"c:\\\\Users\\\\MTG\\\\Desktop\\\\v0.9.1\\\\dataconnect\": could not find dataconnect.yaml in `c:\\Users\\MTG\\Desktop\\v0.9.1\\dataconnect`\n"}}
[debug] [2025-06-03T10:54:19.729Z] E0603 13:54:19.729065   27004 load.go:23] Could not load config from "c:\\Users\\MTG\\Desktop\\v0.9.1\\dataconnect": could not find dataconnect.yaml in `c:\Users\MTG\Desktop\v0.9.1\dataconnect`
 {"metadata":{"emulator":{"name":"dataconnect"},"message":"E0603 13:54:19.729065   27004 load.go:23] Could not load config from \"c:\\\\Users\\\\MTG\\\\Desktop\\\\v0.9.1\\\\dataconnect\": could not find dataconnect.yaml in `c:\\Users\\MTG\\Desktop\\v0.9.1\\dataconnect`\n"}}
[debug] [2025-06-03T10:54:29.726Z] E0603 13:54:29.725913   27004 load.go:23] Could not load config from "c:\\Users\\MTG\\Desktop\\v0.9.1\\dataconnect": could not find dataconnect.yaml in `c:\Users\MTG\Desktop\v0.9.1\dataconnect`
 {"metadata":{"emulator":{"name":"dataconnect"},"message":"E0603 13:54:29.725913   27004 load.go:23] Could not load config from \"c:\\\\Users\\\\MTG\\\\Desktop\\\\v0.9.1\\\\dataconnect\": could not find dataconnect.yaml in `c:\\Users\\MTG\\Desktop\\v0.9.1\\dataconnect`\n"}}
[debug] [2025-06-03T10:54:39.727Z] E0603 13:54:39.727396   27004 load.go:23] Could not load config from "c:\\Users\\MTG\\Desktop\\v0.9.1\\dataconnect": could not find dataconnect.yaml in `c:\Users\MTG\Desktop\v0.9.1\dataconnect`
 {"metadata":{"emulator":{"name":"dataconnect"},"message":"E0603 13:54:39.727396   27004 load.go:23] Could not load config from \"c:\\\\Users\\\\MTG\\\\Desktop\\\\v0.9.1\\\\dataconnect\": could not find dataconnect.yaml in `c:\\Users\\MTG\\Desktop\\v0.9.1\\dataconnect`\n"}}
[debug] [2025-06-03T10:54:39.728Z] E0603 13:54:39.727396   27004 watch.go:76] watchAllDir unable to walk dir `c:\Users\MTG\Desktop\v0.9.1\dataconnect`: on path "c:\\Users\\MTG\\Desktop\\v0.9.1\\dataconnect" (DirEntry: <nil>): CreateFile c:\Users\MTG\Desktop\v0.9.1\dataconnect: The system cannot find the file specified.
 {"metadata":{"emulator":{"name":"dataconnect"},"message":"E0603 13:54:39.727396   27004 watch.go:76] watchAllDir unable to walk dir `c:\\Users\\MTG\\Desktop\\v0.9.1\\dataconnect`: on path \"c:\\\\Users\\\\MTG\\\\Desktop\\\\v0.9.1\\\\dataconnect\" (DirEntry: <nil>): CreateFile c:\\Users\\MTG\\Desktop\\v0.9.1\\dataconnect: The system cannot find the file specified.\n"}}
[debug] [2025-06-03T10:54:49.720Z] E0603 13:54:49.720885   27004 load.go:23] Could not load config from "c:\\Users\\MTG\\Desktop\\v0.9.1\\dataconnect": could not find dataconnect.yaml in `c:\Users\MTG\Desktop\v0.9.1\dataconnect`
 {"metadata":{"emulator":{"name":"dataconnect"},"message":"E0603 13:54:49.720885   27004 load.go:23] Could not load config from \"c:\\\\Users\\\\MTG\\\\Desktop\\\\v0.9.1\\\\dataconnect\": could not find dataconnect.yaml in `c:\\Users\\MTG\\Desktop\\v0.9.1\\dataconnect`\n"}}
[debug] [2025-06-03T10:54:59.730Z] E0603 13:54:59.730937   27004 load.go:23] Could not load config from "c:\\Users\\MTG\\Desktop\\v0.9.1\\dataconnect": could not find dataconnect.yaml in `c:\Users\MTG\Desktop\v0.9.1\dataconnect`
 {"metadata":{"emulator":{"name":"dataconnect"},"message":"E0603 13:54:59.730937   27004 load.go:23] Could not load config from \"c:\\\\Users\\\\MTG\\\\Desktop\\\\v0.9.1\\\\dataconnect\": could not find dataconnect.yaml in `c:\\Users\\MTG\\Desktop\\v0.9.1\\dataconnect`\n"}}
[debug] [2025-06-03T10:55:09.723Z] E0603 13:55:09.723177   27004 load.go:23] Could not load config from "c:\\Users\\MTG\\Desktop\\v0.9.1\\dataconnect": could not find dataconnect.yaml in `c:\Users\MTG\Desktop\v0.9.1\dataconnect`
 {"metadata":{"emulator":{"name":"dataconnect"},"message":"E0603 13:55:09.723177   27004 load.go:23] Could not load config from \"c:\\\\Users\\\\MTG\\\\Desktop\\\\v0.9.1\\\\dataconnect\": could not find dataconnect.yaml in `c:\\Users\\MTG\\Desktop\\v0.9.1\\dataconnect`\n"}}
[debug] [2025-06-03T10:55:19.722Z] E0603 13:55:19.722518   27004 load.go:23] Could not load config from "c:\\Users\\MTG\\Desktop\\v0.9.1\\dataconnect": could not find dataconnect.yaml in `c:\Users\MTG\Desktop\v0.9.1\dataconnect`
 {"metadata":{"emulator":{"name":"dataconnect"},"message":"E0603 13:55:19.722518   27004 load.go:23] Could not load config from \"c:\\\\Users\\\\MTG\\\\Desktop\\\\v0.9.1\\\\dataconnect\": could not find dataconnect.yaml in `c:\\Users\\MTG\\Desktop\\v0.9.1\\dataconnect`\n"}}
[debug] [2025-06-03T10:55:29.717Z] E0603 13:55:29.717559   27004 load.go:23] Could not load config from "c:\\Users\\MTG\\Desktop\\v0.9.1\\dataconnect": could not find dataconnect.yaml in `c:\Users\MTG\Desktop\v0.9.1\dataconnect`
 {"metadata":{"emulator":{"name":"dataconnect"},"message":"E0603 13:55:29.717559   27004 load.go:23] Could not load config from \"c:\\\\Users\\\\MTG\\\\Desktop\\\\v0.9.1\\\\dataconnect\": could not find dataconnect.yaml in `c:\\Users\\MTG\\Desktop\\v0.9.1\\dataconnect`\n"}}
[debug] [2025-06-03T10:55:39.725Z] E0603 13:55:39.725253   27004 load.go:23] Could not load config from "c:\\Users\\MTG\\Desktop\\v0.9.1\\dataconnect": could not find dataconnect.yaml in `c:\Users\MTG\Desktop\v0.9.1\dataconnect`
 {"metadata":{"emulator":{"name":"dataconnect"},"message":"E0603 13:55:39.725253   27004 load.go:23] Could not load config from \"c:\\\\Users\\\\MTG\\\\Desktop\\\\v0.9.1\\\\dataconnect\": could not find dataconnect.yaml in `c:\\Users\\MTG\\Desktop\\v0.9.1\\dataconnect`\n"}}
[debug] [2025-06-03T10:55:49.729Z] E0603 13:55:49.729350   27004 load.go:23] Could not load config from "c:\\Users\\MTG\\Desktop\\v0.9.1\\dataconnect": could not find dataconnect.yaml in `c:\Users\MTG\Desktop\v0.9.1\dataconnect`
 {"metadata":{"emulator":{"name":"dataconnect"},"message":"E0603 13:55:49.729350   27004 load.go:23] Could not load config from \"c:\\\\Users\\\\MTG\\\\Desktop\\\\v0.9.1\\\\dataconnect\": could not find dataconnect.yaml in `c:\\Users\\MTG\\Desktop\\v0.9.1\\dataconnect`\n"}}
[debug] [2025-06-03T10:55:59.728Z] E0603 13:55:59.728970   27004 load.go:23] Could not load config from "c:\\Users\\MTG\\Desktop\\v0.9.1\\dataconnect": could not find dataconnect.yaml in `c:\Users\MTG\Desktop\v0.9.1\dataconnect`
 {"metadata":{"emulator":{"name":"dataconnect"},"message":"E0603 13:55:59.728970   27004 load.go:23] Could not load config from \"c:\\\\Users\\\\MTG\\\\Desktop\\\\v0.9.1\\\\dataconnect\": could not find dataconnect.yaml in `c:\\Users\\MTG\\Desktop\\v0.9.1\\dataconnect`\n"}}
[debug] [2025-06-03T10:56:09.716Z] E0603 13:56:09.717200   27004 load.go:23] Could not load config from "c:\\Users\\MTG\\Desktop\\v0.9.1\\dataconnect": could not find dataconnect.yaml in `c:\Users\MTG\Desktop\v0.9.1\dataconnect`
 {"metadata":{"emulator":{"name":"dataconnect"},"message":"E0603 13:56:09.717200   27004 load.go:23] Could not load config from \"c:\\\\Users\\\\MTG\\\\Desktop\\\\v0.9.1\\\\dataconnect\": could not find dataconnect.yaml in `c:\\Users\\MTG\\Desktop\\v0.9.1\\dataconnect`\n"}}
[debug] [2025-06-03T10:56:19.724Z] E0603 13:56:19.724648   27004 load.go:23] Could not load config from "c:\\Users\\MTG\\Desktop\\v0.9.1\\dataconnect": could not find dataconnect.yaml in `c:\Users\MTG\Desktop\v0.9.1\dataconnect`
 {"metadata":{"emulator":{"name":"dataconnect"},"message":"E0603 13:56:19.724648   27004 load.go:23] Could not load config from \"c:\\\\Users\\\\MTG\\\\Desktop\\\\v0.9.1\\\\dataconnect\": could not find dataconnect.yaml in `c:\\Users\\MTG\\Desktop\\v0.9.1\\dataconnect`\n"}}
[debug] [2025-06-03T10:56:29.722Z] E0603 13:56:29.722023   27004 load.go:23] Could not load config from "c:\\Users\\MTG\\Desktop\\v0.9.1\\dataconnect": could not find dataconnect.yaml in `c:\Users\MTG\Desktop\v0.9.1\dataconnect`
 {"metadata":{"emulator":{"name":"dataconnect"},"message":"E0603 13:56:29.722023   27004 load.go:23] Could not load config from \"c:\\\\Users\\\\MTG\\\\Desktop\\\\v0.9.1\\\\dataconnect\": could not find dataconnect.yaml in `c:\\Users\\MTG\\Desktop\\v0.9.1\\dataconnect`\n"}}
[debug] [2025-06-03T10:56:39.724Z] E0603 13:56:39.724504   27004 load.go:23] Could not load config from "c:\\Users\\MTG\\Desktop\\v0.9.1\\dataconnect": could not find dataconnect.yaml in `c:\Users\MTG\Desktop\v0.9.1\dataconnect`
 {"metadata":{"emulator":{"name":"dataconnect"},"message":"E0603 13:56:39.724504   27004 load.go:23] Could not load config from \"c:\\\\Users\\\\MTG\\\\Desktop\\\\v0.9.1\\\\dataconnect\": could not find dataconnect.yaml in `c:\\Users\\MTG\\Desktop\\v0.9.1\\dataconnect`\n"}}
[debug] [2025-06-03T10:56:39.725Z] E0603 13:56:39.725007   27004 watch.go:76] watchAllDir unable to walk dir `c:\Users\MTG\Desktop\v0.9.1\dataconnect`: on path "c:\\Users\\MTG\\Desktop\\v0.9.1\\dataconnect" (DirEntry: <nil>): CreateFile c:\Users\MTG\Desktop\v0.9.1\dataconnect: The system cannot find the file specified.
 {"metadata":{"emulator":{"name":"dataconnect"},"message":"E0603 13:56:39.725007   27004 watch.go:76] watchAllDir unable to walk dir `c:\\Users\\MTG\\Desktop\\v0.9.1\\dataconnect`: on path \"c:\\\\Users\\\\MTG\\\\Desktop\\\\v0.9.1\\\\dataconnect\" (DirEntry: <nil>): CreateFile c:\\Users\\MTG\\Desktop\\v0.9.1\\dataconnect: The system cannot find the file specified.\n"}}
[debug] [2025-06-03T10:56:49.722Z] E0603 13:56:49.721899   27004 load.go:23] Could not load config from "c:\\Users\\MTG\\Desktop\\v0.9.1\\dataconnect": could not find dataconnect.yaml in `c:\Users\MTG\Desktop\v0.9.1\dataconnect`
 {"metadata":{"emulator":{"name":"dataconnect"},"message":"E0603 13:56:49.721899   27004 load.go:23] Could not load config from \"c:\\\\Users\\\\MTG\\\\Desktop\\\\v0.9.1\\\\dataconnect\": could not find dataconnect.yaml in `c:\\Users\\MTG\\Desktop\\v0.9.1\\dataconnect`\n"}}
[debug] [2025-06-03T10:56:59.729Z] E0603 13:56:59.729351   27004 load.go:23] Could not load config from "c:\\Users\\MTG\\Desktop\\v0.9.1\\dataconnect": could not find dataconnect.yaml in `c:\Users\MTG\Desktop\v0.9.1\dataconnect`
 {"metadata":{"emulator":{"name":"dataconnect"},"message":"E0603 13:56:59.729351   27004 load.go:23] Could not load config from \"c:\\\\Users\\\\MTG\\\\Desktop\\\\v0.9.1\\\\dataconnect\": could not find dataconnect.yaml in `c:\\Users\\MTG\\Desktop\\v0.9.1\\dataconnect`\n"}}
[debug] [2025-06-03T10:57:09.717Z] E0603 13:57:09.717573   27004 load.go:23] Could not load config from "c:\\Users\\MTG\\Desktop\\v0.9.1\\dataconnect": could not find dataconnect.yaml in `c:\Users\MTG\Desktop\v0.9.1\dataconnect`
 {"metadata":{"emulator":{"name":"dataconnect"},"message":"E0603 13:57:09.717573   27004 load.go:23] Could not load config from \"c:\\\\Users\\\\MTG\\\\Desktop\\\\v0.9.1\\\\dataconnect\": could not find dataconnect.yaml in `c:\\Users\\MTG\\Desktop\\v0.9.1\\dataconnect`\n"}}
[debug] [2025-06-03T10:57:19.721Z] E0603 13:57:19.721107   27004 load.go:23] Could not load config from "c:\\Users\\MTG\\Desktop\\v0.9.1\\dataconnect": could not find dataconnect.yaml in `c:\Users\MTG\Desktop\v0.9.1\dataconnect`
 {"metadata":{"emulator":{"name":"dataconnect"},"message":"E0603 13:57:19.721107   27004 load.go:23] Could not load config from \"c:\\\\Users\\\\MTG\\\\Desktop\\\\v0.9.1\\\\dataconnect\": could not find dataconnect.yaml in `c:\\Users\\MTG\\Desktop\\v0.9.1\\dataconnect`\n"}}
[debug] [2025-06-03T10:57:29.725Z] E0603 13:57:29.724772   27004 load.go:23] Could not load config from "c:\\Users\\MTG\\Desktop\\v0.9.1\\dataconnect": could not find dataconnect.yaml in `c:\Users\MTG\Desktop\v0.9.1\dataconnect`
 {"metadata":{"emulator":{"name":"dataconnect"},"message":"E0603 13:57:29.724772   27004 load.go:23] Could not load config from \"c:\\\\Users\\\\MTG\\\\Desktop\\\\v0.9.1\\\\dataconnect\": could not find dataconnect.yaml in `c:\\Users\\MTG\\Desktop\\v0.9.1\\dataconnect`\n"}}
[debug] [2025-06-03T10:57:39.726Z] E0603 13:57:39.726317   27004 load.go:23] Could not load config from "c:\\Users\\MTG\\Desktop\\v0.9.1\\dataconnect": could not find dataconnect.yaml in `c:\Users\MTG\Desktop\v0.9.1\dataconnect`
 {"metadata":{"emulator":{"name":"dataconnect"},"message":"E0603 13:57:39.726317   27004 load.go:23] Could not load config from \"c:\\\\Users\\\\MTG\\\\Desktop\\\\v0.9.1\\\\dataconnect\": could not find dataconnect.yaml in `c:\\Users\\MTG\\Desktop\\v0.9.1\\dataconnect`\n"}}
[debug] [2025-06-03T10:57:49.724Z] E0603 13:57:49.724831   27004 load.go:23] Could not load config from "c:\\Users\\MTG\\Desktop\\v0.9.1\\dataconnect": could not find dataconnect.yaml in `c:\Users\MTG\Desktop\v0.9.1\dataconnect`
 {"metadata":{"emulator":{"name":"dataconnect"},"message":"E0603 13:57:49.724831   27004 load.go:23] Could not load config from \"c:\\\\Users\\\\MTG\\\\Desktop\\\\v0.9.1\\\\dataconnect\": could not find dataconnect.yaml in `c:\\Users\\MTG\\Desktop\\v0.9.1\\dataconnect`\n"}}
[debug] [2025-06-03T10:57:59.729Z] E0603 13:57:59.729240   27004 load.go:23] Could not load config from "c:\\Users\\MTG\\Desktop\\v0.9.1\\dataconnect": could not find dataconnect.yaml in `c:\Users\MTG\Desktop\v0.9.1\dataconnect`
 {"metadata":{"emulator":{"name":"dataconnect"},"message":"E0603 13:57:59.729240   27004 load.go:23] Could not load config from \"c:\\\\Users\\\\MTG\\\\Desktop\\\\v0.9.1\\\\dataconnect\": could not find dataconnect.yaml in `c:\\Users\\MTG\\Desktop\\v0.9.1\\dataconnect`\n"}}
[debug] [2025-06-03T10:58:09.730Z] E0603 13:58:09.730635   27004 load.go:23] Could not load config from "c:\\Users\\MTG\\Desktop\\v0.9.1\\dataconnect": could not find dataconnect.yaml in `c:\Users\MTG\Desktop\v0.9.1\dataconnect`
 {"metadata":{"emulator":{"name":"dataconnect"},"message":"E0603 13:58:09.730635   27004 load.go:23] Could not load config from \"c:\\\\Users\\\\MTG\\\\Desktop\\\\v0.9.1\\\\dataconnect\": could not find dataconnect.yaml in `c:\\Users\\MTG\\Desktop\\v0.9.1\\dataconnect`\n"}}
[debug] [2025-06-03T10:58:19.728Z] E0603 13:58:19.728477   27004 load.go:23] Could not load config from "c:\\Users\\MTG\\Desktop\\v0.9.1\\dataconnect": could not find dataconnect.yaml in `c:\Users\MTG\Desktop\v0.9.1\dataconnect`
 {"metadata":{"emulator":{"name":"dataconnect"},"message":"E0603 13:58:19.728477   27004 load.go:23] Could not load config from \"c:\\\\Users\\\\MTG\\\\Desktop\\\\v0.9.1\\\\dataconnect\": could not find dataconnect.yaml in `c:\\Users\\MTG\\Desktop\\v0.9.1\\dataconnect`\n"}}
[debug] [2025-06-03T10:58:29.716Z] E0603 13:58:29.716846   27004 load.go:23] Could not load config from "c:\\Users\\MTG\\Desktop\\v0.9.1\\dataconnect": could not find dataconnect.yaml in `c:\Users\MTG\Desktop\v0.9.1\dataconnect`
 {"metadata":{"emulator":{"name":"dataconnect"},"message":"E0603 13:58:29.716846   27004 load.go:23] Could not load config from \"c:\\\\Users\\\\MTG\\\\Desktop\\\\v0.9.1\\\\dataconnect\": could not find dataconnect.yaml in `c:\\Users\\MTG\\Desktop\\v0.9.1\\dataconnect`\n"}}
[debug] [2025-06-03T10:58:39.717Z] E0603 13:58:39.716994   27004 load.go:23] Could not load config from "c:\\Users\\MTG\\Desktop\\v0.9.1\\dataconnect": could not find dataconnect.yaml in `c:\Users\MTG\Desktop\v0.9.1\dataconnect`
 {"metadata":{"emulator":{"name":"dataconnect"},"message":"E0603 13:58:39.716994   27004 load.go:23] Could not load config from \"c:\\\\Users\\\\MTG\\\\Desktop\\\\v0.9.1\\\\dataconnect\": could not find dataconnect.yaml in `c:\\Users\\MTG\\Desktop\\v0.9.1\\dataconnect`\n"}}
[debug] [2025-06-03T10:58:39.717Z] E0603 13:58:39.717966   27004 watch.go:76] watchAllDir unable to walk dir `c:\Users\MTG\Desktop\v0.9.1\dataconnect`: on path "c:\\Users\\MTG\\Desktop\\v0.9.1\\dataconnect" (DirEntry: <nil>): CreateFile c:\Users\MTG\Desktop\v0.9.1\dataconnect: The system cannot find the file specified.
 {"metadata":{"emulator":{"name":"dataconnect"},"message":"E0603 13:58:39.717966   27004 watch.go:76] watchAllDir unable to walk dir `c:\\Users\\MTG\\Desktop\\v0.9.1\\dataconnect`: on path \"c:\\\\Users\\\\MTG\\\\Desktop\\\\v0.9.1\\\\dataconnect\" (DirEntry: <nil>): CreateFile c:\\Users\\MTG\\Desktop\\v0.9.1\\dataconnect: The system cannot find the file specified.\n"}}
[debug] [2025-06-03T10:58:49.724Z] E0603 13:58:49.724079   27004 load.go:23] Could not load config from "c:\\Users\\MTG\\Desktop\\v0.9.1\\dataconnect": could not find dataconnect.yaml in `c:\Users\MTG\Desktop\v0.9.1\dataconnect`
 {"metadata":{"emulator":{"name":"dataconnect"},"message":"E0603 13:58:49.724079   27004 load.go:23] Could not load config from \"c:\\\\Users\\\\MTG\\\\Desktop\\\\v0.9.1\\\\dataconnect\": could not find dataconnect.yaml in `c:\\Users\\MTG\\Desktop\\v0.9.1\\dataconnect`\n"}}
[debug] [2025-06-03T10:58:59.725Z] E0603 13:58:59.724909   27004 load.go:23] Could not load config from "c:\\Users\\MTG\\Desktop\\v0.9.1\\dataconnect": could not find dataconnect.yaml in `c:\Users\MTG\Desktop\v0.9.1\dataconnect`
 {"metadata":{"emulator":{"name":"dataconnect"},"message":"E0603 13:58:59.724909   27004 load.go:23] Could not load config from \"c:\\\\Users\\\\MTG\\\\Desktop\\\\v0.9.1\\\\dataconnect\": could not find dataconnect.yaml in `c:\\Users\\MTG\\Desktop\\v0.9.1\\dataconnect`\n"}}
[debug] [2025-06-03T10:59:09.722Z] E0603 13:59:09.722406   27004 load.go:23] Could not load config from "c:\\Users\\MTG\\Desktop\\v0.9.1\\dataconnect": could not find dataconnect.yaml in `c:\Users\MTG\Desktop\v0.9.1\dataconnect`
 {"metadata":{"emulator":{"name":"dataconnect"},"message":"E0603 13:59:09.722406   27004 load.go:23] Could not load config from \"c:\\\\Users\\\\MTG\\\\Desktop\\\\v0.9.1\\\\dataconnect\": could not find dataconnect.yaml in `c:\\Users\\MTG\\Desktop\\v0.9.1\\dataconnect`\n"}}
[debug] [2025-06-03T10:59:19.725Z] E0603 13:59:19.725178   27004 load.go:23] Could not load config from "c:\\Users\\MTG\\Desktop\\v0.9.1\\dataconnect": could not find dataconnect.yaml in `c:\Users\MTG\Desktop\v0.9.1\dataconnect`
 {"metadata":{"emulator":{"name":"dataconnect"},"message":"E0603 13:59:19.725178   27004 load.go:23] Could not load config from \"c:\\\\Users\\\\MTG\\\\Desktop\\\\v0.9.1\\\\dataconnect\": could not find dataconnect.yaml in `c:\\Users\\MTG\\Desktop\\v0.9.1\\dataconnect`\n"}}
[debug] [2025-06-03T10:59:29.725Z] E0603 13:59:29.724981   27004 load.go:23] Could not load config from "c:\\Users\\MTG\\Desktop\\v0.9.1\\dataconnect": could not find dataconnect.yaml in `c:\Users\MTG\Desktop\v0.9.1\dataconnect`
 {"metadata":{"emulator":{"name":"dataconnect"},"message":"E0603 13:59:29.724981   27004 load.go:23] Could not load config from \"c:\\\\Users\\\\MTG\\\\Desktop\\\\v0.9.1\\\\dataconnect\": could not find dataconnect.yaml in `c:\\Users\\MTG\\Desktop\\v0.9.1\\dataconnect`\n"}}
[debug] [2025-06-03T10:59:39.717Z] E0603 13:59:39.716975   27004 load.go:23] Could not load config from "c:\\Users\\MTG\\Desktop\\v0.9.1\\dataconnect": could not find dataconnect.yaml in `c:\Users\MTG\Desktop\v0.9.1\dataconnect`
 {"metadata":{"emulator":{"name":"dataconnect"},"message":"E0603 13:59:39.716975   27004 load.go:23] Could not load config from \"c:\\\\Users\\\\MTG\\\\Desktop\\\\v0.9.1\\\\dataconnect\": could not find dataconnect.yaml in `c:\\Users\\MTG\\Desktop\\v0.9.1\\dataconnect`\n"}}
[debug] [2025-06-03T10:59:49.723Z] E0603 13:59:49.723925   27004 load.go:23] Could not load config from "c:\\Users\\MTG\\Desktop\\v0.9.1\\dataconnect": could not find dataconnect.yaml in `c:\Users\MTG\Desktop\v0.9.1\dataconnect`
 {"metadata":{"emulator":{"name":"dataconnect"},"message":"E0603 13:59:49.723925   27004 load.go:23] Could not load config from \"c:\\\\Users\\\\MTG\\\\Desktop\\\\v0.9.1\\\\dataconnect\": could not find dataconnect.yaml in `c:\\Users\\MTG\\Desktop\\v0.9.1\\dataconnect`\n"}}
[debug] [2025-06-03T10:59:59.723Z] E0603 13:59:59.723206   27004 load.go:23] Could not load config from "c:\\Users\\MTG\\Desktop\\v0.9.1\\dataconnect": could not find dataconnect.yaml in `c:\Users\MTG\Desktop\v0.9.1\dataconnect`
 {"metadata":{"emulator":{"name":"dataconnect"},"message":"E0603 13:59:59.723206   27004 load.go:23] Could not load config from \"c:\\\\Users\\\\MTG\\\\Desktop\\\\v0.9.1\\\\dataconnect\": could not find dataconnect.yaml in `c:\\Users\\MTG\\Desktop\\v0.9.1\\dataconnect`\n"}}
[debug] [2025-06-03T11:00:09.718Z] E0603 14:00:09.717942   27004 load.go:23] Could not load config from "c:\\Users\\MTG\\Desktop\\v0.9.1\\dataconnect": could not find dataconnect.yaml in `c:\Users\MTG\Desktop\v0.9.1\dataconnect`
 {"metadata":{"emulator":{"name":"dataconnect"},"message":"E0603 14:00:09.717942   27004 load.go:23] Could not load config from \"c:\\\\Users\\\\MTG\\\\Desktop\\\\v0.9.1\\\\dataconnect\": could not find dataconnect.yaml in `c:\\Users\\MTG\\Desktop\\v0.9.1\\dataconnect`\n"}}
[debug] [2025-06-03T11:00:19.721Z] E0603 14:00:19.721925   27004 load.go:23] Could not load config from "c:\\Users\\MTG\\Desktop\\v0.9.1\\dataconnect": could not find dataconnect.yaml in `c:\Users\MTG\Desktop\v0.9.1\dataconnect`
 {"metadata":{"emulator":{"name":"dataconnect"},"message":"E0603 14:00:19.721925   27004 load.go:23] Could not load config from \"c:\\\\Users\\\\MTG\\\\Desktop\\\\v0.9.1\\\\dataconnect\": could not find dataconnect.yaml in `c:\\Users\\MTG\\Desktop\\v0.9.1\\dataconnect`\n"}}
[debug] [2025-06-03T11:00:29.730Z] E0603 14:00:29.729932   27004 load.go:23] Could not load config from "c:\\Users\\MTG\\Desktop\\v0.9.1\\dataconnect": could not find dataconnect.yaml in `c:\Users\MTG\Desktop\v0.9.1\dataconnect`
 {"metadata":{"emulator":{"name":"dataconnect"},"message":"E0603 14:00:29.729932   27004 load.go:23] Could not load config from \"c:\\\\Users\\\\MTG\\\\Desktop\\\\v0.9.1\\\\dataconnect\": could not find dataconnect.yaml in `c:\\Users\\MTG\\Desktop\\v0.9.1\\dataconnect`\n"}}
[debug] [2025-06-03T11:00:39.729Z] E0603 14:00:39.729734   27004 load.go:23] Could not load config from "c:\\Users\\MTG\\Desktop\\v0.9.1\\dataconnect": could not find dataconnect.yaml in `c:\Users\MTG\Desktop\v0.9.1\dataconnect`
 {"metadata":{"emulator":{"name":"dataconnect"},"message":"E0603 14:00:39.729734   27004 load.go:23] Could not load config from \"c:\\\\Users\\\\MTG\\\\Desktop\\\\v0.9.1\\\\dataconnect\": could not find dataconnect.yaml in `c:\\Users\\MTG\\Desktop\\v0.9.1\\dataconnect`\n"}}
[debug] [2025-06-03T11:00:39.730Z] E0603 14:00:39.729734   27004 watch.go:76] watchAllDir unable to walk dir `c:\Users\MTG\Desktop\v0.9.1\dataconnect`: on path "c:\\Users\\MTG\\Desktop\\v0.9.1\\dataconnect" (DirEntry: <nil>): CreateFile c:\Users\MTG\Desktop\v0.9.1\dataconnect: The system cannot find the file specified.
 {"metadata":{"emulator":{"name":"dataconnect"},"message":"E0603 14:00:39.729734   27004 watch.go:76] watchAllDir unable to walk dir `c:\\Users\\MTG\\Desktop\\v0.9.1\\dataconnect`: on path \"c:\\\\Users\\\\MTG\\\\Desktop\\\\v0.9.1\\\\dataconnect\" (DirEntry: <nil>): CreateFile c:\\Users\\MTG\\Desktop\\v0.9.1\\dataconnect: The system cannot find the file specified.\n"}}
[debug] [2025-06-03T11:00:49.724Z] E0603 14:00:49.724361   27004 load.go:23] Could not load config from "c:\\Users\\MTG\\Desktop\\v0.9.1\\dataconnect": could not find dataconnect.yaml in `c:\Users\MTG\Desktop\v0.9.1\dataconnect`
 {"metadata":{"emulator":{"name":"dataconnect"},"message":"E0603 14:00:49.724361   27004 load.go:23] Could not load config from \"c:\\\\Users\\\\MTG\\\\Desktop\\\\v0.9.1\\\\dataconnect\": could not find dataconnect.yaml in `c:\\Users\\MTG\\Desktop\\v0.9.1\\dataconnect`\n"}}
[debug] [2025-06-03T11:00:59.721Z] E0603 14:00:59.721694   27004 load.go:23] Could not load config from "c:\\Users\\MTG\\Desktop\\v0.9.1\\dataconnect": could not find dataconnect.yaml in `c:\Users\MTG\Desktop\v0.9.1\dataconnect`
 {"metadata":{"emulator":{"name":"dataconnect"},"message":"E0603 14:00:59.721694   27004 load.go:23] Could not load config from \"c:\\\\Users\\\\MTG\\\\Desktop\\\\v0.9.1\\\\dataconnect\": could not find dataconnect.yaml in `c:\\Users\\MTG\\Desktop\\v0.9.1\\dataconnect`\n"}}
[debug] [2025-06-03T11:01:09.728Z] E0603 14:01:09.728635   27004 load.go:23] Could not load config from "c:\\Users\\MTG\\Desktop\\v0.9.1\\dataconnect": could not find dataconnect.yaml in `c:\Users\MTG\Desktop\v0.9.1\dataconnect`
 {"metadata":{"emulator":{"name":"dataconnect"},"message":"E0603 14:01:09.728635   27004 load.go:23] Could not load config from \"c:\\\\Users\\\\MTG\\\\Desktop\\\\v0.9.1\\\\dataconnect\": could not find dataconnect.yaml in `c:\\Users\\MTG\\Desktop\\v0.9.1\\dataconnect`\n"}}
[debug] [2025-06-03T11:01:19.726Z] E0603 14:01:19.726395   27004 load.go:23] Could not load config from "c:\\Users\\MTG\\Desktop\\v0.9.1\\dataconnect": could not find dataconnect.yaml in `c:\Users\MTG\Desktop\v0.9.1\dataconnect`
 {"metadata":{"emulator":{"name":"dataconnect"},"message":"E0603 14:01:19.726395   27004 load.go:23] Could not load config from \"c:\\\\Users\\\\MTG\\\\Desktop\\\\v0.9.1\\\\dataconnect\": could not find dataconnect.yaml in `c:\\Users\\MTG\\Desktop\\v0.9.1\\dataconnect`\n"}}
[debug] [2025-06-03T11:01:29.722Z] E0603 14:01:29.722805   27004 load.go:23] Could not load config from "c:\\Users\\MTG\\Desktop\\v0.9.1\\dataconnect": could not find dataconnect.yaml in `c:\Users\MTG\Desktop\v0.9.1\dataconnect`
 {"metadata":{"emulator":{"name":"dataconnect"},"message":"E0603 14:01:29.722805   27004 load.go:23] Could not load config from \"c:\\\\Users\\\\MTG\\\\Desktop\\\\v0.9.1\\\\dataconnect\": could not find dataconnect.yaml in `c:\\Users\\MTG\\Desktop\\v0.9.1\\dataconnect`\n"}}
[debug] [2025-06-03T11:01:39.730Z] E0603 14:01:39.729957   27004 load.go:23] Could not load config from "c:\\Users\\MTG\\Desktop\\v0.9.1\\dataconnect": could not find dataconnect.yaml in `c:\Users\MTG\Desktop\v0.9.1\dataconnect`
 {"metadata":{"emulator":{"name":"dataconnect"},"message":"E0603 14:01:39.729957   27004 load.go:23] Could not load config from \"c:\\\\Users\\\\MTG\\\\Desktop\\\\v0.9.1\\\\dataconnect\": could not find dataconnect.yaml in `c:\\Users\\MTG\\Desktop\\v0.9.1\\dataconnect`\n"}}
[debug] [2025-06-03T11:01:49.722Z] E0603 14:01:49.722434   27004 load.go:23] Could not load config from "c:\\Users\\MTG\\Desktop\\v0.9.1\\dataconnect": could not find dataconnect.yaml in `c:\Users\MTG\Desktop\v0.9.1\dataconnect`
 {"metadata":{"emulator":{"name":"dataconnect"},"message":"E0603 14:01:49.722434   27004 load.go:23] Could not load config from \"c:\\\\Users\\\\MTG\\\\Desktop\\\\v0.9.1\\\\dataconnect\": could not find dataconnect.yaml in `c:\\Users\\MTG\\Desktop\\v0.9.1\\dataconnect`\n"}}
[debug] [2025-06-03T11:01:59.728Z] E0603 14:01:59.728080   27004 load.go:23] Could not load config from "c:\\Users\\MTG\\Desktop\\v0.9.1\\dataconnect": could not find dataconnect.yaml in `c:\Users\MTG\Desktop\v0.9.1\dataconnect`
 {"metadata":{"emulator":{"name":"dataconnect"},"message":"E0603 14:01:59.728080   27004 load.go:23] Could not load config from \"c:\\\\Users\\\\MTG\\\\Desktop\\\\v0.9.1\\\\dataconnect\": could not find dataconnect.yaml in `c:\\Users\\MTG\\Desktop\\v0.9.1\\dataconnect`\n"}}
[debug] [2025-06-03T11:02:09.724Z] E0603 14:02:09.724325   27004 load.go:23] Could not load config from "c:\\Users\\MTG\\Desktop\\v0.9.1\\dataconnect": could not find dataconnect.yaml in `c:\Users\MTG\Desktop\v0.9.1\dataconnect`
 {"metadata":{"emulator":{"name":"dataconnect"},"message":"E0603 14:02:09.724325   27004 load.go:23] Could not load config from \"c:\\\\Users\\\\MTG\\\\Desktop\\\\v0.9.1\\\\dataconnect\": could not find dataconnect.yaml in `c:\\Users\\MTG\\Desktop\\v0.9.1\\dataconnect`\n"}}
[debug] [2025-06-03T11:02:19.725Z] E0603 14:02:19.724514   27004 load.go:23] Could not load config from "c:\\Users\\MTG\\Desktop\\v0.9.1\\dataconnect": could not find dataconnect.yaml in `c:\Users\MTG\Desktop\v0.9.1\dataconnect`
 {"metadata":{"emulator":{"name":"dataconnect"},"message":"E0603 14:02:19.724514   27004 load.go:23] Could not load config from \"c:\\\\Users\\\\MTG\\\\Desktop\\\\v0.9.1\\\\dataconnect\": could not find dataconnect.yaml in `c:\\Users\\MTG\\Desktop\\v0.9.1\\dataconnect`\n"}}
[debug] [2025-06-03T11:02:29.723Z] E0603 14:02:29.723495   27004 load.go:23] Could not load config from "c:\\Users\\MTG\\Desktop\\v0.9.1\\dataconnect": could not find dataconnect.yaml in `c:\Users\MTG\Desktop\v0.9.1\dataconnect`
 {"metadata":{"emulator":{"name":"dataconnect"},"message":"E0603 14:02:29.723495   27004 load.go:23] Could not load config from \"c:\\\\Users\\\\MTG\\\\Desktop\\\\v0.9.1\\\\dataconnect\": could not find dataconnect.yaml in `c:\\Users\\MTG\\Desktop\\v0.9.1\\dataconnect`\n"}}
[debug] [2025-06-03T11:02:39.727Z] E0603 14:02:39.727891   27004 load.go:23] Could not load config from "c:\\Users\\MTG\\Desktop\\v0.9.1\\dataconnect": could not find dataconnect.yaml in `c:\Users\MTG\Desktop\v0.9.1\dataconnect`
 {"metadata":{"emulator":{"name":"dataconnect"},"message":"E0603 14:02:39.727891   27004 load.go:23] Could not load config from \"c:\\\\Users\\\\MTG\\\\Desktop\\\\v0.9.1\\\\dataconnect\": could not find dataconnect.yaml in `c:\\Users\\MTG\\Desktop\\v0.9.1\\dataconnect`\n"}}
[debug] [2025-06-03T11:02:39.728Z] E0603 14:02:39.727891   27004 watch.go:76] watchAllDir unable to walk dir `c:\Users\MTG\Desktop\v0.9.1\dataconnect`: on path "c:\\Users\\MTG\\Desktop\\v0.9.1\\dataconnect" (DirEntry: <nil>): CreateFile c:\Users\MTG\Desktop\v0.9.1\dataconnect: The system cannot find the file specified.
 {"metadata":{"emulator":{"name":"dataconnect"},"message":"E0603 14:02:39.727891   27004 watch.go:76] watchAllDir unable to walk dir `c:\\Users\\MTG\\Desktop\\v0.9.1\\dataconnect`: on path \"c:\\\\Users\\\\MTG\\\\Desktop\\\\v0.9.1\\\\dataconnect\" (DirEntry: <nil>): CreateFile c:\\Users\\MTG\\Desktop\\v0.9.1\\dataconnect: The system cannot find the file specified.\n"}}
[debug] [2025-06-03T11:02:49.725Z] E0603 14:02:49.725217   27004 load.go:23] Could not load config from "c:\\Users\\MTG\\Desktop\\v0.9.1\\dataconnect": could not find dataconnect.yaml in `c:\Users\MTG\Desktop\v0.9.1\dataconnect`
 {"metadata":{"emulator":{"name":"dataconnect"},"message":"E0603 14:02:49.725217   27004 load.go:23] Could not load config from \"c:\\\\Users\\\\MTG\\\\Desktop\\\\v0.9.1\\\\dataconnect\": could not find dataconnect.yaml in `c:\\Users\\MTG\\Desktop\\v0.9.1\\dataconnect`\n"}}
[debug] [2025-06-03T11:02:59.730Z] E0603 14:02:59.730760   27004 load.go:23] Could not load config from "c:\\Users\\MTG\\Desktop\\v0.9.1\\dataconnect": could not find dataconnect.yaml in `c:\Users\MTG\Desktop\v0.9.1\dataconnect`
 {"metadata":{"emulator":{"name":"dataconnect"},"message":"E0603 14:02:59.730760   27004 load.go:23] Could not load config from \"c:\\\\Users\\\\MTG\\\\Desktop\\\\v0.9.1\\\\dataconnect\": could not find dataconnect.yaml in `c:\\Users\\MTG\\Desktop\\v0.9.1\\dataconnect`\n"}}
[debug] [2025-06-03T11:03:09.717Z] E0603 14:03:09.717945   27004 load.go:23] Could not load config from "c:\\Users\\MTG\\Desktop\\v0.9.1\\dataconnect": could not find dataconnect.yaml in `c:\Users\MTG\Desktop\v0.9.1\dataconnect`
 {"metadata":{"emulator":{"name":"dataconnect"},"message":"E0603 14:03:09.717945   27004 load.go:23] Could not load config from \"c:\\\\Users\\\\MTG\\\\Desktop\\\\v0.9.1\\\\dataconnect\": could not find dataconnect.yaml in `c:\\Users\\MTG\\Desktop\\v0.9.1\\dataconnect`\n"}}
[debug] [2025-06-03T11:03:19.723Z] E0603 14:03:19.722876   27004 load.go:23] Could not load config from "c:\\Users\\MTG\\Desktop\\v0.9.1\\dataconnect": could not find dataconnect.yaml in `c:\Users\MTG\Desktop\v0.9.1\dataconnect`
 {"metadata":{"emulator":{"name":"dataconnect"},"message":"E0603 14:03:19.722876   27004 load.go:23] Could not load config from \"c:\\\\Users\\\\MTG\\\\Desktop\\\\v0.9.1\\\\dataconnect\": could not find dataconnect.yaml in `c:\\Users\\MTG\\Desktop\\v0.9.1\\dataconnect`\n"}}
[debug] [2025-06-03T11:03:29.725Z] E0603 14:03:29.725762   27004 load.go:23] Could not load config from "c:\\Users\\MTG\\Desktop\\v0.9.1\\dataconnect": could not find dataconnect.yaml in `c:\Users\MTG\Desktop\v0.9.1\dataconnect`
 {"metadata":{"emulator":{"name":"dataconnect"},"message":"E0603 14:03:29.725762   27004 load.go:23] Could not load config from \"c:\\\\Users\\\\MTG\\\\Desktop\\\\v0.9.1\\\\dataconnect\": could not find dataconnect.yaml in `c:\\Users\\MTG\\Desktop\\v0.9.1\\dataconnect`\n"}}
[debug] [2025-06-03T11:03:39.739Z] E0603 14:03:39.737714   27004 load.go:23] Could not load config from "c:\\Users\\MTG\\Desktop\\v0.9.1\\dataconnect": could not find dataconnect.yaml in `c:\Users\MTG\Desktop\v0.9.1\dataconnect`
 {"metadata":{"emulator":{"name":"dataconnect"},"message":"E0603 14:03:39.737714   27004 load.go:23] Could not load config from \"c:\\\\Users\\\\MTG\\\\Desktop\\\\v0.9.1\\\\dataconnect\": could not find dataconnect.yaml in `c:\\Users\\MTG\\Desktop\\v0.9.1\\dataconnect`\n"}}
[debug] [2025-06-03T11:03:49.721Z] E0603 14:03:49.721143   27004 load.go:23] Could not load config from "c:\\Users\\MTG\\Desktop\\v0.9.1\\dataconnect": could not find dataconnect.yaml in `c:\Users\MTG\Desktop\v0.9.1\dataconnect`
 {"metadata":{"emulator":{"name":"dataconnect"},"message":"E0603 14:03:49.721143   27004 load.go:23] Could not load config from \"c:\\\\Users\\\\MTG\\\\Desktop\\\\v0.9.1\\\\dataconnect\": could not find dataconnect.yaml in `c:\\Users\\MTG\\Desktop\\v0.9.1\\dataconnect`\n"}}
[debug] [2025-06-03T11:03:59.728Z] E0603 14:03:59.728104   27004 load.go:23] Could not load config from "c:\\Users\\MTG\\Desktop\\v0.9.1\\dataconnect": could not find dataconnect.yaml in `c:\Users\MTG\Desktop\v0.9.1\dataconnect`
 {"metadata":{"emulator":{"name":"dataconnect"},"message":"E0603 14:03:59.728104   27004 load.go:23] Could not load config from \"c:\\\\Users\\\\MTG\\\\Desktop\\\\v0.9.1\\\\dataconnect\": could not find dataconnect.yaml in `c:\\Users\\MTG\\Desktop\\v0.9.1\\dataconnect`\n"}}
[debug] [2025-06-03T11:04:09.726Z] E0603 14:04:09.726969   27004 load.go:23] Could not load config from "c:\\Users\\MTG\\Desktop\\v0.9.1\\dataconnect": could not find dataconnect.yaml in `c:\Users\MTG\Desktop\v0.9.1\dataconnect`
 {"metadata":{"emulator":{"name":"dataconnect"},"message":"E0603 14:04:09.726969   27004 load.go:23] Could not load config from \"c:\\\\Users\\\\MTG\\\\Desktop\\\\v0.9.1\\\\dataconnect\": could not find dataconnect.yaml in `c:\\Users\\MTG\\Desktop\\v0.9.1\\dataconnect`\n"}}
[debug] [2025-06-03T11:04:19.725Z] E0603 14:04:19.725560   27004 load.go:23] Could not load config from "c:\\Users\\MTG\\Desktop\\v0.9.1\\dataconnect": could not find dataconnect.yaml in `c:\Users\MTG\Desktop\v0.9.1\dataconnect`
 {"metadata":{"emulator":{"name":"dataconnect"},"message":"E0603 14:04:19.725560   27004 load.go:23] Could not load config from \"c:\\\\Users\\\\MTG\\\\Desktop\\\\v0.9.1\\\\dataconnect\": could not find dataconnect.yaml in `c:\\Users\\MTG\\Desktop\\v0.9.1\\dataconnect`\n"}}
[debug] [2025-06-03T11:04:29.730Z] E0603 14:04:29.730372   27004 load.go:23] Could not load config from "c:\\Users\\MTG\\Desktop\\v0.9.1\\dataconnect": could not find dataconnect.yaml in `c:\Users\MTG\Desktop\v0.9.1\dataconnect`
 {"metadata":{"emulator":{"name":"dataconnect"},"message":"E0603 14:04:29.730372   27004 load.go:23] Could not load config from \"c:\\\\Users\\\\MTG\\\\Desktop\\\\v0.9.1\\\\dataconnect\": could not find dataconnect.yaml in `c:\\Users\\MTG\\Desktop\\v0.9.1\\dataconnect`\n"}}
[debug] [2025-06-03T11:04:39.724Z] E0603 14:04:39.724615   27004 load.go:23] Could not load config from "c:\\Users\\MTG\\Desktop\\v0.9.1\\dataconnect": could not find dataconnect.yaml in `c:\Users\MTG\Desktop\v0.9.1\dataconnect`
 {"metadata":{"emulator":{"name":"dataconnect"},"message":"E0603 14:04:39.724615   27004 load.go:23] Could not load config from \"c:\\\\Users\\\\MTG\\\\Desktop\\\\v0.9.1\\\\dataconnect\": could not find dataconnect.yaml in `c:\\Users\\MTG\\Desktop\\v0.9.1\\dataconnect`\n"}}
[debug] [2025-06-03T11:04:39.725Z] E0603 14:04:39.724615   27004 watch.go:76] watchAllDir unable to walk dir `c:\Users\MTG\Desktop\v0.9.1\dataconnect`: on path "c:\\Users\\MTG\\Desktop\\v0.9.1\\dataconnect" (DirEntry: <nil>): CreateFile c:\Users\MTG\Desktop\v0.9.1\dataconnect: The system cannot find the file specified.
 {"metadata":{"emulator":{"name":"dataconnect"},"message":"E0603 14:04:39.724615   27004 watch.go:76] watchAllDir unable to walk dir `c:\\Users\\MTG\\Desktop\\v0.9.1\\dataconnect`: on path \"c:\\\\Users\\\\MTG\\\\Desktop\\\\v0.9.1\\\\dataconnect\" (DirEntry: <nil>): CreateFile c:\\Users\\MTG\\Desktop\\v0.9.1\\dataconnect: The system cannot find the file specified.\n"}}
[debug] [2025-06-03T11:04:49.728Z] E0603 14:04:49.727877   27004 load.go:23] Could not load config from "c:\\Users\\MTG\\Desktop\\v0.9.1\\dataconnect": could not find dataconnect.yaml in `c:\Users\MTG\Desktop\v0.9.1\dataconnect`
 {"metadata":{"emulator":{"name":"dataconnect"},"message":"E0603 14:04:49.727877   27004 load.go:23] Could not load config from \"c:\\\\Users\\\\MTG\\\\Desktop\\\\v0.9.1\\\\dataconnect\": could not find dataconnect.yaml in `c:\\Users\\MTG\\Desktop\\v0.9.1\\dataconnect`\n"}}
[debug] [2025-06-03T11:04:59.731Z] E0603 14:04:59.730920   27004 load.go:23] Could not load config from "c:\\Users\\MTG\\Desktop\\v0.9.1\\dataconnect": could not find dataconnect.yaml in `c:\Users\MTG\Desktop\v0.9.1\dataconnect`
 {"metadata":{"emulator":{"name":"dataconnect"},"message":"E0603 14:04:59.730920   27004 load.go:23] Could not load config from \"c:\\\\Users\\\\MTG\\\\Desktop\\\\v0.9.1\\\\dataconnect\": could not find dataconnect.yaml in `c:\\Users\\MTG\\Desktop\\v0.9.1\\dataconnect`\n"}}
[debug] [2025-06-03T11:05:09.721Z] E0603 14:05:09.721399   27004 load.go:23] Could not load config from "c:\\Users\\MTG\\Desktop\\v0.9.1\\dataconnect": could not find dataconnect.yaml in `c:\Users\MTG\Desktop\v0.9.1\dataconnect`
 {"metadata":{"emulator":{"name":"dataconnect"},"message":"E0603 14:05:09.721399   27004 load.go:23] Could not load config from \"c:\\\\Users\\\\MTG\\\\Desktop\\\\v0.9.1\\\\dataconnect\": could not find dataconnect.yaml in `c:\\Users\\MTG\\Desktop\\v0.9.1\\dataconnect`\n"}}
[debug] [2025-06-03T11:05:19.727Z] E0603 14:05:19.727715   27004 load.go:23] Could not load config from "c:\\Users\\MTG\\Desktop\\v0.9.1\\dataconnect": could not find dataconnect.yaml in `c:\Users\MTG\Desktop\v0.9.1\dataconnect`
 {"metadata":{"emulator":{"name":"dataconnect"},"message":"E0603 14:05:19.727715   27004 load.go:23] Could not load config from \"c:\\\\Users\\\\MTG\\\\Desktop\\\\v0.9.1\\\\dataconnect\": could not find dataconnect.yaml in `c:\\Users\\MTG\\Desktop\\v0.9.1\\dataconnect`\n"}}
[debug] [2025-06-03T11:05:29.723Z] E0603 14:05:29.723400   27004 load.go:23] Could not load config from "c:\\Users\\MTG\\Desktop\\v0.9.1\\dataconnect": could not find dataconnect.yaml in `c:\Users\MTG\Desktop\v0.9.1\dataconnect`
 {"metadata":{"emulator":{"name":"dataconnect"},"message":"E0603 14:05:29.723400   27004 load.go:23] Could not load config from \"c:\\\\Users\\\\MTG\\\\Desktop\\\\v0.9.1\\\\dataconnect\": could not find dataconnect.yaml in `c:\\Users\\MTG\\Desktop\\v0.9.1\\dataconnect`\n"}}
[debug] [2025-06-03T11:05:39.784Z] E0603 14:05:39.783316   27004 load.go:23] Could not load config from "c:\\Users\\MTG\\Desktop\\v0.9.1\\dataconnect": could not find dataconnect.yaml in `c:\Users\MTG\Desktop\v0.9.1\dataconnect`
 {"metadata":{"emulator":{"name":"dataconnect"},"message":"E0603 14:05:39.783316   27004 load.go:23] Could not load config from \"c:\\\\Users\\\\MTG\\\\Desktop\\\\v0.9.1\\\\dataconnect\": could not find dataconnect.yaml in `c:\\Users\\MTG\\Desktop\\v0.9.1\\dataconnect`\n"}}
[debug] [2025-06-03T11:05:49.728Z] E0603 14:05:49.728134   27004 load.go:23] Could not load config from "c:\\Users\\MTG\\Desktop\\v0.9.1\\dataconnect": could not find dataconnect.yaml in `c:\Users\MTG\Desktop\v0.9.1\dataconnect`
 {"metadata":{"emulator":{"name":"dataconnect"},"message":"E0603 14:05:49.728134   27004 load.go:23] Could not load config from \"c:\\\\Users\\\\MTG\\\\Desktop\\\\v0.9.1\\\\dataconnect\": could not find dataconnect.yaml in `c:\\Users\\MTG\\Desktop\\v0.9.1\\dataconnect`\n"}}
[debug] [2025-06-03T11:06:00.098Z] E0603 14:05:59.730489   27004 load.go:23] Could not load config from "c:\\Users\\MTG\\Desktop\\v0.9.1\\dataconnect": could not find dataconnect.yaml in `c:\Users\MTG\Desktop\v0.9.1\dataconnect`
 {"metadata":{"emulator":{"name":"dataconnect"},"message":"E0603 14:05:59.730489   27004 load.go:23] Could not load config from \"c:\\\\Users\\\\MTG\\\\Desktop\\\\v0.9.1\\\\dataconnect\": could not find dataconnect.yaml in `c:\\Users\\MTG\\Desktop\\v0.9.1\\dataconnect`\n"}}
[debug] [2025-06-03T11:06:09.732Z] E0603 14:06:09.731324   27004 load.go:23] Could not load config from "c:\\Users\\MTG\\Desktop\\v0.9.1\\dataconnect": could not find dataconnect.yaml in `c:\Users\MTG\Desktop\v0.9.1\dataconnect`
 {"metadata":{"emulator":{"name":"dataconnect"},"message":"E0603 14:06:09.731324   27004 load.go:23] Could not load config from \"c:\\\\Users\\\\MTG\\\\Desktop\\\\v0.9.1\\\\dataconnect\": could not find dataconnect.yaml in `c:\\Users\\MTG\\Desktop\\v0.9.1\\dataconnect`\n"}}
[debug] [2025-06-03T11:06:19.731Z] E0603 14:06:19.731210   27004 load.go:23] Could not load config from "c:\\Users\\MTG\\Desktop\\v0.9.1\\dataconnect": could not find dataconnect.yaml in `c:\Users\MTG\Desktop\v0.9.1\dataconnect`
 {"metadata":{"emulator":{"name":"dataconnect"},"message":"E0603 14:06:19.731210   27004 load.go:23] Could not load config from \"c:\\\\Users\\\\MTG\\\\Desktop\\\\v0.9.1\\\\dataconnect\": could not find dataconnect.yaml in `c:\\Users\\MTG\\Desktop\\v0.9.1\\dataconnect`\n"}}
[debug] [2025-06-03T11:06:29.719Z] E0603 14:06:29.719807   27004 load.go:23] Could not load config from "c:\\Users\\MTG\\Desktop\\v0.9.1\\dataconnect": could not find dataconnect.yaml in `c:\Users\MTG\Desktop\v0.9.1\dataconnect`
 {"metadata":{"emulator":{"name":"dataconnect"},"message":"E0603 14:06:29.719807   27004 load.go:23] Could not load config from \"c:\\\\Users\\\\MTG\\\\Desktop\\\\v0.9.1\\\\dataconnect\": could not find dataconnect.yaml in `c:\\Users\\MTG\\Desktop\\v0.9.1\\dataconnect`\n"}}
[debug] [2025-06-03T11:06:39.718Z] E0603 14:06:39.717945   27004 load.go:23] Could not load config from "c:\\Users\\MTG\\Desktop\\v0.9.1\\dataconnect": could not find dataconnect.yaml in `c:\Users\MTG\Desktop\v0.9.1\dataconnect`
 {"metadata":{"emulator":{"name":"dataconnect"},"message":"E0603 14:06:39.717945   27004 load.go:23] Could not load config from \"c:\\\\Users\\\\MTG\\\\Desktop\\\\v0.9.1\\\\dataconnect\": could not find dataconnect.yaml in `c:\\Users\\MTG\\Desktop\\v0.9.1\\dataconnect`\n"}}
[debug] [2025-06-03T11:06:39.719Z] E0603 14:06:39.718470   27004 watch.go:76] watchAllDir unable to walk dir `c:\Users\MTG\Desktop\v0.9.1\dataconnect`: on path "c:\\Users\\MTG\\Desktop\\v0.9.1\\dataconnect" (DirEntry: <nil>): CreateFile c:\Users\MTG\Desktop\v0.9.1\dataconnect: The system cannot find the file specified.
 {"metadata":{"emulator":{"name":"dataconnect"},"message":"E0603 14:06:39.718470   27004 watch.go:76] watchAllDir unable to walk dir `c:\\Users\\MTG\\Desktop\\v0.9.1\\dataconnect`: on path \"c:\\\\Users\\\\MTG\\\\Desktop\\\\v0.9.1\\\\dataconnect\" (DirEntry: <nil>): CreateFile c:\\Users\\MTG\\Desktop\\v0.9.1\\dataconnect: The system cannot find the file specified.\n"}}
[debug] [2025-06-03T11:06:49.724Z] E0603 14:06:49.723901   27004 load.go:23] Could not load config from "c:\\Users\\MTG\\Desktop\\v0.9.1\\dataconnect": could not find dataconnect.yaml in `c:\Users\MTG\Desktop\v0.9.1\dataconnect`
 {"metadata":{"emulator":{"name":"dataconnect"},"message":"E0603 14:06:49.723901   27004 load.go:23] Could not load config from \"c:\\\\Users\\\\MTG\\\\Desktop\\\\v0.9.1\\\\dataconnect\": could not find dataconnect.yaml in `c:\\Users\\MTG\\Desktop\\v0.9.1\\dataconnect`\n"}}
[debug] [2025-06-03T11:06:59.726Z] E0603 14:06:59.725887   27004 load.go:23] Could not load config from "c:\\Users\\MTG\\Desktop\\v0.9.1\\dataconnect": could not find dataconnect.yaml in `c:\Users\MTG\Desktop\v0.9.1\dataconnect`
 {"metadata":{"emulator":{"name":"dataconnect"},"message":"E0603 14:06:59.725887   27004 load.go:23] Could not load config from \"c:\\\\Users\\\\MTG\\\\Desktop\\\\v0.9.1\\\\dataconnect\": could not find dataconnect.yaml in `c:\\Users\\MTG\\Desktop\\v0.9.1\\dataconnect`\n"}}
[debug] [2025-06-03T11:07:09.726Z] E0603 14:07:09.726067   27004 load.go:23] Could not load config from "c:\\Users\\MTG\\Desktop\\v0.9.1\\dataconnect": could not find dataconnect.yaml in `c:\Users\MTG\Desktop\v0.9.1\dataconnect`
 {"metadata":{"emulator":{"name":"dataconnect"},"message":"E0603 14:07:09.726067   27004 load.go:23] Could not load config from \"c:\\\\Users\\\\MTG\\\\Desktop\\\\v0.9.1\\\\dataconnect\": could not find dataconnect.yaml in `c:\\Users\\MTG\\Desktop\\v0.9.1\\dataconnect`\n"}}
[debug] [2025-06-03T11:07:19.729Z] E0603 14:07:19.728230   27004 load.go:23] Could not load config from "c:\\Users\\MTG\\Desktop\\v0.9.1\\dataconnect": could not find dataconnect.yaml in `c:\Users\MTG\Desktop\v0.9.1\dataconnect`
 {"metadata":{"emulator":{"name":"dataconnect"},"message":"E0603 14:07:19.728230   27004 load.go:23] Could not load config from \"c:\\\\Users\\\\MTG\\\\Desktop\\\\v0.9.1\\\\dataconnect\": could not find dataconnect.yaml in `c:\\Users\\MTG\\Desktop\\v0.9.1\\dataconnect`\n"}}
[debug] [2025-06-03T11:07:29.723Z] E0603 14:07:29.723083   27004 load.go:23] Could not load config from "c:\\Users\\MTG\\Desktop\\v0.9.1\\dataconnect": could not find dataconnect.yaml in `c:\Users\MTG\Desktop\v0.9.1\dataconnect`
 {"metadata":{"emulator":{"name":"dataconnect"},"message":"E0603 14:07:29.723083   27004 load.go:23] Could not load config from \"c:\\\\Users\\\\MTG\\\\Desktop\\\\v0.9.1\\\\dataconnect\": could not find dataconnect.yaml in `c:\\Users\\MTG\\Desktop\\v0.9.1\\dataconnect`\n"}}
[debug] [2025-06-03T11:07:39.725Z] E0603 14:07:39.723199   27004 load.go:23] Could not load config from "c:\\Users\\MTG\\Desktop\\v0.9.1\\dataconnect": could not find dataconnect.yaml in `c:\Users\MTG\Desktop\v0.9.1\dataconnect`
 {"metadata":{"emulator":{"name":"dataconnect"},"message":"E0603 14:07:39.723199   27004 load.go:23] Could not load config from \"c:\\\\Users\\\\MTG\\\\Desktop\\\\v0.9.1\\\\dataconnect\": could not find dataconnect.yaml in `c:\\Users\\MTG\\Desktop\\v0.9.1\\dataconnect`\n"}}
[debug] [2025-06-03T11:07:49.721Z] E0603 14:07:49.721534   27004 load.go:23] Could not load config from "c:\\Users\\MTG\\Desktop\\v0.9.1\\dataconnect": could not find dataconnect.yaml in `c:\Users\MTG\Desktop\v0.9.1\dataconnect`
 {"metadata":{"emulator":{"name":"dataconnect"},"message":"E0603 14:07:49.721534   27004 load.go:23] Could not load config from \"c:\\\\Users\\\\MTG\\\\Desktop\\\\v0.9.1\\\\dataconnect\": could not find dataconnect.yaml in `c:\\Users\\MTG\\Desktop\\v0.9.1\\dataconnect`\n"}}
[debug] [2025-06-03T11:07:59.722Z] E0603 14:07:59.722571   27004 load.go:23] Could not load config from "c:\\Users\\MTG\\Desktop\\v0.9.1\\dataconnect": could not find dataconnect.yaml in `c:\Users\MTG\Desktop\v0.9.1\dataconnect`
 {"metadata":{"emulator":{"name":"dataconnect"},"message":"E0603 14:07:59.722571   27004 load.go:23] Could not load config from \"c:\\\\Users\\\\MTG\\\\Desktop\\\\v0.9.1\\\\dataconnect\": could not find dataconnect.yaml in `c:\\Users\\MTG\\Desktop\\v0.9.1\\dataconnect`\n"}}
[debug] [2025-06-03T11:08:09.719Z] E0603 14:08:09.719590   27004 load.go:23] Could not load config from "c:\\Users\\MTG\\Desktop\\v0.9.1\\dataconnect": could not find dataconnect.yaml in `c:\Users\MTG\Desktop\v0.9.1\dataconnect`
 {"metadata":{"emulator":{"name":"dataconnect"},"message":"E0603 14:08:09.719590   27004 load.go:23] Could not load config from \"c:\\\\Users\\\\MTG\\\\Desktop\\\\v0.9.1\\\\dataconnect\": could not find dataconnect.yaml in `c:\\Users\\MTG\\Desktop\\v0.9.1\\dataconnect`\n"}}
[debug] [2025-06-03T11:08:19.719Z] E0603 14:08:19.719688   27004 load.go:23] Could not load config from "c:\\Users\\MTG\\Desktop\\v0.9.1\\dataconnect": could not find dataconnect.yaml in `c:\Users\MTG\Desktop\v0.9.1\dataconnect`
 {"metadata":{"emulator":{"name":"dataconnect"},"message":"E0603 14:08:19.719688   27004 load.go:23] Could not load config from \"c:\\\\Users\\\\MTG\\\\Desktop\\\\v0.9.1\\\\dataconnect\": could not find dataconnect.yaml in `c:\\Users\\MTG\\Desktop\\v0.9.1\\dataconnect`\n"}}
[debug] [2025-06-03T11:08:29.717Z] E0603 14:08:29.717034   27004 load.go:23] Could not load config from "c:\\Users\\MTG\\Desktop\\v0.9.1\\dataconnect": could not find dataconnect.yaml in `c:\Users\MTG\Desktop\v0.9.1\dataconnect`
 {"metadata":{"emulator":{"name":"dataconnect"},"message":"E0603 14:08:29.717034   27004 load.go:23] Could not load config from \"c:\\\\Users\\\\MTG\\\\Desktop\\\\v0.9.1\\\\dataconnect\": could not find dataconnect.yaml in `c:\\Users\\MTG\\Desktop\\v0.9.1\\dataconnect`\n"}}
[debug] [2025-06-03T11:08:39.722Z] E0603 14:08:39.722798   27004 load.go:23] Could not load config from "c:\\Users\\MTG\\Desktop\\v0.9.1\\dataconnect": could not find dataconnect.yaml in `c:\Users\MTG\Desktop\v0.9.1\dataconnect`
 {"metadata":{"emulator":{"name":"dataconnect"},"message":"E0603 14:08:39.722798   27004 load.go:23] Could not load config from \"c:\\\\Users\\\\MTG\\\\Desktop\\\\v0.9.1\\\\dataconnect\": could not find dataconnect.yaml in `c:\\Users\\MTG\\Desktop\\v0.9.1\\dataconnect`\n"}}
[debug] [2025-06-03T11:08:39.724Z] E0603 14:08:39.723303   27004 watch.go:76] watchAllDir unable to walk dir `c:\Users\MTG\Desktop\v0.9.1\dataconnect`: on path "c:\\Users\\MTG\\Desktop\\v0.9.1\\dataconnect" (DirEntry: <nil>): CreateFile c:\Users\MTG\Desktop\v0.9.1\dataconnect: The system cannot find the file specified.
 {"metadata":{"emulator":{"name":"dataconnect"},"message":"E0603 14:08:39.723303   27004 watch.go:76] watchAllDir unable to walk dir `c:\\Users\\MTG\\Desktop\\v0.9.1\\dataconnect`: on path \"c:\\\\Users\\\\MTG\\\\Desktop\\\\v0.9.1\\\\dataconnect\" (DirEntry: <nil>): CreateFile c:\\Users\\MTG\\Desktop\\v0.9.1\\dataconnect: The system cannot find the file specified.\n"}}
[debug] [2025-06-03T11:08:49.717Z] E0603 14:08:49.716955   27004 load.go:23] Could not load config from "c:\\Users\\MTG\\Desktop\\v0.9.1\\dataconnect": could not find dataconnect.yaml in `c:\Users\MTG\Desktop\v0.9.1\dataconnect`
 {"metadata":{"emulator":{"name":"dataconnect"},"message":"E0603 14:08:49.716955   27004 load.go:23] Could not load config from \"c:\\\\Users\\\\MTG\\\\Desktop\\\\v0.9.1\\\\dataconnect\": could not find dataconnect.yaml in `c:\\Users\\MTG\\Desktop\\v0.9.1\\dataconnect`\n"}}
[debug] [2025-06-03T11:08:59.726Z] E0603 14:08:59.725859   27004 load.go:23] Could not load config from "c:\\Users\\MTG\\Desktop\\v0.9.1\\dataconnect": could not find dataconnect.yaml in `c:\Users\MTG\Desktop\v0.9.1\dataconnect`
 {"metadata":{"emulator":{"name":"dataconnect"},"message":"E0603 14:08:59.725859   27004 load.go:23] Could not load config from \"c:\\\\Users\\\\MTG\\\\Desktop\\\\v0.9.1\\\\dataconnect\": could not find dataconnect.yaml in `c:\\Users\\MTG\\Desktop\\v0.9.1\\dataconnect`\n"}}
[debug] [2025-06-03T11:09:09.720Z] E0603 14:09:09.720726   27004 load.go:23] Could not load config from "c:\\Users\\MTG\\Desktop\\v0.9.1\\dataconnect": could not find dataconnect.yaml in `c:\Users\MTG\Desktop\v0.9.1\dataconnect`
 {"metadata":{"emulator":{"name":"dataconnect"},"message":"E0603 14:09:09.720726   27004 load.go:23] Could not load config from \"c:\\\\Users\\\\MTG\\\\Desktop\\\\v0.9.1\\\\dataconnect\": could not find dataconnect.yaml in `c:\\Users\\MTG\\Desktop\\v0.9.1\\dataconnect`\n"}}
[debug] [2025-06-03T11:09:19.721Z] E0603 14:09:19.721698   27004 load.go:23] Could not load config from "c:\\Users\\MTG\\Desktop\\v0.9.1\\dataconnect": could not find dataconnect.yaml in `c:\Users\MTG\Desktop\v0.9.1\dataconnect`
 {"metadata":{"emulator":{"name":"dataconnect"},"message":"E0603 14:09:19.721698   27004 load.go:23] Could not load config from \"c:\\\\Users\\\\MTG\\\\Desktop\\\\v0.9.1\\\\dataconnect\": could not find dataconnect.yaml in `c:\\Users\\MTG\\Desktop\\v0.9.1\\dataconnect`\n"}}
[debug] [2025-06-03T11:09:29.723Z] E0603 14:09:29.723645   27004 load.go:23] Could not load config from "c:\\Users\\MTG\\Desktop\\v0.9.1\\dataconnect": could not find dataconnect.yaml in `c:\Users\MTG\Desktop\v0.9.1\dataconnect`
 {"metadata":{"emulator":{"name":"dataconnect"},"message":"E0603 14:09:29.723645   27004 load.go:23] Could not load config from \"c:\\\\Users\\\\MTG\\\\Desktop\\\\v0.9.1\\\\dataconnect\": could not find dataconnect.yaml in `c:\\Users\\MTG\\Desktop\\v0.9.1\\dataconnect`\n"}}
[debug] [2025-06-03T11:09:39.721Z] E0603 14:09:39.721443   27004 load.go:23] Could not load config from "c:\\Users\\MTG\\Desktop\\v0.9.1\\dataconnect": could not find dataconnect.yaml in `c:\Users\MTG\Desktop\v0.9.1\dataconnect`
 {"metadata":{"emulator":{"name":"dataconnect"},"message":"E0603 14:09:39.721443   27004 load.go:23] Could not load config from \"c:\\\\Users\\\\MTG\\\\Desktop\\\\v0.9.1\\\\dataconnect\": could not find dataconnect.yaml in `c:\\Users\\MTG\\Desktop\\v0.9.1\\dataconnect`\n"}}
[debug] [2025-06-03T11:09:49.722Z] E0603 14:09:49.721929   27004 load.go:23] Could not load config from "c:\\Users\\MTG\\Desktop\\v0.9.1\\dataconnect": could not find dataconnect.yaml in `c:\Users\MTG\Desktop\v0.9.1\dataconnect`
 {"metadata":{"emulator":{"name":"dataconnect"},"message":"E0603 14:09:49.721929   27004 load.go:23] Could not load config from \"c:\\\\Users\\\\MTG\\\\Desktop\\\\v0.9.1\\\\dataconnect\": could not find dataconnect.yaml in `c:\\Users\\MTG\\Desktop\\v0.9.1\\dataconnect`\n"}}
[debug] [2025-06-03T11:09:59.722Z] E0603 14:09:59.722000   27004 load.go:23] Could not load config from "c:\\Users\\MTG\\Desktop\\v0.9.1\\dataconnect": could not find dataconnect.yaml in `c:\Users\MTG\Desktop\v0.9.1\dataconnect`
 {"metadata":{"emulator":{"name":"dataconnect"},"message":"E0603 14:09:59.722000   27004 load.go:23] Could not load config from \"c:\\\\Users\\\\MTG\\\\Desktop\\\\v0.9.1\\\\dataconnect\": could not find dataconnect.yaml in `c:\\Users\\MTG\\Desktop\\v0.9.1\\dataconnect`\n"}}
[debug] [2025-06-03T11:10:09.728Z] E0603 14:10:09.728096   27004 load.go:23] Could not load config from "c:\\Users\\MTG\\Desktop\\v0.9.1\\dataconnect": could not find dataconnect.yaml in `c:\Users\MTG\Desktop\v0.9.1\dataconnect`
 {"metadata":{"emulator":{"name":"dataconnect"},"message":"E0603 14:10:09.728096   27004 load.go:23] Could not load config from \"c:\\\\Users\\\\MTG\\\\Desktop\\\\v0.9.1\\\\dataconnect\": could not find dataconnect.yaml in `c:\\Users\\MTG\\Desktop\\v0.9.1\\dataconnect`\n"}}
[debug] [2025-06-03T11:10:19.719Z] E0603 14:10:19.719385   27004 load.go:23] Could not load config from "c:\\Users\\MTG\\Desktop\\v0.9.1\\dataconnect": could not find dataconnect.yaml in `c:\Users\MTG\Desktop\v0.9.1\dataconnect`
 {"metadata":{"emulator":{"name":"dataconnect"},"message":"E0603 14:10:19.719385   27004 load.go:23] Could not load config from \"c:\\\\Users\\\\MTG\\\\Desktop\\\\v0.9.1\\\\dataconnect\": could not find dataconnect.yaml in `c:\\Users\\MTG\\Desktop\\v0.9.1\\dataconnect`\n"}}
[debug] [2025-06-03T11:10:29.723Z] E0603 14:10:29.723476   27004 load.go:23] Could not load config from "c:\\Users\\MTG\\Desktop\\v0.9.1\\dataconnect": could not find dataconnect.yaml in `c:\Users\MTG\Desktop\v0.9.1\dataconnect`
 {"metadata":{"emulator":{"name":"dataconnect"},"message":"E0603 14:10:29.723476   27004 load.go:23] Could not load config from \"c:\\\\Users\\\\MTG\\\\Desktop\\\\v0.9.1\\\\dataconnect\": could not find dataconnect.yaml in `c:\\Users\\MTG\\Desktop\\v0.9.1\\dataconnect`\n"}}
[debug] [2025-06-03T11:10:39.721Z] E0603 14:10:39.721362   27004 load.go:23] Could not load config from "c:\\Users\\MTG\\Desktop\\v0.9.1\\dataconnect": could not find dataconnect.yaml in `c:\Users\MTG\Desktop\v0.9.1\dataconnect`
 {"metadata":{"emulator":{"name":"dataconnect"},"message":"E0603 14:10:39.721362   27004 load.go:23] Could not load config from \"c:\\\\Users\\\\MTG\\\\Desktop\\\\v0.9.1\\\\dataconnect\": could not find dataconnect.yaml in `c:\\Users\\MTG\\Desktop\\v0.9.1\\dataconnect`\n"}}
[debug] [2025-06-03T11:10:39.722Z] E0603 14:10:39.722319   27004 watch.go:76] watchAllDir unable to walk dir `c:\Users\MTG\Desktop\v0.9.1\dataconnect`: on path "c:\\Users\\MTG\\Desktop\\v0.9.1\\dataconnect" (DirEntry: <nil>): CreateFile c:\Users\MTG\Desktop\v0.9.1\dataconnect: The system cannot find the file specified.
 {"metadata":{"emulator":{"name":"dataconnect"},"message":"E0603 14:10:39.722319   27004 watch.go:76] watchAllDir unable to walk dir `c:\\Users\\MTG\\Desktop\\v0.9.1\\dataconnect`: on path \"c:\\\\Users\\\\MTG\\\\Desktop\\\\v0.9.1\\\\dataconnect\" (DirEntry: <nil>): CreateFile c:\\Users\\MTG\\Desktop\\v0.9.1\\dataconnect: The system cannot find the file specified.\n"}}
[debug] [2025-06-03T11:10:49.728Z] E0603 14:10:49.728023   27004 load.go:23] Could not load config from "c:\\Users\\MTG\\Desktop\\v0.9.1\\dataconnect": could not find dataconnect.yaml in `c:\Users\MTG\Desktop\v0.9.1\dataconnect`
 {"metadata":{"emulator":{"name":"dataconnect"},"message":"E0603 14:10:49.728023   27004 load.go:23] Could not load config from \"c:\\\\Users\\\\MTG\\\\Desktop\\\\v0.9.1\\\\dataconnect\": could not find dataconnect.yaml in `c:\\Users\\MTG\\Desktop\\v0.9.1\\dataconnect`\n"}}
[debug] [2025-06-03T11:10:59.724Z] E0603 14:10:59.724334   27004 load.go:23] Could not load config from "c:\\Users\\MTG\\Desktop\\v0.9.1\\dataconnect": could not find dataconnect.yaml in `c:\Users\MTG\Desktop\v0.9.1\dataconnect`
 {"metadata":{"emulator":{"name":"dataconnect"},"message":"E0603 14:10:59.724334   27004 load.go:23] Could not load config from \"c:\\\\Users\\\\MTG\\\\Desktop\\\\v0.9.1\\\\dataconnect\": could not find dataconnect.yaml in `c:\\Users\\MTG\\Desktop\\v0.9.1\\dataconnect`\n"}}
[debug] [2025-06-03T11:11:09.731Z] E0603 14:11:09.730860   27004 load.go:23] Could not load config from "c:\\Users\\MTG\\Desktop\\v0.9.1\\dataconnect": could not find dataconnect.yaml in `c:\Users\MTG\Desktop\v0.9.1\dataconnect`
 {"metadata":{"emulator":{"name":"dataconnect"},"message":"E0603 14:11:09.730860   27004 load.go:23] Could not load config from \"c:\\\\Users\\\\MTG\\\\Desktop\\\\v0.9.1\\\\dataconnect\": could not find dataconnect.yaml in `c:\\Users\\MTG\\Desktop\\v0.9.1\\dataconnect`\n"}}
[debug] [2025-06-03T11:11:19.725Z] E0603 14:11:19.725302   27004 load.go:23] Could not load config from "c:\\Users\\MTG\\Desktop\\v0.9.1\\dataconnect": could not find dataconnect.yaml in `c:\Users\MTG\Desktop\v0.9.1\dataconnect`
 {"metadata":{"emulator":{"name":"dataconnect"},"message":"E0603 14:11:19.725302   27004 load.go:23] Could not load config from \"c:\\\\Users\\\\MTG\\\\Desktop\\\\v0.9.1\\\\dataconnect\": could not find dataconnect.yaml in `c:\\Users\\MTG\\Desktop\\v0.9.1\\dataconnect`\n"}}
[debug] [2025-06-03T11:11:29.717Z] E0603 14:11:29.717144   27004 load.go:23] Could not load config from "c:\\Users\\MTG\\Desktop\\v0.9.1\\dataconnect": could not find dataconnect.yaml in `c:\Users\MTG\Desktop\v0.9.1\dataconnect`
 {"metadata":{"emulator":{"name":"dataconnect"},"message":"E0603 14:11:29.717144   27004 load.go:23] Could not load config from \"c:\\\\Users\\\\MTG\\\\Desktop\\\\v0.9.1\\\\dataconnect\": could not find dataconnect.yaml in `c:\\Users\\MTG\\Desktop\\v0.9.1\\dataconnect`\n"}}
[debug] [2025-06-03T11:11:39.726Z] E0603 14:11:39.726744   27004 load.go:23] Could not load config from "c:\\Users\\MTG\\Desktop\\v0.9.1\\dataconnect": could not find dataconnect.yaml in `c:\Users\MTG\Desktop\v0.9.1\dataconnect`
 {"metadata":{"emulator":{"name":"dataconnect"},"message":"E0603 14:11:39.726744   27004 load.go:23] Could not load config from \"c:\\\\Users\\\\MTG\\\\Desktop\\\\v0.9.1\\\\dataconnect\": could not find dataconnect.yaml in `c:\\Users\\MTG\\Desktop\\v0.9.1\\dataconnect`\n"}}
[debug] [2025-06-03T11:11:49.723Z] E0603 14:11:49.723342   27004 load.go:23] Could not load config from "c:\\Users\\MTG\\Desktop\\v0.9.1\\dataconnect": could not find dataconnect.yaml in `c:\Users\MTG\Desktop\v0.9.1\dataconnect`
 {"metadata":{"emulator":{"name":"dataconnect"},"message":"E0603 14:11:49.723342   27004 load.go:23] Could not load config from \"c:\\\\Users\\\\MTG\\\\Desktop\\\\v0.9.1\\\\dataconnect\": could not find dataconnect.yaml in `c:\\Users\\MTG\\Desktop\\v0.9.1\\dataconnect`\n"}}
[debug] [2025-06-03T11:11:59.720Z] E0603 14:11:59.720995   27004 load.go:23] Could not load config from "c:\\Users\\MTG\\Desktop\\v0.9.1\\dataconnect": could not find dataconnect.yaml in `c:\Users\MTG\Desktop\v0.9.1\dataconnect`
 {"metadata":{"emulator":{"name":"dataconnect"},"message":"E0603 14:11:59.720995   27004 load.go:23] Could not load config from \"c:\\\\Users\\\\MTG\\\\Desktop\\\\v0.9.1\\\\dataconnect\": could not find dataconnect.yaml in `c:\\Users\\MTG\\Desktop\\v0.9.1\\dataconnect`\n"}}
[debug] [2025-06-03T11:12:09.722Z] E0603 14:12:09.722049   27004 load.go:23] Could not load config from "c:\\Users\\MTG\\Desktop\\v0.9.1\\dataconnect": could not find dataconnect.yaml in `c:\Users\MTG\Desktop\v0.9.1\dataconnect`
 {"metadata":{"emulator":{"name":"dataconnect"},"message":"E0603 14:12:09.722049   27004 load.go:23] Could not load config from \"c:\\\\Users\\\\MTG\\\\Desktop\\\\v0.9.1\\\\dataconnect\": could not find dataconnect.yaml in `c:\\Users\\MTG\\Desktop\\v0.9.1\\dataconnect`\n"}}
[debug] [2025-06-03T11:12:19.718Z] E0603 14:12:19.718871   27004 load.go:23] Could not load config from "c:\\Users\\MTG\\Desktop\\v0.9.1\\dataconnect": could not find dataconnect.yaml in `c:\Users\MTG\Desktop\v0.9.1\dataconnect`
 {"metadata":{"emulator":{"name":"dataconnect"},"message":"E0603 14:12:19.718871   27004 load.go:23] Could not load config from \"c:\\\\Users\\\\MTG\\\\Desktop\\\\v0.9.1\\\\dataconnect\": could not find dataconnect.yaml in `c:\\Users\\MTG\\Desktop\\v0.9.1\\dataconnect`\n"}}
[debug] [2025-06-03T11:12:29.724Z] E0603 14:12:29.724857   27004 load.go:23] Could not load config from "c:\\Users\\MTG\\Desktop\\v0.9.1\\dataconnect": could not find dataconnect.yaml in `c:\Users\MTG\Desktop\v0.9.1\dataconnect`
 {"metadata":{"emulator":{"name":"dataconnect"},"message":"E0603 14:12:29.724857   27004 load.go:23] Could not load config from \"c:\\\\Users\\\\MTG\\\\Desktop\\\\v0.9.1\\\\dataconnect\": could not find dataconnect.yaml in `c:\\Users\\MTG\\Desktop\\v0.9.1\\dataconnect`\n"}}
[debug] [2025-06-03T11:12:39.723Z] E0603 14:12:39.723357   27004 load.go:23] Could not load config from "c:\\Users\\MTG\\Desktop\\v0.9.1\\dataconnect": could not find dataconnect.yaml in `c:\Users\MTG\Desktop\v0.9.1\dataconnect`
 {"metadata":{"emulator":{"name":"dataconnect"},"message":"E0603 14:12:39.723357   27004 load.go:23] Could not load config from \"c:\\\\Users\\\\MTG\\\\Desktop\\\\v0.9.1\\\\dataconnect\": could not find dataconnect.yaml in `c:\\Users\\MTG\\Desktop\\v0.9.1\\dataconnect`\n"}}
[debug] [2025-06-03T11:12:39.724Z] E0603 14:12:39.724365   27004 watch.go:76] watchAllDir unable to walk dir `c:\Users\MTG\Desktop\v0.9.1\dataconnect`: on path "c:\\Users\\MTG\\Desktop\\v0.9.1\\dataconnect" (DirEntry: <nil>): CreateFile c:\Users\MTG\Desktop\v0.9.1\dataconnect: The system cannot find the file specified.
 {"metadata":{"emulator":{"name":"dataconnect"},"message":"E0603 14:12:39.724365   27004 watch.go:76] watchAllDir unable to walk dir `c:\\Users\\MTG\\Desktop\\v0.9.1\\dataconnect`: on path \"c:\\\\Users\\\\MTG\\\\Desktop\\\\v0.9.1\\\\dataconnect\" (DirEntry: <nil>): CreateFile c:\\Users\\MTG\\Desktop\\v0.9.1\\dataconnect: The system cannot find the file specified.\n"}}
[debug] [2025-06-03T11:12:49.726Z] E0603 14:12:49.726469   27004 load.go:23] Could not load config from "c:\\Users\\MTG\\Desktop\\v0.9.1\\dataconnect": could not find dataconnect.yaml in `c:\Users\MTG\Desktop\v0.9.1\dataconnect`
 {"metadata":{"emulator":{"name":"dataconnect"},"message":"E0603 14:12:49.726469   27004 load.go:23] Could not load config from \"c:\\\\Users\\\\MTG\\\\Desktop\\\\v0.9.1\\\\dataconnect\": could not find dataconnect.yaml in `c:\\Users\\MTG\\Desktop\\v0.9.1\\dataconnect`\n"}}
[debug] [2025-06-03T11:12:59.724Z] E0603 14:12:59.723999   27004 load.go:23] Could not load config from "c:\\Users\\MTG\\Desktop\\v0.9.1\\dataconnect": could not find dataconnect.yaml in `c:\Users\MTG\Desktop\v0.9.1\dataconnect`
 {"metadata":{"emulator":{"name":"dataconnect"},"message":"E0603 14:12:59.723999   27004 load.go:23] Could not load config from \"c:\\\\Users\\\\MTG\\\\Desktop\\\\v0.9.1\\\\dataconnect\": could not find dataconnect.yaml in `c:\\Users\\MTG\\Desktop\\v0.9.1\\dataconnect`\n"}}
[debug] [2025-06-03T11:13:09.718Z] E0603 14:13:09.717836   27004 load.go:23] Could not load config from "c:\\Users\\MTG\\Desktop\\v0.9.1\\dataconnect": could not find dataconnect.yaml in `c:\Users\MTG\Desktop\v0.9.1\dataconnect`
 {"metadata":{"emulator":{"name":"dataconnect"},"message":"E0603 14:13:09.717836   27004 load.go:23] Could not load config from \"c:\\\\Users\\\\MTG\\\\Desktop\\\\v0.9.1\\\\dataconnect\": could not find dataconnect.yaml in `c:\\Users\\MTG\\Desktop\\v0.9.1\\dataconnect`\n"}}
[debug] [2025-06-03T11:13:19.727Z] E0603 14:13:19.726821   27004 load.go:23] Could not load config from "c:\\Users\\MTG\\Desktop\\v0.9.1\\dataconnect": could not find dataconnect.yaml in `c:\Users\MTG\Desktop\v0.9.1\dataconnect`
 {"metadata":{"emulator":{"name":"dataconnect"},"message":"E0603 14:13:19.726821   27004 load.go:23] Could not load config from \"c:\\\\Users\\\\MTG\\\\Desktop\\\\v0.9.1\\\\dataconnect\": could not find dataconnect.yaml in `c:\\Users\\MTG\\Desktop\\v0.9.1\\dataconnect`\n"}}
[debug] [2025-06-03T11:13:29.727Z] E0603 14:13:29.727269   27004 load.go:23] Could not load config from "c:\\Users\\MTG\\Desktop\\v0.9.1\\dataconnect": could not find dataconnect.yaml in `c:\Users\MTG\Desktop\v0.9.1\dataconnect`
 {"metadata":{"emulator":{"name":"dataconnect"},"message":"E0603 14:13:29.727269   27004 load.go:23] Could not load config from \"c:\\\\Users\\\\MTG\\\\Desktop\\\\v0.9.1\\\\dataconnect\": could not find dataconnect.yaml in `c:\\Users\\MTG\\Desktop\\v0.9.1\\dataconnect`\n"}}
[debug] [2025-06-03T11:13:39.729Z] E0603 14:13:39.729379   27004 load.go:23] Could not load config from "c:\\Users\\MTG\\Desktop\\v0.9.1\\dataconnect": could not find dataconnect.yaml in `c:\Users\MTG\Desktop\v0.9.1\dataconnect`
 {"metadata":{"emulator":{"name":"dataconnect"},"message":"E0603 14:13:39.729379   27004 load.go:23] Could not load config from \"c:\\\\Users\\\\MTG\\\\Desktop\\\\v0.9.1\\\\dataconnect\": could not find dataconnect.yaml in `c:\\Users\\MTG\\Desktop\\v0.9.1\\dataconnect`\n"}}
[debug] [2025-06-03T11:13:49.728Z] E0603 14:13:49.728938   27004 load.go:23] Could not load config from "c:\\Users\\MTG\\Desktop\\v0.9.1\\dataconnect": could not find dataconnect.yaml in `c:\Users\MTG\Desktop\v0.9.1\dataconnect`
 {"metadata":{"emulator":{"name":"dataconnect"},"message":"E0603 14:13:49.728938   27004 load.go:23] Could not load config from \"c:\\\\Users\\\\MTG\\\\Desktop\\\\v0.9.1\\\\dataconnect\": could not find dataconnect.yaml in `c:\\Users\\MTG\\Desktop\\v0.9.1\\dataconnect`\n"}}
[debug] [2025-06-03T11:13:59.727Z] E0603 14:13:59.727171   27004 load.go:23] Could not load config from "c:\\Users\\MTG\\Desktop\\v0.9.1\\dataconnect": could not find dataconnect.yaml in `c:\Users\MTG\Desktop\v0.9.1\dataconnect`
 {"metadata":{"emulator":{"name":"dataconnect"},"message":"E0603 14:13:59.727171   27004 load.go:23] Could not load config from \"c:\\\\Users\\\\MTG\\\\Desktop\\\\v0.9.1\\\\dataconnect\": could not find dataconnect.yaml in `c:\\Users\\MTG\\Desktop\\v0.9.1\\dataconnect`\n"}}
[debug] [2025-06-03T11:14:09.728Z] E0603 14:14:09.728881   27004 load.go:23] Could not load config from "c:\\Users\\MTG\\Desktop\\v0.9.1\\dataconnect": could not find dataconnect.yaml in `c:\Users\MTG\Desktop\v0.9.1\dataconnect`
 {"metadata":{"emulator":{"name":"dataconnect"},"message":"E0603 14:14:09.728881   27004 load.go:23] Could not load config from \"c:\\\\Users\\\\MTG\\\\Desktop\\\\v0.9.1\\\\dataconnect\": could not find dataconnect.yaml in `c:\\Users\\MTG\\Desktop\\v0.9.1\\dataconnect`\n"}}
[debug] [2025-06-03T11:14:19.730Z] E0603 14:14:19.730624   27004 load.go:23] Could not load config from "c:\\Users\\MTG\\Desktop\\v0.9.1\\dataconnect": could not find dataconnect.yaml in `c:\Users\MTG\Desktop\v0.9.1\dataconnect`
 {"metadata":{"emulator":{"name":"dataconnect"},"message":"E0603 14:14:19.730624   27004 load.go:23] Could not load config from \"c:\\\\Users\\\\MTG\\\\Desktop\\\\v0.9.1\\\\dataconnect\": could not find dataconnect.yaml in `c:\\Users\\MTG\\Desktop\\v0.9.1\\dataconnect`\n"}}
[debug] [2025-06-03T11:14:29.726Z] E0603 14:14:29.726659   27004 load.go:23] Could not load config from "c:\\Users\\MTG\\Desktop\\v0.9.1\\dataconnect": could not find dataconnect.yaml in `c:\Users\MTG\Desktop\v0.9.1\dataconnect`
 {"metadata":{"emulator":{"name":"dataconnect"},"message":"E0603 14:14:29.726659   27004 load.go:23] Could not load config from \"c:\\\\Users\\\\MTG\\\\Desktop\\\\v0.9.1\\\\dataconnect\": could not find dataconnect.yaml in `c:\\Users\\MTG\\Desktop\\v0.9.1\\dataconnect`\n"}}
[debug] [2025-06-03T11:14:39.722Z] E0603 14:14:39.722501   27004 load.go:23] Could not load config from "c:\\Users\\MTG\\Desktop\\v0.9.1\\dataconnect": could not find dataconnect.yaml in `c:\Users\MTG\Desktop\v0.9.1\dataconnect`
 {"metadata":{"emulator":{"name":"dataconnect"},"message":"E0603 14:14:39.722501   27004 load.go:23] Could not load config from \"c:\\\\Users\\\\MTG\\\\Desktop\\\\v0.9.1\\\\dataconnect\": could not find dataconnect.yaml in `c:\\Users\\MTG\\Desktop\\v0.9.1\\dataconnect`\n"}}
[debug] [2025-06-03T11:14:39.723Z] E0603 14:14:39.723661   27004 watch.go:76] watchAllDir unable to walk dir `c:\Users\MTG\Desktop\v0.9.1\dataconnect`: on path "c:\\Users\\MTG\\Desktop\\v0.9.1\\dataconnect" (DirEntry: <nil>): CreateFile c:\Users\MTG\Desktop\v0.9.1\dataconnect: The system cannot find the file specified.
 {"metadata":{"emulator":{"name":"dataconnect"},"message":"E0603 14:14:39.723661   27004 watch.go:76] watchAllDir unable to walk dir `c:\\Users\\MTG\\Desktop\\v0.9.1\\dataconnect`: on path \"c:\\\\Users\\\\MTG\\\\Desktop\\\\v0.9.1\\\\dataconnect\" (DirEntry: <nil>): CreateFile c:\\Users\\MTG\\Desktop\\v0.9.1\\dataconnect: The system cannot find the file specified.\n"}}
[debug] [2025-06-03T11:14:49.729Z] E0603 14:14:49.729054   27004 load.go:23] Could not load config from "c:\\Users\\MTG\\Desktop\\v0.9.1\\dataconnect": could not find dataconnect.yaml in `c:\Users\MTG\Desktop\v0.9.1\dataconnect`
 {"metadata":{"emulator":{"name":"dataconnect"},"message":"E0603 14:14:49.729054   27004 load.go:23] Could not load config from \"c:\\\\Users\\\\MTG\\\\Desktop\\\\v0.9.1\\\\dataconnect\": could not find dataconnect.yaml in `c:\\Users\\MTG\\Desktop\\v0.9.1\\dataconnect`\n"}}
[debug] [2025-06-03T11:14:59.721Z] E0603 14:14:59.721366   27004 load.go:23] Could not load config from "c:\\Users\\MTG\\Desktop\\v0.9.1\\dataconnect": could not find dataconnect.yaml in `c:\Users\MTG\Desktop\v0.9.1\dataconnect`
 {"metadata":{"emulator":{"name":"dataconnect"},"message":"E0603 14:14:59.721366   27004 load.go:23] Could not load config from \"c:\\\\Users\\\\MTG\\\\Desktop\\\\v0.9.1\\\\dataconnect\": could not find dataconnect.yaml in `c:\\Users\\MTG\\Desktop\\v0.9.1\\dataconnect`\n"}}
[debug] [2025-06-03T11:15:09.731Z] E0603 14:15:09.731613   27004 load.go:23] Could not load config from "c:\\Users\\MTG\\Desktop\\v0.9.1\\dataconnect": could not find dataconnect.yaml in `c:\Users\MTG\Desktop\v0.9.1\dataconnect`
 {"metadata":{"emulator":{"name":"dataconnect"},"message":"E0603 14:15:09.731613   27004 load.go:23] Could not load config from \"c:\\\\Users\\\\MTG\\\\Desktop\\\\v0.9.1\\\\dataconnect\": could not find dataconnect.yaml in `c:\\Users\\MTG\\Desktop\\v0.9.1\\dataconnect`\n"}}
[debug] [2025-06-03T11:15:19.730Z] E0603 14:15:19.730291   27004 load.go:23] Could not load config from "c:\\Users\\MTG\\Desktop\\v0.9.1\\dataconnect": could not find dataconnect.yaml in `c:\Users\MTG\Desktop\v0.9.1\dataconnect`
 {"metadata":{"emulator":{"name":"dataconnect"},"message":"E0603 14:15:19.730291   27004 load.go:23] Could not load config from \"c:\\\\Users\\\\MTG\\\\Desktop\\\\v0.9.1\\\\dataconnect\": could not find dataconnect.yaml in `c:\\Users\\MTG\\Desktop\\v0.9.1\\dataconnect`\n"}}
[debug] [2025-06-03T11:15:29.730Z] E0603 14:15:29.730012   27004 load.go:23] Could not load config from "c:\\Users\\MTG\\Desktop\\v0.9.1\\dataconnect": could not find dataconnect.yaml in `c:\Users\MTG\Desktop\v0.9.1\dataconnect`
 {"metadata":{"emulator":{"name":"dataconnect"},"message":"E0603 14:15:29.730012   27004 load.go:23] Could not load config from \"c:\\\\Users\\\\MTG\\\\Desktop\\\\v0.9.1\\\\dataconnect\": could not find dataconnect.yaml in `c:\\Users\\MTG\\Desktop\\v0.9.1\\dataconnect`\n"}}
[debug] [2025-06-03T11:15:39.728Z] E0603 14:15:39.727791   27004 load.go:23] Could not load config from "c:\\Users\\MTG\\Desktop\\v0.9.1\\dataconnect": could not find dataconnect.yaml in `c:\Users\MTG\Desktop\v0.9.1\dataconnect`
 {"metadata":{"emulator":{"name":"dataconnect"},"message":"E0603 14:15:39.727791   27004 load.go:23] Could not load config from \"c:\\\\Users\\\\MTG\\\\Desktop\\\\v0.9.1\\\\dataconnect\": could not find dataconnect.yaml in `c:\\Users\\MTG\\Desktop\\v0.9.1\\dataconnect`\n"}}
[debug] [2025-06-03T11:15:49.722Z] E0603 14:15:49.722593   27004 load.go:23] Could not load config from "c:\\Users\\MTG\\Desktop\\v0.9.1\\dataconnect": could not find dataconnect.yaml in `c:\Users\MTG\Desktop\v0.9.1\dataconnect`
 {"metadata":{"emulator":{"name":"dataconnect"},"message":"E0603 14:15:49.722593   27004 load.go:23] Could not load config from \"c:\\\\Users\\\\MTG\\\\Desktop\\\\v0.9.1\\\\dataconnect\": could not find dataconnect.yaml in `c:\\Users\\MTG\\Desktop\\v0.9.1\\dataconnect`\n"}}
[debug] [2025-06-03T11:15:59.722Z] E0603 14:15:59.722228   27004 load.go:23] Could not load config from "c:\\Users\\MTG\\Desktop\\v0.9.1\\dataconnect": could not find dataconnect.yaml in `c:\Users\MTG\Desktop\v0.9.1\dataconnect`
 {"metadata":{"emulator":{"name":"dataconnect"},"message":"E0603 14:15:59.722228   27004 load.go:23] Could not load config from \"c:\\\\Users\\\\MTG\\\\Desktop\\\\v0.9.1\\\\dataconnect\": could not find dataconnect.yaml in `c:\\Users\\MTG\\Desktop\\v0.9.1\\dataconnect`\n"}}
[debug] [2025-06-03T11:16:09.729Z] E0603 14:16:09.729379   27004 load.go:23] Could not load config from "c:\\Users\\MTG\\Desktop\\v0.9.1\\dataconnect": could not find dataconnect.yaml in `c:\Users\MTG\Desktop\v0.9.1\dataconnect`
 {"metadata":{"emulator":{"name":"dataconnect"},"message":"E0603 14:16:09.729379   27004 load.go:23] Could not load config from \"c:\\\\Users\\\\MTG\\\\Desktop\\\\v0.9.1\\\\dataconnect\": could not find dataconnect.yaml in `c:\\Users\\MTG\\Desktop\\v0.9.1\\dataconnect`\n"}}
[debug] [2025-06-03T11:16:19.731Z] E0603 14:16:19.730986   27004 load.go:23] Could not load config from "c:\\Users\\MTG\\Desktop\\v0.9.1\\dataconnect": could not find dataconnect.yaml in `c:\Users\MTG\Desktop\v0.9.1\dataconnect`
 {"metadata":{"emulator":{"name":"dataconnect"},"message":"E0603 14:16:19.730986   27004 load.go:23] Could not load config from \"c:\\\\Users\\\\MTG\\\\Desktop\\\\v0.9.1\\\\dataconnect\": could not find dataconnect.yaml in `c:\\Users\\MTG\\Desktop\\v0.9.1\\dataconnect`\n"}}
[debug] [2025-06-03T11:16:29.728Z] E0603 14:16:29.728251   27004 load.go:23] Could not load config from "c:\\Users\\MTG\\Desktop\\v0.9.1\\dataconnect": could not find dataconnect.yaml in `c:\Users\MTG\Desktop\v0.9.1\dataconnect`
 {"metadata":{"emulator":{"name":"dataconnect"},"message":"E0603 14:16:29.728251   27004 load.go:23] Could not load config from \"c:\\\\Users\\\\MTG\\\\Desktop\\\\v0.9.1\\\\dataconnect\": could not find dataconnect.yaml in `c:\\Users\\MTG\\Desktop\\v0.9.1\\dataconnect`\n"}}
[debug] [2025-06-03T11:16:39.722Z] E0603 14:16:39.722782   27004 load.go:23] Could not load config from "c:\\Users\\MTG\\Desktop\\v0.9.1\\dataconnect": could not find dataconnect.yaml in `c:\Users\MTG\Desktop\v0.9.1\dataconnect`
 {"metadata":{"emulator":{"name":"dataconnect"},"message":"E0603 14:16:39.722782   27004 load.go:23] Could not load config from \"c:\\\\Users\\\\MTG\\\\Desktop\\\\v0.9.1\\\\dataconnect\": could not find dataconnect.yaml in `c:\\Users\\MTG\\Desktop\\v0.9.1\\dataconnect`\n"}}
[debug] [2025-06-03T11:16:39.723Z] E0603 14:16:39.722782   27004 watch.go:76] watchAllDir unable to walk dir `c:\Users\MTG\Desktop\v0.9.1\dataconnect`: on path "c:\\Users\\MTG\\Desktop\\v0.9.1\\dataconnect" (DirEntry: <nil>): CreateFile c:\Users\MTG\Desktop\v0.9.1\dataconnect: The system cannot find the file specified.
 {"metadata":{"emulator":{"name":"dataconnect"},"message":"E0603 14:16:39.722782   27004 watch.go:76] watchAllDir unable to walk dir `c:\\Users\\MTG\\Desktop\\v0.9.1\\dataconnect`: on path \"c:\\\\Users\\\\MTG\\\\Desktop\\\\v0.9.1\\\\dataconnect\" (DirEntry: <nil>): CreateFile c:\\Users\\MTG\\Desktop\\v0.9.1\\dataconnect: The system cannot find the file specified.\n"}}
[debug] [2025-06-03T11:16:49.725Z] E0603 14:16:49.725523   27004 load.go:23] Could not load config from "c:\\Users\\MTG\\Desktop\\v0.9.1\\dataconnect": could not find dataconnect.yaml in `c:\Users\MTG\Desktop\v0.9.1\dataconnect`
 {"metadata":{"emulator":{"name":"dataconnect"},"message":"E0603 14:16:49.725523   27004 load.go:23] Could not load config from \"c:\\\\Users\\\\MTG\\\\Desktop\\\\v0.9.1\\\\dataconnect\": could not find dataconnect.yaml in `c:\\Users\\MTG\\Desktop\\v0.9.1\\dataconnect`\n"}}
[debug] [2025-06-03T11:16:59.731Z] E0603 14:16:59.730664   27004 load.go:23] Could not load config from "c:\\Users\\MTG\\Desktop\\v0.9.1\\dataconnect": could not find dataconnect.yaml in `c:\Users\MTG\Desktop\v0.9.1\dataconnect`
 {"metadata":{"emulator":{"name":"dataconnect"},"message":"E0603 14:16:59.730664   27004 load.go:23] Could not load config from \"c:\\\\Users\\\\MTG\\\\Desktop\\\\v0.9.1\\\\dataconnect\": could not find dataconnect.yaml in `c:\\Users\\MTG\\Desktop\\v0.9.1\\dataconnect`\n"}}
[debug] [2025-06-03T11:17:09.726Z] E0603 14:17:09.726354   27004 load.go:23] Could not load config from "c:\\Users\\MTG\\Desktop\\v0.9.1\\dataconnect": could not find dataconnect.yaml in `c:\Users\MTG\Desktop\v0.9.1\dataconnect`
 {"metadata":{"emulator":{"name":"dataconnect"},"message":"E0603 14:17:09.726354   27004 load.go:23] Could not load config from \"c:\\\\Users\\\\MTG\\\\Desktop\\\\v0.9.1\\\\dataconnect\": could not find dataconnect.yaml in `c:\\Users\\MTG\\Desktop\\v0.9.1\\dataconnect`\n"}}
[debug] [2025-06-03T11:17:19.727Z] E0603 14:17:19.726925   27004 load.go:23] Could not load config from "c:\\Users\\MTG\\Desktop\\v0.9.1\\dataconnect": could not find dataconnect.yaml in `c:\Users\MTG\Desktop\v0.9.1\dataconnect`
 {"metadata":{"emulator":{"name":"dataconnect"},"message":"E0603 14:17:19.726925   27004 load.go:23] Could not load config from \"c:\\\\Users\\\\MTG\\\\Desktop\\\\v0.9.1\\\\dataconnect\": could not find dataconnect.yaml in `c:\\Users\\MTG\\Desktop\\v0.9.1\\dataconnect`\n"}}
[debug] [2025-06-03T11:17:29.718Z] E0603 14:17:29.717328   27004 load.go:23] Could not load config from "c:\\Users\\MTG\\Desktop\\v0.9.1\\dataconnect": could not find dataconnect.yaml in `c:\Users\MTG\Desktop\v0.9.1\dataconnect`
 {"metadata":{"emulator":{"name":"dataconnect"},"message":"E0603 14:17:29.717328   27004 load.go:23] Could not load config from \"c:\\\\Users\\\\MTG\\\\Desktop\\\\v0.9.1\\\\dataconnect\": could not find dataconnect.yaml in `c:\\Users\\MTG\\Desktop\\v0.9.1\\dataconnect`\n"}}
[debug] [2025-06-03T11:17:39.716Z] E0603 14:17:39.716355   27004 load.go:23] Could not load config from "c:\\Users\\MTG\\Desktop\\v0.9.1\\dataconnect": could not find dataconnect.yaml in `c:\Users\MTG\Desktop\v0.9.1\dataconnect`
 {"metadata":{"emulator":{"name":"dataconnect"},"message":"E0603 14:17:39.716355   27004 load.go:23] Could not load config from \"c:\\\\Users\\\\MTG\\\\Desktop\\\\v0.9.1\\\\dataconnect\": could not find dataconnect.yaml in `c:\\Users\\MTG\\Desktop\\v0.9.1\\dataconnect`\n"}}
[debug] [2025-06-03T11:17:49.728Z] E0603 14:17:49.727937   27004 load.go:23] Could not load config from "c:\\Users\\MTG\\Desktop\\v0.9.1\\dataconnect": could not find dataconnect.yaml in `c:\Users\MTG\Desktop\v0.9.1\dataconnect`
 {"metadata":{"emulator":{"name":"dataconnect"},"message":"E0603 14:17:49.727937   27004 load.go:23] Could not load config from \"c:\\\\Users\\\\MTG\\\\Desktop\\\\v0.9.1\\\\dataconnect\": could not find dataconnect.yaml in `c:\\Users\\MTG\\Desktop\\v0.9.1\\dataconnect`\n"}}
[debug] [2025-06-03T11:17:59.721Z] E0603 14:17:59.721602   27004 load.go:23] Could not load config from "c:\\Users\\MTG\\Desktop\\v0.9.1\\dataconnect": could not find dataconnect.yaml in `c:\Users\MTG\Desktop\v0.9.1\dataconnect`
 {"metadata":{"emulator":{"name":"dataconnect"},"message":"E0603 14:17:59.721602   27004 load.go:23] Could not load config from \"c:\\\\Users\\\\MTG\\\\Desktop\\\\v0.9.1\\\\dataconnect\": could not find dataconnect.yaml in `c:\\Users\\MTG\\Desktop\\v0.9.1\\dataconnect`\n"}}
[debug] [2025-06-03T11:18:09.722Z] E0603 14:18:09.722516   27004 load.go:23] Could not load config from "c:\\Users\\MTG\\Desktop\\v0.9.1\\dataconnect": could not find dataconnect.yaml in `c:\Users\MTG\Desktop\v0.9.1\dataconnect`
 {"metadata":{"emulator":{"name":"dataconnect"},"message":"E0603 14:18:09.722516   27004 load.go:23] Could not load config from \"c:\\\\Users\\\\MTG\\\\Desktop\\\\v0.9.1\\\\dataconnect\": could not find dataconnect.yaml in `c:\\Users\\MTG\\Desktop\\v0.9.1\\dataconnect`\n"}}
[debug] [2025-06-03T11:18:19.731Z] E0603 14:18:19.731463   27004 load.go:23] Could not load config from "c:\\Users\\MTG\\Desktop\\v0.9.1\\dataconnect": could not find dataconnect.yaml in `c:\Users\MTG\Desktop\v0.9.1\dataconnect`
 {"metadata":{"emulator":{"name":"dataconnect"},"message":"E0603 14:18:19.731463   27004 load.go:23] Could not load config from \"c:\\\\Users\\\\MTG\\\\Desktop\\\\v0.9.1\\\\dataconnect\": could not find dataconnect.yaml in `c:\\Users\\MTG\\Desktop\\v0.9.1\\dataconnect`\n"}}
[debug] [2025-06-03T11:18:29.730Z] E0603 14:18:29.730471   27004 load.go:23] Could not load config from "c:\\Users\\MTG\\Desktop\\v0.9.1\\dataconnect": could not find dataconnect.yaml in `c:\Users\MTG\Desktop\v0.9.1\dataconnect`
 {"metadata":{"emulator":{"name":"dataconnect"},"message":"E0603 14:18:29.730471   27004 load.go:23] Could not load config from \"c:\\\\Users\\\\MTG\\\\Desktop\\\\v0.9.1\\\\dataconnect\": could not find dataconnect.yaml in `c:\\Users\\MTG\\Desktop\\v0.9.1\\dataconnect`\n"}}
[debug] [2025-06-03T11:18:39.716Z] E0603 14:18:39.716267   27004 load.go:23] Could not load config from "c:\\Users\\MTG\\Desktop\\v0.9.1\\dataconnect": could not find dataconnect.yaml in `c:\Users\MTG\Desktop\v0.9.1\dataconnect`
E0603 14:18:39.716771   27004 watch.go:76] watchAllDir unable to walk dir `c:\Users\MTG\Desktop\v0.9.1\dataconnect`: on path "c:\\Users\\MTG\\Desktop\\v0.9.1\\dataconnect" (DirEntry: <nil>): CreateFile c:\Users\MTG\Desktop\v0.9.1\dataconnect: The system cannot find the file specified.
 {"metadata":{"emulator":{"name":"dataconnect"},"message":"E0603 14:18:39.716267   27004 load.go:23] Could not load config from \"c:\\\\Users\\\\MTG\\\\Desktop\\\\v0.9.1\\\\dataconnect\": could not find dataconnect.yaml in `c:\\Users\\MTG\\Desktop\\v0.9.1\\dataconnect`\nE0603 14:18:39.716771   27004 watch.go:76] watchAllDir unable to walk dir `c:\\Users\\MTG\\Desktop\\v0.9.1\\dataconnect`: on path \"c:\\\\Users\\\\MTG\\\\Desktop\\\\v0.9.1\\\\dataconnect\" (DirEntry: <nil>): CreateFile c:\\Users\\MTG\\Desktop\\v0.9.1\\dataconnect: The system cannot find the file specified.\n"}}
[debug] [2025-06-03T11:18:49.723Z] E0603 14:18:49.723940   27004 load.go:23] Could not load config from "c:\\Users\\MTG\\Desktop\\v0.9.1\\dataconnect": could not find dataconnect.yaml in `c:\Users\MTG\Desktop\v0.9.1\dataconnect`
 {"metadata":{"emulator":{"name":"dataconnect"},"message":"E0603 14:18:49.723940   27004 load.go:23] Could not load config from \"c:\\\\Users\\\\MTG\\\\Desktop\\\\v0.9.1\\\\dataconnect\": could not find dataconnect.yaml in `c:\\Users\\MTG\\Desktop\\v0.9.1\\dataconnect`\n"}}
[debug] [2025-06-03T11:18:59.718Z] E0603 14:18:59.718087   27004 load.go:23] Could not load config from "c:\\Users\\MTG\\Desktop\\v0.9.1\\dataconnect": could not find dataconnect.yaml in `c:\Users\MTG\Desktop\v0.9.1\dataconnect`
 {"metadata":{"emulator":{"name":"dataconnect"},"message":"E0603 14:18:59.718087   27004 load.go:23] Could not load config from \"c:\\\\Users\\\\MTG\\\\Desktop\\\\v0.9.1\\\\dataconnect\": could not find dataconnect.yaml in `c:\\Users\\MTG\\Desktop\\v0.9.1\\dataconnect`\n"}}
[debug] [2025-06-03T11:19:09.728Z] E0603 14:19:09.728131   27004 load.go:23] Could not load config from "c:\\Users\\MTG\\Desktop\\v0.9.1\\dataconnect": could not find dataconnect.yaml in `c:\Users\MTG\Desktop\v0.9.1\dataconnect`
 {"metadata":{"emulator":{"name":"dataconnect"},"message":"E0603 14:19:09.728131   27004 load.go:23] Could not load config from \"c:\\\\Users\\\\MTG\\\\Desktop\\\\v0.9.1\\\\dataconnect\": could not find dataconnect.yaml in `c:\\Users\\MTG\\Desktop\\v0.9.1\\dataconnect`\n"}}
[debug] [2025-06-03T11:19:19.724Z] E0603 14:19:19.724981   27004 load.go:23] Could not load config from "c:\\Users\\MTG\\Desktop\\v0.9.1\\dataconnect": could not find dataconnect.yaml in `c:\Users\MTG\Desktop\v0.9.1\dataconnect`
 {"metadata":{"emulator":{"name":"dataconnect"},"message":"E0603 14:19:19.724981   27004 load.go:23] Could not load config from \"c:\\\\Users\\\\MTG\\\\Desktop\\\\v0.9.1\\\\dataconnect\": could not find dataconnect.yaml in `c:\\Users\\MTG\\Desktop\\v0.9.1\\dataconnect`\n"}}
[debug] [2025-06-03T11:19:29.729Z] E0603 14:19:29.729479   27004 load.go:23] Could not load config from "c:\\Users\\MTG\\Desktop\\v0.9.1\\dataconnect": could not find dataconnect.yaml in `c:\Users\MTG\Desktop\v0.9.1\dataconnect`
 {"metadata":{"emulator":{"name":"dataconnect"},"message":"E0603 14:19:29.729479   27004 load.go:23] Could not load config from \"c:\\\\Users\\\\MTG\\\\Desktop\\\\v0.9.1\\\\dataconnect\": could not find dataconnect.yaml in `c:\\Users\\MTG\\Desktop\\v0.9.1\\dataconnect`\n"}}
[debug] [2025-06-03T11:19:39.728Z] E0603 14:19:39.728263   27004 load.go:23] Could not load config from "c:\\Users\\MTG\\Desktop\\v0.9.1\\dataconnect": could not find dataconnect.yaml in `c:\Users\MTG\Desktop\v0.9.1\dataconnect`
 {"metadata":{"emulator":{"name":"dataconnect"},"message":"E0603 14:19:39.728263   27004 load.go:23] Could not load config from \"c:\\\\Users\\\\MTG\\\\Desktop\\\\v0.9.1\\\\dataconnect\": could not find dataconnect.yaml in `c:\\Users\\MTG\\Desktop\\v0.9.1\\dataconnect`\n"}}
[debug] [2025-06-03T11:19:49.721Z] E0603 14:19:49.721714   27004 load.go:23] Could not load config from "c:\\Users\\MTG\\Desktop\\v0.9.1\\dataconnect": could not find dataconnect.yaml in `c:\Users\MTG\Desktop\v0.9.1\dataconnect`
 {"metadata":{"emulator":{"name":"dataconnect"},"message":"E0603 14:19:49.721714   27004 load.go:23] Could not load config from \"c:\\\\Users\\\\MTG\\\\Desktop\\\\v0.9.1\\\\dataconnect\": could not find dataconnect.yaml in `c:\\Users\\MTG\\Desktop\\v0.9.1\\dataconnect`\n"}}
[debug] [2025-06-03T11:19:59.725Z] E0603 14:19:59.725768   27004 load.go:23] Could not load config from "c:\\Users\\MTG\\Desktop\\v0.9.1\\dataconnect": could not find dataconnect.yaml in `c:\Users\MTG\Desktop\v0.9.1\dataconnect`
 {"metadata":{"emulator":{"name":"dataconnect"},"message":"E0603 14:19:59.725768   27004 load.go:23] Could not load config from \"c:\\\\Users\\\\MTG\\\\Desktop\\\\v0.9.1\\\\dataconnect\": could not find dataconnect.yaml in `c:\\Users\\MTG\\Desktop\\v0.9.1\\dataconnect`\n"}}
[debug] [2025-06-03T11:20:09.727Z] E0603 14:20:09.727253   27004 load.go:23] Could not load config from "c:\\Users\\MTG\\Desktop\\v0.9.1\\dataconnect": could not find dataconnect.yaml in `c:\Users\MTG\Desktop\v0.9.1\dataconnect`
 {"metadata":{"emulator":{"name":"dataconnect"},"message":"E0603 14:20:09.727253   27004 load.go:23] Could not load config from \"c:\\\\Users\\\\MTG\\\\Desktop\\\\v0.9.1\\\\dataconnect\": could not find dataconnect.yaml in `c:\\Users\\MTG\\Desktop\\v0.9.1\\dataconnect`\n"}}
[debug] [2025-06-03T11:20:19.716Z] E0603 14:20:19.716531   27004 load.go:23] Could not load config from "c:\\Users\\MTG\\Desktop\\v0.9.1\\dataconnect": could not find dataconnect.yaml in `c:\Users\MTG\Desktop\v0.9.1\dataconnect`
 {"metadata":{"emulator":{"name":"dataconnect"},"message":"E0603 14:20:19.716531   27004 load.go:23] Could not load config from \"c:\\\\Users\\\\MTG\\\\Desktop\\\\v0.9.1\\\\dataconnect\": could not find dataconnect.yaml in `c:\\Users\\MTG\\Desktop\\v0.9.1\\dataconnect`\n"}}
[debug] [2025-06-03T11:20:29.717Z] E0603 14:20:29.717967   27004 load.go:23] Could not load config from "c:\\Users\\MTG\\Desktop\\v0.9.1\\dataconnect": could not find dataconnect.yaml in `c:\Users\MTG\Desktop\v0.9.1\dataconnect`
 {"metadata":{"emulator":{"name":"dataconnect"},"message":"E0603 14:20:29.717967   27004 load.go:23] Could not load config from \"c:\\\\Users\\\\MTG\\\\Desktop\\\\v0.9.1\\\\dataconnect\": could not find dataconnect.yaml in `c:\\Users\\MTG\\Desktop\\v0.9.1\\dataconnect`\n"}}
[debug] [2025-06-03T11:20:39.723Z] E0603 14:20:39.723664   27004 load.go:23] Could not load config from "c:\\Users\\MTG\\Desktop\\v0.9.1\\dataconnect": could not find dataconnect.yaml in `c:\Users\MTG\Desktop\v0.9.1\dataconnect`
 {"metadata":{"emulator":{"name":"dataconnect"},"message":"E0603 14:20:39.723664   27004 load.go:23] Could not load config from \"c:\\\\Users\\\\MTG\\\\Desktop\\\\v0.9.1\\\\dataconnect\": could not find dataconnect.yaml in `c:\\Users\\MTG\\Desktop\\v0.9.1\\dataconnect`\n"}}
[debug] [2025-06-03T11:20:39.724Z] E0603 14:20:39.723664   27004 watch.go:76] watchAllDir unable to walk dir `c:\Users\MTG\Desktop\v0.9.1\dataconnect`: on path "c:\\Users\\MTG\\Desktop\\v0.9.1\\dataconnect" (DirEntry: <nil>): CreateFile c:\Users\MTG\Desktop\v0.9.1\dataconnect: The system cannot find the file specified.
 {"metadata":{"emulator":{"name":"dataconnect"},"message":"E0603 14:20:39.723664   27004 watch.go:76] watchAllDir unable to walk dir `c:\\Users\\MTG\\Desktop\\v0.9.1\\dataconnect`: on path \"c:\\\\Users\\\\MTG\\\\Desktop\\\\v0.9.1\\\\dataconnect\" (DirEntry: <nil>): CreateFile c:\\Users\\MTG\\Desktop\\v0.9.1\\dataconnect: The system cannot find the file specified.\n"}}
[debug] [2025-06-03T11:20:49.731Z] E0603 14:20:49.731631   27004 load.go:23] Could not load config from "c:\\Users\\MTG\\Desktop\\v0.9.1\\dataconnect": could not find dataconnect.yaml in `c:\Users\MTG\Desktop\v0.9.1\dataconnect`
 {"metadata":{"emulator":{"name":"dataconnect"},"message":"E0603 14:20:49.731631   27004 load.go:23] Could not load config from \"c:\\\\Users\\\\MTG\\\\Desktop\\\\v0.9.1\\\\dataconnect\": could not find dataconnect.yaml in `c:\\Users\\MTG\\Desktop\\v0.9.1\\dataconnect`\n"}}
[debug] [2025-06-03T11:20:59.720Z] E0603 14:20:59.720486   27004 load.go:23] Could not load config from "c:\\Users\\MTG\\Desktop\\v0.9.1\\dataconnect": could not find dataconnect.yaml in `c:\Users\MTG\Desktop\v0.9.1\dataconnect`
 {"metadata":{"emulator":{"name":"dataconnect"},"message":"E0603 14:20:59.720486   27004 load.go:23] Could not load config from \"c:\\\\Users\\\\MTG\\\\Desktop\\\\v0.9.1\\\\dataconnect\": could not find dataconnect.yaml in `c:\\Users\\MTG\\Desktop\\v0.9.1\\dataconnect`\n"}}
[debug] [2025-06-03T11:21:09.726Z] E0603 14:21:09.727299   27004 load.go:23] Could not load config from "c:\\Users\\MTG\\Desktop\\v0.9.1\\dataconnect": could not find dataconnect.yaml in `c:\Users\MTG\Desktop\v0.9.1\dataconnect`
 {"metadata":{"emulator":{"name":"dataconnect"},"message":"E0603 14:21:09.727299   27004 load.go:23] Could not load config from \"c:\\\\Users\\\\MTG\\\\Desktop\\\\v0.9.1\\\\dataconnect\": could not find dataconnect.yaml in `c:\\Users\\MTG\\Desktop\\v0.9.1\\dataconnect`\n"}}
[debug] [2025-06-03T11:21:19.721Z] E0603 14:21:19.721830   27004 load.go:23] Could not load config from "c:\\Users\\MTG\\Desktop\\v0.9.1\\dataconnect": could not find dataconnect.yaml in `c:\Users\MTG\Desktop\v0.9.1\dataconnect`
 {"metadata":{"emulator":{"name":"dataconnect"},"message":"E0603 14:21:19.721830   27004 load.go:23] Could not load config from \"c:\\\\Users\\\\MTG\\\\Desktop\\\\v0.9.1\\\\dataconnect\": could not find dataconnect.yaml in `c:\\Users\\MTG\\Desktop\\v0.9.1\\dataconnect`\n"}}
[debug] [2025-06-03T11:21:29.730Z] E0603 14:21:29.727821   27004 load.go:23] Could not load config from "c:\\Users\\MTG\\Desktop\\v0.9.1\\dataconnect": could not find dataconnect.yaml in `c:\Users\MTG\Desktop\v0.9.1\dataconnect`
 {"metadata":{"emulator":{"name":"dataconnect"},"message":"E0603 14:21:29.727821   27004 load.go:23] Could not load config from \"c:\\\\Users\\\\MTG\\\\Desktop\\\\v0.9.1\\\\dataconnect\": could not find dataconnect.yaml in `c:\\Users\\MTG\\Desktop\\v0.9.1\\dataconnect`\n"}}
[debug] [2025-06-03T11:21:39.729Z] E0603 14:21:39.729802   27004 load.go:23] Could not load config from "c:\\Users\\MTG\\Desktop\\v0.9.1\\dataconnect": could not find dataconnect.yaml in `c:\Users\MTG\Desktop\v0.9.1\dataconnect`
 {"metadata":{"emulator":{"name":"dataconnect"},"message":"E0603 14:21:39.729802   27004 load.go:23] Could not load config from \"c:\\\\Users\\\\MTG\\\\Desktop\\\\v0.9.1\\\\dataconnect\": could not find dataconnect.yaml in `c:\\Users\\MTG\\Desktop\\v0.9.1\\dataconnect`\n"}}
[debug] [2025-06-03T11:21:49.722Z] E0603 14:21:49.722040   27004 load.go:23] Could not load config from "c:\\Users\\MTG\\Desktop\\v0.9.1\\dataconnect": could not find dataconnect.yaml in `c:\Users\MTG\Desktop\v0.9.1\dataconnect`
 {"metadata":{"emulator":{"name":"dataconnect"},"message":"E0603 14:21:49.722040   27004 load.go:23] Could not load config from \"c:\\\\Users\\\\MTG\\\\Desktop\\\\v0.9.1\\\\dataconnect\": could not find dataconnect.yaml in `c:\\Users\\MTG\\Desktop\\v0.9.1\\dataconnect`\n"}}
[debug] [2025-06-03T11:21:59.721Z] E0603 14:21:59.721135   27004 load.go:23] Could not load config from "c:\\Users\\MTG\\Desktop\\v0.9.1\\dataconnect": could not find dataconnect.yaml in `c:\Users\MTG\Desktop\v0.9.1\dataconnect`
 {"metadata":{"emulator":{"name":"dataconnect"},"message":"E0603 14:21:59.721135   27004 load.go:23] Could not load config from \"c:\\\\Users\\\\MTG\\\\Desktop\\\\v0.9.1\\\\dataconnect\": could not find dataconnect.yaml in `c:\\Users\\MTG\\Desktop\\v0.9.1\\dataconnect`\n"}}
[debug] [2025-06-03T11:22:09.728Z] E0603 14:22:09.728457   27004 load.go:23] Could not load config from "c:\\Users\\MTG\\Desktop\\v0.9.1\\dataconnect": could not find dataconnect.yaml in `c:\Users\MTG\Desktop\v0.9.1\dataconnect`
 {"metadata":{"emulator":{"name":"dataconnect"},"message":"E0603 14:22:09.728457   27004 load.go:23] Could not load config from \"c:\\\\Users\\\\MTG\\\\Desktop\\\\v0.9.1\\\\dataconnect\": could not find dataconnect.yaml in `c:\\Users\\MTG\\Desktop\\v0.9.1\\dataconnect`\n"}}
[debug] [2025-06-03T11:22:19.725Z] E0603 14:22:19.725299   27004 load.go:23] Could not load config from "c:\\Users\\MTG\\Desktop\\v0.9.1\\dataconnect": could not find dataconnect.yaml in `c:\Users\MTG\Desktop\v0.9.1\dataconnect`
 {"metadata":{"emulator":{"name":"dataconnect"},"message":"E0603 14:22:19.725299   27004 load.go:23] Could not load config from \"c:\\\\Users\\\\MTG\\\\Desktop\\\\v0.9.1\\\\dataconnect\": could not find dataconnect.yaml in `c:\\Users\\MTG\\Desktop\\v0.9.1\\dataconnect`\n"}}
[debug] [2025-06-03T11:22:29.720Z] E0603 14:22:29.721251   27004 load.go:23] Could not load config from "c:\\Users\\MTG\\Desktop\\v0.9.1\\dataconnect": could not find dataconnect.yaml in `c:\Users\MTG\Desktop\v0.9.1\dataconnect`
 {"metadata":{"emulator":{"name":"dataconnect"},"message":"E0603 14:22:29.721251   27004 load.go:23] Could not load config from \"c:\\\\Users\\\\MTG\\\\Desktop\\\\v0.9.1\\\\dataconnect\": could not find dataconnect.yaml in `c:\\Users\\MTG\\Desktop\\v0.9.1\\dataconnect`\n"}}
[debug] [2025-06-03T11:22:39.731Z] E0603 14:22:39.731445   27004 load.go:23] Could not load config from "c:\\Users\\MTG\\Desktop\\v0.9.1\\dataconnect": could not find dataconnect.yaml in `c:\Users\MTG\Desktop\v0.9.1\dataconnect`
 {"metadata":{"emulator":{"name":"dataconnect"},"message":"E0603 14:22:39.731445   27004 load.go:23] Could not load config from \"c:\\\\Users\\\\MTG\\\\Desktop\\\\v0.9.1\\\\dataconnect\": could not find dataconnect.yaml in `c:\\Users\\MTG\\Desktop\\v0.9.1\\dataconnect`\n"}}
[debug] [2025-06-03T11:22:39.732Z] E0603 14:22:39.731950   27004 watch.go:76] watchAllDir unable to walk dir `c:\Users\MTG\Desktop\v0.9.1\dataconnect`: on path "c:\\Users\\MTG\\Desktop\\v0.9.1\\dataconnect" (DirEntry: <nil>): CreateFile c:\Users\MTG\Desktop\v0.9.1\dataconnect: The system cannot find the file specified.
 {"metadata":{"emulator":{"name":"dataconnect"},"message":"E0603 14:22:39.731950   27004 watch.go:76] watchAllDir unable to walk dir `c:\\Users\\MTG\\Desktop\\v0.9.1\\dataconnect`: on path \"c:\\\\Users\\\\MTG\\\\Desktop\\\\v0.9.1\\\\dataconnect\" (DirEntry: <nil>): CreateFile c:\\Users\\MTG\\Desktop\\v0.9.1\\dataconnect: The system cannot find the file specified.\n"}}
[debug] [2025-06-03T11:22:49.725Z] E0603 14:22:49.725682   27004 load.go:23] Could not load config from "c:\\Users\\MTG\\Desktop\\v0.9.1\\dataconnect": could not find dataconnect.yaml in `c:\Users\MTG\Desktop\v0.9.1\dataconnect`
 {"metadata":{"emulator":{"name":"dataconnect"},"message":"E0603 14:22:49.725682   27004 load.go:23] Could not load config from \"c:\\\\Users\\\\MTG\\\\Desktop\\\\v0.9.1\\\\dataconnect\": could not find dataconnect.yaml in `c:\\Users\\MTG\\Desktop\\v0.9.1\\dataconnect`\n"}}
[debug] [2025-06-03T11:22:59.726Z] E0603 14:22:59.725768   27004 load.go:23] Could not load config from "c:\\Users\\MTG\\Desktop\\v0.9.1\\dataconnect": could not find dataconnect.yaml in `c:\Users\MTG\Desktop\v0.9.1\dataconnect`
 {"metadata":{"emulator":{"name":"dataconnect"},"message":"E0603 14:22:59.725768   27004 load.go:23] Could not load config from \"c:\\\\Users\\\\MTG\\\\Desktop\\\\v0.9.1\\\\dataconnect\": could not find dataconnect.yaml in `c:\\Users\\MTG\\Desktop\\v0.9.1\\dataconnect`\n"}}
[debug] [2025-06-03T11:23:09.724Z] E0603 14:23:09.724174   27004 load.go:23] Could not load config from "c:\\Users\\MTG\\Desktop\\v0.9.1\\dataconnect": could not find dataconnect.yaml in `c:\Users\MTG\Desktop\v0.9.1\dataconnect`
 {"metadata":{"emulator":{"name":"dataconnect"},"message":"E0603 14:23:09.724174   27004 load.go:23] Could not load config from \"c:\\\\Users\\\\MTG\\\\Desktop\\\\v0.9.1\\\\dataconnect\": could not find dataconnect.yaml in `c:\\Users\\MTG\\Desktop\\v0.9.1\\dataconnect`\n"}}
[debug] [2025-06-03T11:23:19.731Z] E0603 14:23:19.731561   27004 load.go:23] Could not load config from "c:\\Users\\MTG\\Desktop\\v0.9.1\\dataconnect": could not find dataconnect.yaml in `c:\Users\MTG\Desktop\v0.9.1\dataconnect`
 {"metadata":{"emulator":{"name":"dataconnect"},"message":"E0603 14:23:19.731561   27004 load.go:23] Could not load config from \"c:\\\\Users\\\\MTG\\\\Desktop\\\\v0.9.1\\\\dataconnect\": could not find dataconnect.yaml in `c:\\Users\\MTG\\Desktop\\v0.9.1\\dataconnect`\n"}}
[debug] [2025-06-03T11:23:29.725Z] E0603 14:23:29.725020   27004 load.go:23] Could not load config from "c:\\Users\\MTG\\Desktop\\v0.9.1\\dataconnect": could not find dataconnect.yaml in `c:\Users\MTG\Desktop\v0.9.1\dataconnect`
 {"metadata":{"emulator":{"name":"dataconnect"},"message":"E0603 14:23:29.725020   27004 load.go:23] Could not load config from \"c:\\\\Users\\\\MTG\\\\Desktop\\\\v0.9.1\\\\dataconnect\": could not find dataconnect.yaml in `c:\\Users\\MTG\\Desktop\\v0.9.1\\dataconnect`\n"}}
[debug] [2025-06-03T11:23:39.721Z] E0603 14:23:39.721219   27004 load.go:23] Could not load config from "c:\\Users\\MTG\\Desktop\\v0.9.1\\dataconnect": could not find dataconnect.yaml in `c:\Users\MTG\Desktop\v0.9.1\dataconnect`
 {"metadata":{"emulator":{"name":"dataconnect"},"message":"E0603 14:23:39.721219   27004 load.go:23] Could not load config from \"c:\\\\Users\\\\MTG\\\\Desktop\\\\v0.9.1\\\\dataconnect\": could not find dataconnect.yaml in `c:\\Users\\MTG\\Desktop\\v0.9.1\\dataconnect`\n"}}
[debug] [2025-06-03T11:23:49.721Z] E0603 14:23:49.721731   27004 load.go:23] Could not load config from "c:\\Users\\MTG\\Desktop\\v0.9.1\\dataconnect": could not find dataconnect.yaml in `c:\Users\MTG\Desktop\v0.9.1\dataconnect`
 {"metadata":{"emulator":{"name":"dataconnect"},"message":"E0603 14:23:49.721731   27004 load.go:23] Could not load config from \"c:\\\\Users\\\\MTG\\\\Desktop\\\\v0.9.1\\\\dataconnect\": could not find dataconnect.yaml in `c:\\Users\\MTG\\Desktop\\v0.9.1\\dataconnect`\n"}}
[debug] [2025-06-03T11:23:59.731Z] E0603 14:23:59.731273   27004 load.go:23] Could not load config from "c:\\Users\\MTG\\Desktop\\v0.9.1\\dataconnect": could not find dataconnect.yaml in `c:\Users\MTG\Desktop\v0.9.1\dataconnect`
 {"metadata":{"emulator":{"name":"dataconnect"},"message":"E0603 14:23:59.731273   27004 load.go:23] Could not load config from \"c:\\\\Users\\\\MTG\\\\Desktop\\\\v0.9.1\\\\dataconnect\": could not find dataconnect.yaml in `c:\\Users\\MTG\\Desktop\\v0.9.1\\dataconnect`\n"}}
[debug] [2025-06-03T11:24:09.725Z] E0603 14:24:09.724945   27004 load.go:23] Could not load config from "c:\\Users\\MTG\\Desktop\\v0.9.1\\dataconnect": could not find dataconnect.yaml in `c:\Users\MTG\Desktop\v0.9.1\dataconnect`
 {"metadata":{"emulator":{"name":"dataconnect"},"message":"E0603 14:24:09.724945   27004 load.go:23] Could not load config from \"c:\\\\Users\\\\MTG\\\\Desktop\\\\v0.9.1\\\\dataconnect\": could not find dataconnect.yaml in `c:\\Users\\MTG\\Desktop\\v0.9.1\\dataconnect`\n"}}
[debug] [2025-06-03T11:24:19.721Z] E0603 14:24:19.721788   27004 load.go:23] Could not load config from "c:\\Users\\MTG\\Desktop\\v0.9.1\\dataconnect": could not find dataconnect.yaml in `c:\Users\MTG\Desktop\v0.9.1\dataconnect`
 {"metadata":{"emulator":{"name":"dataconnect"},"message":"E0603 14:24:19.721788   27004 load.go:23] Could not load config from \"c:\\\\Users\\\\MTG\\\\Desktop\\\\v0.9.1\\\\dataconnect\": could not find dataconnect.yaml in `c:\\Users\\MTG\\Desktop\\v0.9.1\\dataconnect`\n"}}
[debug] [2025-06-03T11:24:29.722Z] E0603 14:24:29.722263   27004 load.go:23] Could not load config from "c:\\Users\\MTG\\Desktop\\v0.9.1\\dataconnect": could not find dataconnect.yaml in `c:\Users\MTG\Desktop\v0.9.1\dataconnect`
 {"metadata":{"emulator":{"name":"dataconnect"},"message":"E0603 14:24:29.722263   27004 load.go:23] Could not load config from \"c:\\\\Users\\\\MTG\\\\Desktop\\\\v0.9.1\\\\dataconnect\": could not find dataconnect.yaml in `c:\\Users\\MTG\\Desktop\\v0.9.1\\dataconnect`\n"}}
[debug] [2025-06-03T11:24:39.716Z] E0603 14:24:39.716727   27004 load.go:23] Could not load config from "c:\\Users\\MTG\\Desktop\\v0.9.1\\dataconnect": could not find dataconnect.yaml in `c:\Users\MTG\Desktop\v0.9.1\dataconnect`
 {"metadata":{"emulator":{"name":"dataconnect"},"message":"E0603 14:24:39.716727   27004 load.go:23] Could not load config from \"c:\\\\Users\\\\MTG\\\\Desktop\\\\v0.9.1\\\\dataconnect\": could not find dataconnect.yaml in `c:\\Users\\MTG\\Desktop\\v0.9.1\\dataconnect`\n"}}
[debug] [2025-06-03T11:24:39.717Z] E0603 14:24:39.716727   27004 watch.go:76] watchAllDir unable to walk dir `c:\Users\MTG\Desktop\v0.9.1\dataconnect`: on path "c:\\Users\\MTG\\Desktop\\v0.9.1\\dataconnect" (DirEntry: <nil>): CreateFile c:\Users\MTG\Desktop\v0.9.1\dataconnect: The system cannot find the file specified.
 {"metadata":{"emulator":{"name":"dataconnect"},"message":"E0603 14:24:39.716727   27004 watch.go:76] watchAllDir unable to walk dir `c:\\Users\\MTG\\Desktop\\v0.9.1\\dataconnect`: on path \"c:\\\\Users\\\\MTG\\\\Desktop\\\\v0.9.1\\\\dataconnect\" (DirEntry: <nil>): CreateFile c:\\Users\\MTG\\Desktop\\v0.9.1\\dataconnect: The system cannot find the file specified.\n"}}
[debug] [2025-06-03T11:24:49.721Z] E0603 14:24:49.721761   27004 load.go:23] Could not load config from "c:\\Users\\MTG\\Desktop\\v0.9.1\\dataconnect": could not find dataconnect.yaml in `c:\Users\MTG\Desktop\v0.9.1\dataconnect`
 {"metadata":{"emulator":{"name":"dataconnect"},"message":"E0603 14:24:49.721761   27004 load.go:23] Could not load config from \"c:\\\\Users\\\\MTG\\\\Desktop\\\\v0.9.1\\\\dataconnect\": could not find dataconnect.yaml in `c:\\Users\\MTG\\Desktop\\v0.9.1\\dataconnect`\n"}}
[debug] [2025-06-03T11:24:59.727Z] E0603 14:24:59.727560   27004 load.go:23] Could not load config from "c:\\Users\\MTG\\Desktop\\v0.9.1\\dataconnect": could not find dataconnect.yaml in `c:\Users\MTG\Desktop\v0.9.1\dataconnect`
 {"metadata":{"emulator":{"name":"dataconnect"},"message":"E0603 14:24:59.727560   27004 load.go:23] Could not load config from \"c:\\\\Users\\\\MTG\\\\Desktop\\\\v0.9.1\\\\dataconnect\": could not find dataconnect.yaml in `c:\\Users\\MTG\\Desktop\\v0.9.1\\dataconnect`\n"}}
[debug] [2025-06-03T11:25:09.719Z] E0603 14:25:09.719670   27004 load.go:23] Could not load config from "c:\\Users\\MTG\\Desktop\\v0.9.1\\dataconnect": could not find dataconnect.yaml in `c:\Users\MTG\Desktop\v0.9.1\dataconnect`
 {"metadata":{"emulator":{"name":"dataconnect"},"message":"E0603 14:25:09.719670   27004 load.go:23] Could not load config from \"c:\\\\Users\\\\MTG\\\\Desktop\\\\v0.9.1\\\\dataconnect\": could not find dataconnect.yaml in `c:\\Users\\MTG\\Desktop\\v0.9.1\\dataconnect`\n"}}
[debug] [2025-06-03T11:25:19.729Z] E0603 14:25:19.728499   27004 load.go:23] Could not load config from "c:\\Users\\MTG\\Desktop\\v0.9.1\\dataconnect": could not find dataconnect.yaml in `c:\Users\MTG\Desktop\v0.9.1\dataconnect`
 {"metadata":{"emulator":{"name":"dataconnect"},"message":"E0603 14:25:19.728499   27004 load.go:23] Could not load config from \"c:\\\\Users\\\\MTG\\\\Desktop\\\\v0.9.1\\\\dataconnect\": could not find dataconnect.yaml in `c:\\Users\\MTG\\Desktop\\v0.9.1\\dataconnect`\n"}}
[debug] [2025-06-03T11:25:29.726Z] E0603 14:25:29.726332   27004 load.go:23] Could not load config from "c:\\Users\\MTG\\Desktop\\v0.9.1\\dataconnect": could not find dataconnect.yaml in `c:\Users\MTG\Desktop\v0.9.1\dataconnect`
 {"metadata":{"emulator":{"name":"dataconnect"},"message":"E0603 14:25:29.726332   27004 load.go:23] Could not load config from \"c:\\\\Users\\\\MTG\\\\Desktop\\\\v0.9.1\\\\dataconnect\": could not find dataconnect.yaml in `c:\\Users\\MTG\\Desktop\\v0.9.1\\dataconnect`\n"}}
[debug] [2025-06-03T11:25:39.729Z] E0603 14:25:39.729730   27004 load.go:23] Could not load config from "c:\\Users\\MTG\\Desktop\\v0.9.1\\dataconnect": could not find dataconnect.yaml in `c:\Users\MTG\Desktop\v0.9.1\dataconnect`
 {"metadata":{"emulator":{"name":"dataconnect"},"message":"E0603 14:25:39.729730   27004 load.go:23] Could not load config from \"c:\\\\Users\\\\MTG\\\\Desktop\\\\v0.9.1\\\\dataconnect\": could not find dataconnect.yaml in `c:\\Users\\MTG\\Desktop\\v0.9.1\\dataconnect`\n"}}
[debug] [2025-06-03T11:25:49.720Z] E0603 14:25:49.720205   27004 load.go:23] Could not load config from "c:\\Users\\MTG\\Desktop\\v0.9.1\\dataconnect": could not find dataconnect.yaml in `c:\Users\MTG\Desktop\v0.9.1\dataconnect`
 {"metadata":{"emulator":{"name":"dataconnect"},"message":"E0603 14:25:49.720205   27004 load.go:23] Could not load config from \"c:\\\\Users\\\\MTG\\\\Desktop\\\\v0.9.1\\\\dataconnect\": could not find dataconnect.yaml in `c:\\Users\\MTG\\Desktop\\v0.9.1\\dataconnect`\n"}}
[debug] [2025-06-03T11:25:59.718Z] E0603 14:25:59.718887   27004 load.go:23] Could not load config from "c:\\Users\\MTG\\Desktop\\v0.9.1\\dataconnect": could not find dataconnect.yaml in `c:\Users\MTG\Desktop\v0.9.1\dataconnect`
 {"metadata":{"emulator":{"name":"dataconnect"},"message":"E0603 14:25:59.718887   27004 load.go:23] Could not load config from \"c:\\\\Users\\\\MTG\\\\Desktop\\\\v0.9.1\\\\dataconnect\": could not find dataconnect.yaml in `c:\\Users\\MTG\\Desktop\\v0.9.1\\dataconnect`\n"}}
[debug] [2025-06-03T11:26:09.729Z] E0603 14:26:09.729491   27004 load.go:23] Could not load config from "c:\\Users\\MTG\\Desktop\\v0.9.1\\dataconnect": could not find dataconnect.yaml in `c:\Users\MTG\Desktop\v0.9.1\dataconnect`
 {"metadata":{"emulator":{"name":"dataconnect"},"message":"E0603 14:26:09.729491   27004 load.go:23] Could not load config from \"c:\\\\Users\\\\MTG\\\\Desktop\\\\v0.9.1\\\\dataconnect\": could not find dataconnect.yaml in `c:\\Users\\MTG\\Desktop\\v0.9.1\\dataconnect`\n"}}
[debug] [2025-06-03T11:26:19.731Z] E0603 14:26:19.731678   27004 load.go:23] Could not load config from "c:\\Users\\MTG\\Desktop\\v0.9.1\\dataconnect": could not find dataconnect.yaml in `c:\Users\MTG\Desktop\v0.9.1\dataconnect`
 {"metadata":{"emulator":{"name":"dataconnect"},"message":"E0603 14:26:19.731678   27004 load.go:23] Could not load config from \"c:\\\\Users\\\\MTG\\\\Desktop\\\\v0.9.1\\\\dataconnect\": could not find dataconnect.yaml in `c:\\Users\\MTG\\Desktop\\v0.9.1\\dataconnect`\n"}}
[debug] [2025-06-03T11:26:29.729Z] E0603 14:26:29.728959   27004 load.go:23] Could not load config from "c:\\Users\\MTG\\Desktop\\v0.9.1\\dataconnect": could not find dataconnect.yaml in `c:\Users\MTG\Desktop\v0.9.1\dataconnect`
 {"metadata":{"emulator":{"name":"dataconnect"},"message":"E0603 14:26:29.728959   27004 load.go:23] Could not load config from \"c:\\\\Users\\\\MTG\\\\Desktop\\\\v0.9.1\\\\dataconnect\": could not find dataconnect.yaml in `c:\\Users\\MTG\\Desktop\\v0.9.1\\dataconnect`\n"}}
[debug] [2025-06-03T11:26:39.726Z] E0603 14:26:39.726112   27004 load.go:23] Could not load config from "c:\\Users\\MTG\\Desktop\\v0.9.1\\dataconnect": could not find dataconnect.yaml in `c:\Users\MTG\Desktop\v0.9.1\dataconnect`
 {"metadata":{"emulator":{"name":"dataconnect"},"message":"E0603 14:26:39.726112   27004 load.go:23] Could not load config from \"c:\\\\Users\\\\MTG\\\\Desktop\\\\v0.9.1\\\\dataconnect\": could not find dataconnect.yaml in `c:\\Users\\MTG\\Desktop\\v0.9.1\\dataconnect`\n"}}
[debug] [2025-06-03T11:26:39.726Z] E0603 14:26:39.726617   27004 watch.go:76] watchAllDir unable to walk dir `c:\Users\MTG\Desktop\v0.9.1\dataconnect`: on path "c:\\Users\\MTG\\Desktop\\v0.9.1\\dataconnect" (DirEntry: <nil>): CreateFile c:\Users\MTG\Desktop\v0.9.1\dataconnect: The system cannot find the file specified.
 {"metadata":{"emulator":{"name":"dataconnect"},"message":"E0603 14:26:39.726617   27004 watch.go:76] watchAllDir unable to walk dir `c:\\Users\\MTG\\Desktop\\v0.9.1\\dataconnect`: on path \"c:\\\\Users\\\\MTG\\\\Desktop\\\\v0.9.1\\\\dataconnect\" (DirEntry: <nil>): CreateFile c:\\Users\\MTG\\Desktop\\v0.9.1\\dataconnect: The system cannot find the file specified.\n"}}
[debug] [2025-06-03T11:26:49.717Z] E0603 14:26:49.717484   27004 load.go:23] Could not load config from "c:\\Users\\MTG\\Desktop\\v0.9.1\\dataconnect": could not find dataconnect.yaml in `c:\Users\MTG\Desktop\v0.9.1\dataconnect`
 {"metadata":{"emulator":{"name":"dataconnect"},"message":"E0603 14:26:49.717484   27004 load.go:23] Could not load config from \"c:\\\\Users\\\\MTG\\\\Desktop\\\\v0.9.1\\\\dataconnect\": could not find dataconnect.yaml in `c:\\Users\\MTG\\Desktop\\v0.9.1\\dataconnect`\n"}}
[debug] [2025-06-03T11:26:59.722Z] E0603 14:26:59.721801   27004 load.go:23] Could not load config from "c:\\Users\\MTG\\Desktop\\v0.9.1\\dataconnect": could not find dataconnect.yaml in `c:\Users\MTG\Desktop\v0.9.1\dataconnect`
 {"metadata":{"emulator":{"name":"dataconnect"},"message":"E0603 14:26:59.721801   27004 load.go:23] Could not load config from \"c:\\\\Users\\\\MTG\\\\Desktop\\\\v0.9.1\\\\dataconnect\": could not find dataconnect.yaml in `c:\\Users\\MTG\\Desktop\\v0.9.1\\dataconnect`\n"}}
[debug] [2025-06-03T11:27:09.718Z] E0603 14:27:09.718423   27004 load.go:23] Could not load config from "c:\\Users\\MTG\\Desktop\\v0.9.1\\dataconnect": could not find dataconnect.yaml in `c:\Users\MTG\Desktop\v0.9.1\dataconnect`
 {"metadata":{"emulator":{"name":"dataconnect"},"message":"E0603 14:27:09.718423   27004 load.go:23] Could not load config from \"c:\\\\Users\\\\MTG\\\\Desktop\\\\v0.9.1\\\\dataconnect\": could not find dataconnect.yaml in `c:\\Users\\MTG\\Desktop\\v0.9.1\\dataconnect`\n"}}
[debug] [2025-06-03T11:27:19.726Z] E0603 14:27:19.725942   27004 load.go:23] Could not load config from "c:\\Users\\MTG\\Desktop\\v0.9.1\\dataconnect": could not find dataconnect.yaml in `c:\Users\MTG\Desktop\v0.9.1\dataconnect`
 {"metadata":{"emulator":{"name":"dataconnect"},"message":"E0603 14:27:19.725942   27004 load.go:23] Could not load config from \"c:\\\\Users\\\\MTG\\\\Desktop\\\\v0.9.1\\\\dataconnect\": could not find dataconnect.yaml in `c:\\Users\\MTG\\Desktop\\v0.9.1\\dataconnect`\n"}}
[debug] [2025-06-03T11:27:29.726Z] E0603 14:27:29.726735   27004 load.go:23] Could not load config from "c:\\Users\\MTG\\Desktop\\v0.9.1\\dataconnect": could not find dataconnect.yaml in `c:\Users\MTG\Desktop\v0.9.1\dataconnect`
 {"metadata":{"emulator":{"name":"dataconnect"},"message":"E0603 14:27:29.726735   27004 load.go:23] Could not load config from \"c:\\\\Users\\\\MTG\\\\Desktop\\\\v0.9.1\\\\dataconnect\": could not find dataconnect.yaml in `c:\\Users\\MTG\\Desktop\\v0.9.1\\dataconnect`\n"}}
[debug] [2025-06-03T11:27:39.720Z] E0603 14:27:39.720520   27004 load.go:23] Could not load config from "c:\\Users\\MTG\\Desktop\\v0.9.1\\dataconnect": could not find dataconnect.yaml in `c:\Users\MTG\Desktop\v0.9.1\dataconnect`
 {"metadata":{"emulator":{"name":"dataconnect"},"message":"E0603 14:27:39.720520   27004 load.go:23] Could not load config from \"c:\\\\Users\\\\MTG\\\\Desktop\\\\v0.9.1\\\\dataconnect\": could not find dataconnect.yaml in `c:\\Users\\MTG\\Desktop\\v0.9.1\\dataconnect`\n"}}
[debug] [2025-06-03T11:27:49.719Z] E0603 14:27:49.719476   27004 load.go:23] Could not load config from "c:\\Users\\MTG\\Desktop\\v0.9.1\\dataconnect": could not find dataconnect.yaml in `c:\Users\MTG\Desktop\v0.9.1\dataconnect`
 {"metadata":{"emulator":{"name":"dataconnect"},"message":"E0603 14:27:49.719476   27004 load.go:23] Could not load config from \"c:\\\\Users\\\\MTG\\\\Desktop\\\\v0.9.1\\\\dataconnect\": could not find dataconnect.yaml in `c:\\Users\\MTG\\Desktop\\v0.9.1\\dataconnect`\n"}}
[debug] [2025-06-03T11:27:59.729Z] E0603 14:27:59.729167   27004 load.go:23] Could not load config from "c:\\Users\\MTG\\Desktop\\v0.9.1\\dataconnect": could not find dataconnect.yaml in `c:\Users\MTG\Desktop\v0.9.1\dataconnect`
 {"metadata":{"emulator":{"name":"dataconnect"},"message":"E0603 14:27:59.729167   27004 load.go:23] Could not load config from \"c:\\\\Users\\\\MTG\\\\Desktop\\\\v0.9.1\\\\dataconnect\": could not find dataconnect.yaml in `c:\\Users\\MTG\\Desktop\\v0.9.1\\dataconnect`\n"}}
[debug] [2025-06-03T11:28:09.724Z] E0603 14:28:09.724938   27004 load.go:23] Could not load config from "c:\\Users\\MTG\\Desktop\\v0.9.1\\dataconnect": could not find dataconnect.yaml in `c:\Users\MTG\Desktop\v0.9.1\dataconnect`
 {"metadata":{"emulator":{"name":"dataconnect"},"message":"E0603 14:28:09.724938   27004 load.go:23] Could not load config from \"c:\\\\Users\\\\MTG\\\\Desktop\\\\v0.9.1\\\\dataconnect\": could not find dataconnect.yaml in `c:\\Users\\MTG\\Desktop\\v0.9.1\\dataconnect`\n"}}
[debug] [2025-06-03T11:28:19.724Z] E0603 14:28:19.724984   27004 load.go:23] Could not load config from "c:\\Users\\MTG\\Desktop\\v0.9.1\\dataconnect": could not find dataconnect.yaml in `c:\Users\MTG\Desktop\v0.9.1\dataconnect`
 {"metadata":{"emulator":{"name":"dataconnect"},"message":"E0603 14:28:19.724984   27004 load.go:23] Could not load config from \"c:\\\\Users\\\\MTG\\\\Desktop\\\\v0.9.1\\\\dataconnect\": could not find dataconnect.yaml in `c:\\Users\\MTG\\Desktop\\v0.9.1\\dataconnect`\n"}}
[debug] [2025-06-03T11:28:29.719Z] E0603 14:28:29.719270   27004 load.go:23] Could not load config from "c:\\Users\\MTG\\Desktop\\v0.9.1\\dataconnect": could not find dataconnect.yaml in `c:\Users\MTG\Desktop\v0.9.1\dataconnect`
 {"metadata":{"emulator":{"name":"dataconnect"},"message":"E0603 14:28:29.719270   27004 load.go:23] Could not load config from \"c:\\\\Users\\\\MTG\\\\Desktop\\\\v0.9.1\\\\dataconnect\": could not find dataconnect.yaml in `c:\\Users\\MTG\\Desktop\\v0.9.1\\dataconnect`\n"}}
[debug] [2025-06-03T11:28:39.719Z] E0603 14:28:39.719480   27004 load.go:23] Could not load config from "c:\\Users\\MTG\\Desktop\\v0.9.1\\dataconnect": could not find dataconnect.yaml in `c:\Users\MTG\Desktop\v0.9.1\dataconnect`
 {"metadata":{"emulator":{"name":"dataconnect"},"message":"E0603 14:28:39.719480   27004 load.go:23] Could not load config from \"c:\\\\Users\\\\MTG\\\\Desktop\\\\v0.9.1\\\\dataconnect\": could not find dataconnect.yaml in `c:\\Users\\MTG\\Desktop\\v0.9.1\\dataconnect`\n"}}
[debug] [2025-06-03T11:28:39.720Z] E0603 14:28:39.719480   27004 watch.go:76] watchAllDir unable to walk dir `c:\Users\MTG\Desktop\v0.9.1\dataconnect`: on path "c:\\Users\\MTG\\Desktop\\v0.9.1\\dataconnect" (DirEntry: <nil>): CreateFile c:\Users\MTG\Desktop\v0.9.1\dataconnect: The system cannot find the file specified.
 {"metadata":{"emulator":{"name":"dataconnect"},"message":"E0603 14:28:39.719480   27004 watch.go:76] watchAllDir unable to walk dir `c:\\Users\\MTG\\Desktop\\v0.9.1\\dataconnect`: on path \"c:\\\\Users\\\\MTG\\\\Desktop\\\\v0.9.1\\\\dataconnect\" (DirEntry: <nil>): CreateFile c:\\Users\\MTG\\Desktop\\v0.9.1\\dataconnect: The system cannot find the file specified.\n"}}
[debug] [2025-06-03T11:28:49.728Z] E0603 14:28:49.728589   27004 load.go:23] Could not load config from "c:\\Users\\MTG\\Desktop\\v0.9.1\\dataconnect": could not find dataconnect.yaml in `c:\Users\MTG\Desktop\v0.9.1\dataconnect`
 {"metadata":{"emulator":{"name":"dataconnect"},"message":"E0603 14:28:49.728589   27004 load.go:23] Could not load config from \"c:\\\\Users\\\\MTG\\\\Desktop\\\\v0.9.1\\\\dataconnect\": could not find dataconnect.yaml in `c:\\Users\\MTG\\Desktop\\v0.9.1\\dataconnect`\n"}}
[debug] [2025-06-03T11:28:59.726Z] E0603 14:28:59.726739   27004 load.go:23] Could not load config from "c:\\Users\\MTG\\Desktop\\v0.9.1\\dataconnect": could not find dataconnect.yaml in `c:\Users\MTG\Desktop\v0.9.1\dataconnect`
 {"metadata":{"emulator":{"name":"dataconnect"},"message":"E0603 14:28:59.726739   27004 load.go:23] Could not load config from \"c:\\\\Users\\\\MTG\\\\Desktop\\\\v0.9.1\\\\dataconnect\": could not find dataconnect.yaml in `c:\\Users\\MTG\\Desktop\\v0.9.1\\dataconnect`\n"}}
[debug] [2025-06-03T11:29:09.719Z] E0603 14:29:09.718901   27004 load.go:23] Could not load config from "c:\\Users\\MTG\\Desktop\\v0.9.1\\dataconnect": could not find dataconnect.yaml in `c:\Users\MTG\Desktop\v0.9.1\dataconnect`
 {"metadata":{"emulator":{"name":"dataconnect"},"message":"E0603 14:29:09.718901   27004 load.go:23] Could not load config from \"c:\\\\Users\\\\MTG\\\\Desktop\\\\v0.9.1\\\\dataconnect\": could not find dataconnect.yaml in `c:\\Users\\MTG\\Desktop\\v0.9.1\\dataconnect`\n"}}
[debug] [2025-06-03T11:29:19.726Z] E0603 14:29:19.726685   27004 load.go:23] Could not load config from "c:\\Users\\MTG\\Desktop\\v0.9.1\\dataconnect": could not find dataconnect.yaml in `c:\Users\MTG\Desktop\v0.9.1\dataconnect`
 {"metadata":{"emulator":{"name":"dataconnect"},"message":"E0603 14:29:19.726685   27004 load.go:23] Could not load config from \"c:\\\\Users\\\\MTG\\\\Desktop\\\\v0.9.1\\\\dataconnect\": could not find dataconnect.yaml in `c:\\Users\\MTG\\Desktop\\v0.9.1\\dataconnect`\n"}}
[debug] [2025-06-03T11:29:29.718Z] E0603 14:29:29.718579   27004 load.go:23] Could not load config from "c:\\Users\\MTG\\Desktop\\v0.9.1\\dataconnect": could not find dataconnect.yaml in `c:\Users\MTG\Desktop\v0.9.1\dataconnect`
 {"metadata":{"emulator":{"name":"dataconnect"},"message":"E0603 14:29:29.718579   27004 load.go:23] Could not load config from \"c:\\\\Users\\\\MTG\\\\Desktop\\\\v0.9.1\\\\dataconnect\": could not find dataconnect.yaml in `c:\\Users\\MTG\\Desktop\\v0.9.1\\dataconnect`\n"}}
[debug] [2025-06-03T11:29:39.722Z] E0603 14:29:39.721612   27004 load.go:23] Could not load config from "c:\\Users\\MTG\\Desktop\\v0.9.1\\dataconnect": could not find dataconnect.yaml in `c:\Users\MTG\Desktop\v0.9.1\dataconnect`
 {"metadata":{"emulator":{"name":"dataconnect"},"message":"E0603 14:29:39.721612   27004 load.go:23] Could not load config from \"c:\\\\Users\\\\MTG\\\\Desktop\\\\v0.9.1\\\\dataconnect\": could not find dataconnect.yaml in `c:\\Users\\MTG\\Desktop\\v0.9.1\\dataconnect`\n"}}
[debug] [2025-06-03T11:29:49.729Z] E0603 14:29:49.729294   27004 load.go:23] Could not load config from "c:\\Users\\MTG\\Desktop\\v0.9.1\\dataconnect": could not find dataconnect.yaml in `c:\Users\MTG\Desktop\v0.9.1\dataconnect`
 {"metadata":{"emulator":{"name":"dataconnect"},"message":"E0603 14:29:49.729294   27004 load.go:23] Could not load config from \"c:\\\\Users\\\\MTG\\\\Desktop\\\\v0.9.1\\\\dataconnect\": could not find dataconnect.yaml in `c:\\Users\\MTG\\Desktop\\v0.9.1\\dataconnect`\n"}}
[debug] [2025-06-03T11:29:59.718Z] E0603 14:29:59.717848   27004 load.go:23] Could not load config from "c:\\Users\\MTG\\Desktop\\v0.9.1\\dataconnect": could not find dataconnect.yaml in `c:\Users\MTG\Desktop\v0.9.1\dataconnect`
 {"metadata":{"emulator":{"name":"dataconnect"},"message":"E0603 14:29:59.717848   27004 load.go:23] Could not load config from \"c:\\\\Users\\\\MTG\\\\Desktop\\\\v0.9.1\\\\dataconnect\": could not find dataconnect.yaml in `c:\\Users\\MTG\\Desktop\\v0.9.1\\dataconnect`\n"}}
[debug] [2025-06-03T11:30:09.726Z] E0603 14:30:09.726243   27004 load.go:23] Could not load config from "c:\\Users\\MTG\\Desktop\\v0.9.1\\dataconnect": could not find dataconnect.yaml in `c:\Users\MTG\Desktop\v0.9.1\dataconnect`
 {"metadata":{"emulator":{"name":"dataconnect"},"message":"E0603 14:30:09.726243   27004 load.go:23] Could not load config from \"c:\\\\Users\\\\MTG\\\\Desktop\\\\v0.9.1\\\\dataconnect\": could not find dataconnect.yaml in `c:\\Users\\MTG\\Desktop\\v0.9.1\\dataconnect`\n"}}
[debug] [2025-06-03T11:30:19.721Z] E0603 14:30:19.721087   27004 load.go:23] Could not load config from "c:\\Users\\MTG\\Desktop\\v0.9.1\\dataconnect": could not find dataconnect.yaml in `c:\Users\MTG\Desktop\v0.9.1\dataconnect`
 {"metadata":{"emulator":{"name":"dataconnect"},"message":"E0603 14:30:19.721087   27004 load.go:23] Could not load config from \"c:\\\\Users\\\\MTG\\\\Desktop\\\\v0.9.1\\\\dataconnect\": could not find dataconnect.yaml in `c:\\Users\\MTG\\Desktop\\v0.9.1\\dataconnect`\n"}}
[debug] [2025-06-03T11:30:29.730Z] E0603 14:30:29.730280   27004 load.go:23] Could not load config from "c:\\Users\\MTG\\Desktop\\v0.9.1\\dataconnect": could not find dataconnect.yaml in `c:\Users\MTG\Desktop\v0.9.1\dataconnect`
 {"metadata":{"emulator":{"name":"dataconnect"},"message":"E0603 14:30:29.730280   27004 load.go:23] Could not load config from \"c:\\\\Users\\\\MTG\\\\Desktop\\\\v0.9.1\\\\dataconnect\": could not find dataconnect.yaml in `c:\\Users\\MTG\\Desktop\\v0.9.1\\dataconnect`\n"}}
[debug] [2025-06-03T11:30:39.723Z] E0603 14:30:39.723897   27004 load.go:23] Could not load config from "c:\\Users\\MTG\\Desktop\\v0.9.1\\dataconnect": could not find dataconnect.yaml in `c:\Users\MTG\Desktop\v0.9.1\dataconnect`
 {"metadata":{"emulator":{"name":"dataconnect"},"message":"E0603 14:30:39.723897   27004 load.go:23] Could not load config from \"c:\\\\Users\\\\MTG\\\\Desktop\\\\v0.9.1\\\\dataconnect\": could not find dataconnect.yaml in `c:\\Users\\MTG\\Desktop\\v0.9.1\\dataconnect`\n"}}
[debug] [2025-06-03T11:30:39.724Z] E0603 14:30:39.724437   27004 watch.go:76] watchAllDir unable to walk dir `c:\Users\MTG\Desktop\v0.9.1\dataconnect`: on path "c:\\Users\\MTG\\Desktop\\v0.9.1\\dataconnect" (DirEntry: <nil>): CreateFile c:\Users\MTG\Desktop\v0.9.1\dataconnect: The system cannot find the file specified.
 {"metadata":{"emulator":{"name":"dataconnect"},"message":"E0603 14:30:39.724437   27004 watch.go:76] watchAllDir unable to walk dir `c:\\Users\\MTG\\Desktop\\v0.9.1\\dataconnect`: on path \"c:\\\\Users\\\\MTG\\\\Desktop\\\\v0.9.1\\\\dataconnect\" (DirEntry: <nil>): CreateFile c:\\Users\\MTG\\Desktop\\v0.9.1\\dataconnect: The system cannot find the file specified.\n"}}
[debug] [2025-06-03T11:30:49.727Z] E0603 14:30:49.727475   27004 load.go:23] Could not load config from "c:\\Users\\MTG\\Desktop\\v0.9.1\\dataconnect": could not find dataconnect.yaml in `c:\Users\MTG\Desktop\v0.9.1\dataconnect`
 {"metadata":{"emulator":{"name":"dataconnect"},"message":"E0603 14:30:49.727475   27004 load.go:23] Could not load config from \"c:\\\\Users\\\\MTG\\\\Desktop\\\\v0.9.1\\\\dataconnect\": could not find dataconnect.yaml in `c:\\Users\\MTG\\Desktop\\v0.9.1\\dataconnect`\n"}}
[debug] [2025-06-03T11:30:59.722Z] E0603 14:30:59.722806   27004 load.go:23] Could not load config from "c:\\Users\\MTG\\Desktop\\v0.9.1\\dataconnect": could not find dataconnect.yaml in `c:\Users\MTG\Desktop\v0.9.1\dataconnect`
 {"metadata":{"emulator":{"name":"dataconnect"},"message":"E0603 14:30:59.722806   27004 load.go:23] Could not load config from \"c:\\\\Users\\\\MTG\\\\Desktop\\\\v0.9.1\\\\dataconnect\": could not find dataconnect.yaml in `c:\\Users\\MTG\\Desktop\\v0.9.1\\dataconnect`\n"}}
[debug] [2025-06-03T11:31:09.728Z] E0603 14:31:09.728198   27004 load.go:23] Could not load config from "c:\\Users\\MTG\\Desktop\\v0.9.1\\dataconnect": could not find dataconnect.yaml in `c:\Users\MTG\Desktop\v0.9.1\dataconnect`
 {"metadata":{"emulator":{"name":"dataconnect"},"message":"E0603 14:31:09.728198   27004 load.go:23] Could not load config from \"c:\\\\Users\\\\MTG\\\\Desktop\\\\v0.9.1\\\\dataconnect\": could not find dataconnect.yaml in `c:\\Users\\MTG\\Desktop\\v0.9.1\\dataconnect`\n"}}
[debug] [2025-06-03T11:31:19.728Z] E0603 14:31:19.728480   27004 load.go:23] Could not load config from "c:\\Users\\MTG\\Desktop\\v0.9.1\\dataconnect": could not find dataconnect.yaml in `c:\Users\MTG\Desktop\v0.9.1\dataconnect`
 {"metadata":{"emulator":{"name":"dataconnect"},"message":"E0603 14:31:19.728480   27004 load.go:23] Could not load config from \"c:\\\\Users\\\\MTG\\\\Desktop\\\\v0.9.1\\\\dataconnect\": could not find dataconnect.yaml in `c:\\Users\\MTG\\Desktop\\v0.9.1\\dataconnect`\n"}}
[debug] [2025-06-03T11:31:29.723Z] E0603 14:31:29.724274   27004 load.go:23] Could not load config from "c:\\Users\\MTG\\Desktop\\v0.9.1\\dataconnect": could not find dataconnect.yaml in `c:\Users\MTG\Desktop\v0.9.1\dataconnect`
 {"metadata":{"emulator":{"name":"dataconnect"},"message":"E0603 14:31:29.724274   27004 load.go:23] Could not load config from \"c:\\\\Users\\\\MTG\\\\Desktop\\\\v0.9.1\\\\dataconnect\": could not find dataconnect.yaml in `c:\\Users\\MTG\\Desktop\\v0.9.1\\dataconnect`\n"}}
[debug] [2025-06-03T11:31:39.724Z] E0603 14:31:39.724795   27004 load.go:23] Could not load config from "c:\\Users\\MTG\\Desktop\\v0.9.1\\dataconnect": could not find dataconnect.yaml in `c:\Users\MTG\Desktop\v0.9.1\dataconnect`
 {"metadata":{"emulator":{"name":"dataconnect"},"message":"E0603 14:31:39.724795   27004 load.go:23] Could not load config from \"c:\\\\Users\\\\MTG\\\\Desktop\\\\v0.9.1\\\\dataconnect\": could not find dataconnect.yaml in `c:\\Users\\MTG\\Desktop\\v0.9.1\\dataconnect`\n"}}
[debug] [2025-06-03T11:31:49.724Z] E0603 14:31:49.724893   27004 load.go:23] Could not load config from "c:\\Users\\MTG\\Desktop\\v0.9.1\\dataconnect": could not find dataconnect.yaml in `c:\Users\MTG\Desktop\v0.9.1\dataconnect`
 {"metadata":{"emulator":{"name":"dataconnect"},"message":"E0603 14:31:49.724893   27004 load.go:23] Could not load config from \"c:\\\\Users\\\\MTG\\\\Desktop\\\\v0.9.1\\\\dataconnect\": could not find dataconnect.yaml in `c:\\Users\\MTG\\Desktop\\v0.9.1\\dataconnect`\n"}}
[debug] [2025-06-03T11:31:59.726Z] E0603 14:31:59.726865   27004 load.go:23] Could not load config from "c:\\Users\\MTG\\Desktop\\v0.9.1\\dataconnect": could not find dataconnect.yaml in `c:\Users\MTG\Desktop\v0.9.1\dataconnect`
 {"metadata":{"emulator":{"name":"dataconnect"},"message":"E0603 14:31:59.726865   27004 load.go:23] Could not load config from \"c:\\\\Users\\\\MTG\\\\Desktop\\\\v0.9.1\\\\dataconnect\": could not find dataconnect.yaml in `c:\\Users\\MTG\\Desktop\\v0.9.1\\dataconnect`\n"}}
[debug] [2025-06-03T11:32:09.720Z] E0603 14:32:09.720520   27004 load.go:23] Could not load config from "c:\\Users\\MTG\\Desktop\\v0.9.1\\dataconnect": could not find dataconnect.yaml in `c:\Users\MTG\Desktop\v0.9.1\dataconnect`
 {"metadata":{"emulator":{"name":"dataconnect"},"message":"E0603 14:32:09.720520   27004 load.go:23] Could not load config from \"c:\\\\Users\\\\MTG\\\\Desktop\\\\v0.9.1\\\\dataconnect\": could not find dataconnect.yaml in `c:\\Users\\MTG\\Desktop\\v0.9.1\\dataconnect`\n"}}
[debug] [2025-06-03T11:32:19.718Z] E0603 14:32:19.718868   27004 load.go:23] Could not load config from "c:\\Users\\MTG\\Desktop\\v0.9.1\\dataconnect": could not find dataconnect.yaml in `c:\Users\MTG\Desktop\v0.9.1\dataconnect`
 {"metadata":{"emulator":{"name":"dataconnect"},"message":"E0603 14:32:19.718868   27004 load.go:23] Could not load config from \"c:\\\\Users\\\\MTG\\\\Desktop\\\\v0.9.1\\\\dataconnect\": could not find dataconnect.yaml in `c:\\Users\\MTG\\Desktop\\v0.9.1\\dataconnect`\n"}}
[debug] [2025-06-03T11:32:29.724Z] E0603 14:32:29.724477   27004 load.go:23] Could not load config from "c:\\Users\\MTG\\Desktop\\v0.9.1\\dataconnect": could not find dataconnect.yaml in `c:\Users\MTG\Desktop\v0.9.1\dataconnect`
 {"metadata":{"emulator":{"name":"dataconnect"},"message":"E0603 14:32:29.724477   27004 load.go:23] Could not load config from \"c:\\\\Users\\\\MTG\\\\Desktop\\\\v0.9.1\\\\dataconnect\": could not find dataconnect.yaml in `c:\\Users\\MTG\\Desktop\\v0.9.1\\dataconnect`\n"}}
[debug] [2025-06-03T11:32:39.728Z] E0603 14:32:39.728381   27004 load.go:23] Could not load config from "c:\\Users\\MTG\\Desktop\\v0.9.1\\dataconnect": could not find dataconnect.yaml in `c:\Users\MTG\Desktop\v0.9.1\dataconnect`
 {"metadata":{"emulator":{"name":"dataconnect"},"message":"E0603 14:32:39.728381   27004 load.go:23] Could not load config from \"c:\\\\Users\\\\MTG\\\\Desktop\\\\v0.9.1\\\\dataconnect\": could not find dataconnect.yaml in `c:\\Users\\MTG\\Desktop\\v0.9.1\\dataconnect`\n"}}
[debug] [2025-06-03T11:32:39.729Z] E0603 14:32:39.728381   27004 watch.go:76] watchAllDir unable to walk dir `c:\Users\MTG\Desktop\v0.9.1\dataconnect`: on path "c:\\Users\\MTG\\Desktop\\v0.9.1\\dataconnect" (DirEntry: <nil>): CreateFile c:\Users\MTG\Desktop\v0.9.1\dataconnect: The system cannot find the file specified.
 {"metadata":{"emulator":{"name":"dataconnect"},"message":"E0603 14:32:39.728381   27004 watch.go:76] watchAllDir unable to walk dir `c:\\Users\\MTG\\Desktop\\v0.9.1\\dataconnect`: on path \"c:\\\\Users\\\\MTG\\\\Desktop\\\\v0.9.1\\\\dataconnect\" (DirEntry: <nil>): CreateFile c:\\Users\\MTG\\Desktop\\v0.9.1\\dataconnect: The system cannot find the file specified.\n"}}
[debug] [2025-06-03T11:32:49.727Z] E0603 14:32:49.727327   27004 load.go:23] Could not load config from "c:\\Users\\MTG\\Desktop\\v0.9.1\\dataconnect": could not find dataconnect.yaml in `c:\Users\MTG\Desktop\v0.9.1\dataconnect`
 {"metadata":{"emulator":{"name":"dataconnect"},"message":"E0603 14:32:49.727327   27004 load.go:23] Could not load config from \"c:\\\\Users\\\\MTG\\\\Desktop\\\\v0.9.1\\\\dataconnect\": could not find dataconnect.yaml in `c:\\Users\\MTG\\Desktop\\v0.9.1\\dataconnect`\n"}}
[debug] [2025-06-03T11:32:59.727Z] E0603 14:32:59.726191   27004 load.go:23] Could not load config from "c:\\Users\\MTG\\Desktop\\v0.9.1\\dataconnect": could not find dataconnect.yaml in `c:\Users\MTG\Desktop\v0.9.1\dataconnect`
 {"metadata":{"emulator":{"name":"dataconnect"},"message":"E0603 14:32:59.726191   27004 load.go:23] Could not load config from \"c:\\\\Users\\\\MTG\\\\Desktop\\\\v0.9.1\\\\dataconnect\": could not find dataconnect.yaml in `c:\\Users\\MTG\\Desktop\\v0.9.1\\dataconnect`\n"}}
[debug] [2025-06-03T11:33:09.723Z] E0603 14:33:09.723840   27004 load.go:23] Could not load config from "c:\\Users\\MTG\\Desktop\\v0.9.1\\dataconnect": could not find dataconnect.yaml in `c:\Users\MTG\Desktop\v0.9.1\dataconnect`
 {"metadata":{"emulator":{"name":"dataconnect"},"message":"E0603 14:33:09.723840   27004 load.go:23] Could not load config from \"c:\\\\Users\\\\MTG\\\\Desktop\\\\v0.9.1\\\\dataconnect\": could not find dataconnect.yaml in `c:\\Users\\MTG\\Desktop\\v0.9.1\\dataconnect`\n"}}
[debug] [2025-06-03T11:33:19.718Z] E0603 14:33:19.718371   27004 load.go:23] Could not load config from "c:\\Users\\MTG\\Desktop\\v0.9.1\\dataconnect": could not find dataconnect.yaml in `c:\Users\MTG\Desktop\v0.9.1\dataconnect`
 {"metadata":{"emulator":{"name":"dataconnect"},"message":"E0603 14:33:19.718371   27004 load.go:23] Could not load config from \"c:\\\\Users\\\\MTG\\\\Desktop\\\\v0.9.1\\\\dataconnect\": could not find dataconnect.yaml in `c:\\Users\\MTG\\Desktop\\v0.9.1\\dataconnect`\n"}}
[debug] [2025-06-03T11:33:29.719Z] E0603 14:33:29.719035   27004 load.go:23] Could not load config from "c:\\Users\\MTG\\Desktop\\v0.9.1\\dataconnect": could not find dataconnect.yaml in `c:\Users\MTG\Desktop\v0.9.1\dataconnect`
 {"metadata":{"emulator":{"name":"dataconnect"},"message":"E0603 14:33:29.719035   27004 load.go:23] Could not load config from \"c:\\\\Users\\\\MTG\\\\Desktop\\\\v0.9.1\\\\dataconnect\": could not find dataconnect.yaml in `c:\\Users\\MTG\\Desktop\\v0.9.1\\dataconnect`\n"}}
[debug] [2025-06-03T11:33:39.728Z] E0603 14:33:39.728300   27004 load.go:23] Could not load config from "c:\\Users\\MTG\\Desktop\\v0.9.1\\dataconnect": could not find dataconnect.yaml in `c:\Users\MTG\Desktop\v0.9.1\dataconnect`
 {"metadata":{"emulator":{"name":"dataconnect"},"message":"E0603 14:33:39.728300   27004 load.go:23] Could not load config from \"c:\\\\Users\\\\MTG\\\\Desktop\\\\v0.9.1\\\\dataconnect\": could not find dataconnect.yaml in `c:\\Users\\MTG\\Desktop\\v0.9.1\\dataconnect`\n"}}
[debug] [2025-06-03T11:33:49.718Z] E0603 14:33:49.717881   27004 load.go:23] Could not load config from "c:\\Users\\MTG\\Desktop\\v0.9.1\\dataconnect": could not find dataconnect.yaml in `c:\Users\MTG\Desktop\v0.9.1\dataconnect`
 {"metadata":{"emulator":{"name":"dataconnect"},"message":"E0603 14:33:49.717881   27004 load.go:23] Could not load config from \"c:\\\\Users\\\\MTG\\\\Desktop\\\\v0.9.1\\\\dataconnect\": could not find dataconnect.yaml in `c:\\Users\\MTG\\Desktop\\v0.9.1\\dataconnect`\n"}}
[debug] [2025-06-03T11:33:59.725Z] E0603 14:33:59.725502   27004 load.go:23] Could not load config from "c:\\Users\\MTG\\Desktop\\v0.9.1\\dataconnect": could not find dataconnect.yaml in `c:\Users\MTG\Desktop\v0.9.1\dataconnect`
 {"metadata":{"emulator":{"name":"dataconnect"},"message":"E0603 14:33:59.725502   27004 load.go:23] Could not load config from \"c:\\\\Users\\\\MTG\\\\Desktop\\\\v0.9.1\\\\dataconnect\": could not find dataconnect.yaml in `c:\\Users\\MTG\\Desktop\\v0.9.1\\dataconnect`\n"}}
[debug] [2025-06-03T11:34:09.725Z] E0603 14:34:09.724916   27004 load.go:23] Could not load config from "c:\\Users\\MTG\\Desktop\\v0.9.1\\dataconnect": could not find dataconnect.yaml in `c:\Users\MTG\Desktop\v0.9.1\dataconnect`
 {"metadata":{"emulator":{"name":"dataconnect"},"message":"E0603 14:34:09.724916   27004 load.go:23] Could not load config from \"c:\\\\Users\\\\MTG\\\\Desktop\\\\v0.9.1\\\\dataconnect\": could not find dataconnect.yaml in `c:\\Users\\MTG\\Desktop\\v0.9.1\\dataconnect`\n"}}
[debug] [2025-06-03T11:34:19.724Z] E0603 14:34:19.724633   27004 load.go:23] Could not load config from "c:\\Users\\MTG\\Desktop\\v0.9.1\\dataconnect": could not find dataconnect.yaml in `c:\Users\MTG\Desktop\v0.9.1\dataconnect`
 {"metadata":{"emulator":{"name":"dataconnect"},"message":"E0603 14:34:19.724633   27004 load.go:23] Could not load config from \"c:\\\\Users\\\\MTG\\\\Desktop\\\\v0.9.1\\\\dataconnect\": could not find dataconnect.yaml in `c:\\Users\\MTG\\Desktop\\v0.9.1\\dataconnect`\n"}}
[debug] [2025-06-03T11:34:29.717Z] E0603 14:34:29.717646   27004 load.go:23] Could not load config from "c:\\Users\\MTG\\Desktop\\v0.9.1\\dataconnect": could not find dataconnect.yaml in `c:\Users\MTG\Desktop\v0.9.1\dataconnect`
 {"metadata":{"emulator":{"name":"dataconnect"},"message":"E0603 14:34:29.717646   27004 load.go:23] Could not load config from \"c:\\\\Users\\\\MTG\\\\Desktop\\\\v0.9.1\\\\dataconnect\": could not find dataconnect.yaml in `c:\\Users\\MTG\\Desktop\\v0.9.1\\dataconnect`\n"}}
[debug] [2025-06-03T11:34:39.725Z] E0603 14:34:39.725174   27004 load.go:23] Could not load config from "c:\\Users\\MTG\\Desktop\\v0.9.1\\dataconnect": could not find dataconnect.yaml in `c:\Users\MTG\Desktop\v0.9.1\dataconnect`
E0603 14:34:39.725174   27004 watch.go:76] watchAllDir unable to walk dir `c:\Users\MTG\Desktop\v0.9.1\dataconnect`: on path "c:\\Users\\MTG\\Desktop\\v0.9.1\\dataconnect" (DirEntry: <nil>): CreateFile c:\Users\MTG\Desktop\v0.9.1\dataconnect: The system cannot find the file specified.
 {"metadata":{"emulator":{"name":"dataconnect"},"message":"E0603 14:34:39.725174   27004 load.go:23] Could not load config from \"c:\\\\Users\\\\MTG\\\\Desktop\\\\v0.9.1\\\\dataconnect\": could not find dataconnect.yaml in `c:\\Users\\MTG\\Desktop\\v0.9.1\\dataconnect`\nE0603 14:34:39.725174   27004 watch.go:76] watchAllDir unable to walk dir `c:\\Users\\MTG\\Desktop\\v0.9.1\\dataconnect`: on path \"c:\\\\Users\\\\MTG\\\\Desktop\\\\v0.9.1\\\\dataconnect\" (DirEntry: <nil>): CreateFile c:\\Users\\MTG\\Desktop\\v0.9.1\\dataconnect: The system cannot find the file specified.\n"}}
[debug] [2025-06-03T11:34:49.717Z] E0603 14:34:49.717466   27004 load.go:23] Could not load config from "c:\\Users\\MTG\\Desktop\\v0.9.1\\dataconnect": could not find dataconnect.yaml in `c:\Users\MTG\Desktop\v0.9.1\dataconnect`
 {"metadata":{"emulator":{"name":"dataconnect"},"message":"E0603 14:34:49.717466   27004 load.go:23] Could not load config from \"c:\\\\Users\\\\MTG\\\\Desktop\\\\v0.9.1\\\\dataconnect\": could not find dataconnect.yaml in `c:\\Users\\MTG\\Desktop\\v0.9.1\\dataconnect`\n"}}
[debug] [2025-06-03T11:34:59.734Z] E0603 14:34:59.731562   27004 load.go:23] Could not load config from "c:\\Users\\MTG\\Desktop\\v0.9.1\\dataconnect": could not find dataconnect.yaml in `c:\Users\MTG\Desktop\v0.9.1\dataconnect`
 {"metadata":{"emulator":{"name":"dataconnect"},"message":"E0603 14:34:59.731562   27004 load.go:23] Could not load config from \"c:\\\\Users\\\\MTG\\\\Desktop\\\\v0.9.1\\\\dataconnect\": could not find dataconnect.yaml in `c:\\Users\\MTG\\Desktop\\v0.9.1\\dataconnect`\n"}}
[debug] [2025-06-03T11:35:09.729Z] E0603 14:35:09.729534   27004 load.go:23] Could not load config from "c:\\Users\\MTG\\Desktop\\v0.9.1\\dataconnect": could not find dataconnect.yaml in `c:\Users\MTG\Desktop\v0.9.1\dataconnect`
 {"metadata":{"emulator":{"name":"dataconnect"},"message":"E0603 14:35:09.729534   27004 load.go:23] Could not load config from \"c:\\\\Users\\\\MTG\\\\Desktop\\\\v0.9.1\\\\dataconnect\": could not find dataconnect.yaml in `c:\\Users\\MTG\\Desktop\\v0.9.1\\dataconnect`\n"}}
[debug] [2025-06-03T11:35:19.722Z] E0603 14:35:19.722105   27004 load.go:23] Could not load config from "c:\\Users\\MTG\\Desktop\\v0.9.1\\dataconnect": could not find dataconnect.yaml in `c:\Users\MTG\Desktop\v0.9.1\dataconnect`
 {"metadata":{"emulator":{"name":"dataconnect"},"message":"E0603 14:35:19.722105   27004 load.go:23] Could not load config from \"c:\\\\Users\\\\MTG\\\\Desktop\\\\v0.9.1\\\\dataconnect\": could not find dataconnect.yaml in `c:\\Users\\MTG\\Desktop\\v0.9.1\\dataconnect`\n"}}
[debug] [2025-06-03T11:35:29.718Z] E0603 14:35:29.718854   27004 load.go:23] Could not load config from "c:\\Users\\MTG\\Desktop\\v0.9.1\\dataconnect": could not find dataconnect.yaml in `c:\Users\MTG\Desktop\v0.9.1\dataconnect`
 {"metadata":{"emulator":{"name":"dataconnect"},"message":"E0603 14:35:29.718854   27004 load.go:23] Could not load config from \"c:\\\\Users\\\\MTG\\\\Desktop\\\\v0.9.1\\\\dataconnect\": could not find dataconnect.yaml in `c:\\Users\\MTG\\Desktop\\v0.9.1\\dataconnect`\n"}}
[debug] [2025-06-03T11:35:39.727Z] E0603 14:35:39.727178   27004 load.go:23] Could not load config from "c:\\Users\\MTG\\Desktop\\v0.9.1\\dataconnect": could not find dataconnect.yaml in `c:\Users\MTG\Desktop\v0.9.1\dataconnect`
 {"metadata":{"emulator":{"name":"dataconnect"},"message":"E0603 14:35:39.727178   27004 load.go:23] Could not load config from \"c:\\\\Users\\\\MTG\\\\Desktop\\\\v0.9.1\\\\dataconnect\": could not find dataconnect.yaml in `c:\\Users\\MTG\\Desktop\\v0.9.1\\dataconnect`\n"}}
[debug] [2025-06-03T11:35:49.726Z] E0603 14:35:49.726731   27004 load.go:23] Could not load config from "c:\\Users\\MTG\\Desktop\\v0.9.1\\dataconnect": could not find dataconnect.yaml in `c:\Users\MTG\Desktop\v0.9.1\dataconnect`
 {"metadata":{"emulator":{"name":"dataconnect"},"message":"E0603 14:35:49.726731   27004 load.go:23] Could not load config from \"c:\\\\Users\\\\MTG\\\\Desktop\\\\v0.9.1\\\\dataconnect\": could not find dataconnect.yaml in `c:\\Users\\MTG\\Desktop\\v0.9.1\\dataconnect`\n"}}
[debug] [2025-06-03T11:35:59.729Z] E0603 14:35:59.729368   27004 load.go:23] Could not load config from "c:\\Users\\MTG\\Desktop\\v0.9.1\\dataconnect": could not find dataconnect.yaml in `c:\Users\MTG\Desktop\v0.9.1\dataconnect`
 {"metadata":{"emulator":{"name":"dataconnect"},"message":"E0603 14:35:59.729368   27004 load.go:23] Could not load config from \"c:\\\\Users\\\\MTG\\\\Desktop\\\\v0.9.1\\\\dataconnect\": could not find dataconnect.yaml in `c:\\Users\\MTG\\Desktop\\v0.9.1\\dataconnect`\n"}}
[debug] [2025-06-03T11:36:09.725Z] E0603 14:36:09.725036   27004 load.go:23] Could not load config from "c:\\Users\\MTG\\Desktop\\v0.9.1\\dataconnect": could not find dataconnect.yaml in `c:\Users\MTG\Desktop\v0.9.1\dataconnect`
 {"metadata":{"emulator":{"name":"dataconnect"},"message":"E0603 14:36:09.725036   27004 load.go:23] Could not load config from \"c:\\\\Users\\\\MTG\\\\Desktop\\\\v0.9.1\\\\dataconnect\": could not find dataconnect.yaml in `c:\\Users\\MTG\\Desktop\\v0.9.1\\dataconnect`\n"}}
[debug] [2025-06-03T11:36:19.724Z] E0603 14:36:19.724204   27004 load.go:23] Could not load config from "c:\\Users\\MTG\\Desktop\\v0.9.1\\dataconnect": could not find dataconnect.yaml in `c:\Users\MTG\Desktop\v0.9.1\dataconnect`
 {"metadata":{"emulator":{"name":"dataconnect"},"message":"E0603 14:36:19.724204   27004 load.go:23] Could not load config from \"c:\\\\Users\\\\MTG\\\\Desktop\\\\v0.9.1\\\\dataconnect\": could not find dataconnect.yaml in `c:\\Users\\MTG\\Desktop\\v0.9.1\\dataconnect`\n"}}
[debug] [2025-06-03T11:36:29.726Z] E0603 14:36:29.726431   27004 load.go:23] Could not load config from "c:\\Users\\MTG\\Desktop\\v0.9.1\\dataconnect": could not find dataconnect.yaml in `c:\Users\MTG\Desktop\v0.9.1\dataconnect`
 {"metadata":{"emulator":{"name":"dataconnect"},"message":"E0603 14:36:29.726431   27004 load.go:23] Could not load config from \"c:\\\\Users\\\\MTG\\\\Desktop\\\\v0.9.1\\\\dataconnect\": could not find dataconnect.yaml in `c:\\Users\\MTG\\Desktop\\v0.9.1\\dataconnect`\n"}}
[debug] [2025-06-03T11:36:39.727Z] E0603 14:36:39.728024   27004 load.go:23] Could not load config from "c:\\Users\\MTG\\Desktop\\v0.9.1\\dataconnect": could not find dataconnect.yaml in `c:\Users\MTG\Desktop\v0.9.1\dataconnect`
E0603 14:36:39.728024   27004 watch.go:76] watchAllDir unable to walk dir `c:\Users\MTG\Desktop\v0.9.1\dataconnect`: on path "c:\\Users\\MTG\\Desktop\\v0.9.1\\dataconnect" (DirEntry: <nil>): CreateFile c:\Users\MTG\Desktop\v0.9.1\dataconnect: The system cannot find the file specified.
 {"metadata":{"emulator":{"name":"dataconnect"},"message":"E0603 14:36:39.728024   27004 load.go:23] Could not load config from \"c:\\\\Users\\\\MTG\\\\Desktop\\\\v0.9.1\\\\dataconnect\": could not find dataconnect.yaml in `c:\\Users\\MTG\\Desktop\\v0.9.1\\dataconnect`\nE0603 14:36:39.728024   27004 watch.go:76] watchAllDir unable to walk dir `c:\\Users\\MTG\\Desktop\\v0.9.1\\dataconnect`: on path \"c:\\\\Users\\\\MTG\\\\Desktop\\\\v0.9.1\\\\dataconnect\" (DirEntry: <nil>): CreateFile c:\\Users\\MTG\\Desktop\\v0.9.1\\dataconnect: The system cannot find the file specified.\n"}}
[debug] [2025-06-03T11:36:49.717Z] E0603 14:36:49.718030   27004 load.go:23] Could not load config from "c:\\Users\\MTG\\Desktop\\v0.9.1\\dataconnect": could not find dataconnect.yaml in `c:\Users\MTG\Desktop\v0.9.1\dataconnect`
 {"metadata":{"emulator":{"name":"dataconnect"},"message":"E0603 14:36:49.718030   27004 load.go:23] Could not load config from \"c:\\\\Users\\\\MTG\\\\Desktop\\\\v0.9.1\\\\dataconnect\": could not find dataconnect.yaml in `c:\\Users\\MTG\\Desktop\\v0.9.1\\dataconnect`\n"}}
[debug] [2025-06-03T11:36:59.726Z] E0603 14:36:59.726959   27004 load.go:23] Could not load config from "c:\\Users\\MTG\\Desktop\\v0.9.1\\dataconnect": could not find dataconnect.yaml in `c:\Users\MTG\Desktop\v0.9.1\dataconnect`
 {"metadata":{"emulator":{"name":"dataconnect"},"message":"E0603 14:36:59.726959   27004 load.go:23] Could not load config from \"c:\\\\Users\\\\MTG\\\\Desktop\\\\v0.9.1\\\\dataconnect\": could not find dataconnect.yaml in `c:\\Users\\MTG\\Desktop\\v0.9.1\\dataconnect`\n"}}
[debug] [2025-06-03T11:37:09.727Z] E0603 14:37:09.728027   27004 load.go:23] Could not load config from "c:\\Users\\MTG\\Desktop\\v0.9.1\\dataconnect": could not find dataconnect.yaml in `c:\Users\MTG\Desktop\v0.9.1\dataconnect`
 {"metadata":{"emulator":{"name":"dataconnect"},"message":"E0603 14:37:09.728027   27004 load.go:23] Could not load config from \"c:\\\\Users\\\\MTG\\\\Desktop\\\\v0.9.1\\\\dataconnect\": could not find dataconnect.yaml in `c:\\Users\\MTG\\Desktop\\v0.9.1\\dataconnect`\n"}}
[debug] [2025-06-03T11:37:19.725Z] E0603 14:37:19.726148   27004 load.go:23] Could not load config from "c:\\Users\\MTG\\Desktop\\v0.9.1\\dataconnect": could not find dataconnect.yaml in `c:\Users\MTG\Desktop\v0.9.1\dataconnect`
 {"metadata":{"emulator":{"name":"dataconnect"},"message":"E0603 14:37:19.726148   27004 load.go:23] Could not load config from \"c:\\\\Users\\\\MTG\\\\Desktop\\\\v0.9.1\\\\dataconnect\": could not find dataconnect.yaml in `c:\\Users\\MTG\\Desktop\\v0.9.1\\dataconnect`\n"}}
[debug] [2025-06-03T11:37:29.725Z] E0603 14:37:29.725469   27004 load.go:23] Could not load config from "c:\\Users\\MTG\\Desktop\\v0.9.1\\dataconnect": could not find dataconnect.yaml in `c:\Users\MTG\Desktop\v0.9.1\dataconnect`
 {"metadata":{"emulator":{"name":"dataconnect"},"message":"E0603 14:37:29.725469   27004 load.go:23] Could not load config from \"c:\\\\Users\\\\MTG\\\\Desktop\\\\v0.9.1\\\\dataconnect\": could not find dataconnect.yaml in `c:\\Users\\MTG\\Desktop\\v0.9.1\\dataconnect`\n"}}
[debug] [2025-06-03T11:37:39.732Z] E0603 14:37:39.731982   27004 load.go:23] Could not load config from "c:\\Users\\MTG\\Desktop\\v0.9.1\\dataconnect": could not find dataconnect.yaml in `c:\Users\MTG\Desktop\v0.9.1\dataconnect`
 {"metadata":{"emulator":{"name":"dataconnect"},"message":"E0603 14:37:39.731982   27004 load.go:23] Could not load config from \"c:\\\\Users\\\\MTG\\\\Desktop\\\\v0.9.1\\\\dataconnect\": could not find dataconnect.yaml in `c:\\Users\\MTG\\Desktop\\v0.9.1\\dataconnect`\n"}}
[debug] [2025-06-03T11:37:49.724Z] E0603 14:37:49.724845   27004 load.go:23] Could not load config from "c:\\Users\\MTG\\Desktop\\v0.9.1\\dataconnect": could not find dataconnect.yaml in `c:\Users\MTG\Desktop\v0.9.1\dataconnect`
 {"metadata":{"emulator":{"name":"dataconnect"},"message":"E0603 14:37:49.724845   27004 load.go:23] Could not load config from \"c:\\\\Users\\\\MTG\\\\Desktop\\\\v0.9.1\\\\dataconnect\": could not find dataconnect.yaml in `c:\\Users\\MTG\\Desktop\\v0.9.1\\dataconnect`\n"}}
[debug] [2025-06-03T11:37:59.719Z] E0603 14:37:59.718694   27004 load.go:23] Could not load config from "c:\\Users\\MTG\\Desktop\\v0.9.1\\dataconnect": could not find dataconnect.yaml in `c:\Users\MTG\Desktop\v0.9.1\dataconnect`
 {"metadata":{"emulator":{"name":"dataconnect"},"message":"E0603 14:37:59.718694   27004 load.go:23] Could not load config from \"c:\\\\Users\\\\MTG\\\\Desktop\\\\v0.9.1\\\\dataconnect\": could not find dataconnect.yaml in `c:\\Users\\MTG\\Desktop\\v0.9.1\\dataconnect`\n"}}
[debug] [2025-06-03T11:38:09.722Z] E0603 14:38:09.721844   27004 load.go:23] Could not load config from "c:\\Users\\MTG\\Desktop\\v0.9.1\\dataconnect": could not find dataconnect.yaml in `c:\Users\MTG\Desktop\v0.9.1\dataconnect`
 {"metadata":{"emulator":{"name":"dataconnect"},"message":"E0603 14:38:09.721844   27004 load.go:23] Could not load config from \"c:\\\\Users\\\\MTG\\\\Desktop\\\\v0.9.1\\\\dataconnect\": could not find dataconnect.yaml in `c:\\Users\\MTG\\Desktop\\v0.9.1\\dataconnect`\n"}}
[debug] [2025-06-03T11:38:19.736Z] E0603 14:38:19.736594   27004 load.go:23] Could not load config from "c:\\Users\\MTG\\Desktop\\v0.9.1\\dataconnect": could not find dataconnect.yaml in `c:\Users\MTG\Desktop\v0.9.1\dataconnect`
 {"metadata":{"emulator":{"name":"dataconnect"},"message":"E0603 14:38:19.736594   27004 load.go:23] Could not load config from \"c:\\\\Users\\\\MTG\\\\Desktop\\\\v0.9.1\\\\dataconnect\": could not find dataconnect.yaml in `c:\\Users\\MTG\\Desktop\\v0.9.1\\dataconnect`\n"}}
[debug] [2025-06-03T11:38:29.729Z] E0603 14:38:29.729166   27004 load.go:23] Could not load config from "c:\\Users\\MTG\\Desktop\\v0.9.1\\dataconnect": could not find dataconnect.yaml in `c:\Users\MTG\Desktop\v0.9.1\dataconnect`
 {"metadata":{"emulator":{"name":"dataconnect"},"message":"E0603 14:38:29.729166   27004 load.go:23] Could not load config from \"c:\\\\Users\\\\MTG\\\\Desktop\\\\v0.9.1\\\\dataconnect\": could not find dataconnect.yaml in `c:\\Users\\MTG\\Desktop\\v0.9.1\\dataconnect`\n"}}
[debug] [2025-06-03T11:38:39.720Z] E0603 14:38:39.720122   27004 load.go:23] Could not load config from "c:\\Users\\MTG\\Desktop\\v0.9.1\\dataconnect": could not find dataconnect.yaml in `c:\Users\MTG\Desktop\v0.9.1\dataconnect`
E0603 14:38:39.720122   27004 watch.go:76] watchAllDir unable to walk dir `c:\Users\MTG\Desktop\v0.9.1\dataconnect`: on path "c:\\Users\\MTG\\Desktop\\v0.9.1\\dataconnect" (DirEntry: <nil>): CreateFile c:\Users\MTG\Desktop\v0.9.1\dataconnect: The system cannot find the file specified.
 {"metadata":{"emulator":{"name":"dataconnect"},"message":"E0603 14:38:39.720122   27004 load.go:23] Could not load config from \"c:\\\\Users\\\\MTG\\\\Desktop\\\\v0.9.1\\\\dataconnect\": could not find dataconnect.yaml in `c:\\Users\\MTG\\Desktop\\v0.9.1\\dataconnect`\nE0603 14:38:39.720122   27004 watch.go:76] watchAllDir unable to walk dir `c:\\Users\\MTG\\Desktop\\v0.9.1\\dataconnect`: on path \"c:\\\\Users\\\\MTG\\\\Desktop\\\\v0.9.1\\\\dataconnect\" (DirEntry: <nil>): CreateFile c:\\Users\\MTG\\Desktop\\v0.9.1\\dataconnect: The system cannot find the file specified.\n"}}
[debug] [2025-06-03T11:38:49.720Z] E0603 14:38:49.720431   27004 load.go:23] Could not load config from "c:\\Users\\MTG\\Desktop\\v0.9.1\\dataconnect": could not find dataconnect.yaml in `c:\Users\MTG\Desktop\v0.9.1\dataconnect`
 {"metadata":{"emulator":{"name":"dataconnect"},"message":"E0603 14:38:49.720431   27004 load.go:23] Could not load config from \"c:\\\\Users\\\\MTG\\\\Desktop\\\\v0.9.1\\\\dataconnect\": could not find dataconnect.yaml in `c:\\Users\\MTG\\Desktop\\v0.9.1\\dataconnect`\n"}}
[debug] [2025-06-03T11:38:59.717Z] E0603 14:38:59.717373   27004 load.go:23] Could not load config from "c:\\Users\\MTG\\Desktop\\v0.9.1\\dataconnect": could not find dataconnect.yaml in `c:\Users\MTG\Desktop\v0.9.1\dataconnect`
 {"metadata":{"emulator":{"name":"dataconnect"},"message":"E0603 14:38:59.717373   27004 load.go:23] Could not load config from \"c:\\\\Users\\\\MTG\\\\Desktop\\\\v0.9.1\\\\dataconnect\": could not find dataconnect.yaml in `c:\\Users\\MTG\\Desktop\\v0.9.1\\dataconnect`\n"}}
[debug] [2025-06-03T11:39:09.719Z] E0603 14:39:09.719227   27004 load.go:23] Could not load config from "c:\\Users\\MTG\\Desktop\\v0.9.1\\dataconnect": could not find dataconnect.yaml in `c:\Users\MTG\Desktop\v0.9.1\dataconnect`
 {"metadata":{"emulator":{"name":"dataconnect"},"message":"E0603 14:39:09.719227   27004 load.go:23] Could not load config from \"c:\\\\Users\\\\MTG\\\\Desktop\\\\v0.9.1\\\\dataconnect\": could not find dataconnect.yaml in `c:\\Users\\MTG\\Desktop\\v0.9.1\\dataconnect`\n"}}
[debug] [2025-06-03T11:39:19.723Z] E0603 14:39:19.723344   27004 load.go:23] Could not load config from "c:\\Users\\MTG\\Desktop\\v0.9.1\\dataconnect": could not find dataconnect.yaml in `c:\Users\MTG\Desktop\v0.9.1\dataconnect`
 {"metadata":{"emulator":{"name":"dataconnect"},"message":"E0603 14:39:19.723344   27004 load.go:23] Could not load config from \"c:\\\\Users\\\\MTG\\\\Desktop\\\\v0.9.1\\\\dataconnect\": could not find dataconnect.yaml in `c:\\Users\\MTG\\Desktop\\v0.9.1\\dataconnect`\n"}}
[debug] [2025-06-03T11:39:29.730Z] E0603 14:39:29.730169   27004 load.go:23] Could not load config from "c:\\Users\\MTG\\Desktop\\v0.9.1\\dataconnect": could not find dataconnect.yaml in `c:\Users\MTG\Desktop\v0.9.1\dataconnect`
 {"metadata":{"emulator":{"name":"dataconnect"},"message":"E0603 14:39:29.730169   27004 load.go:23] Could not load config from \"c:\\\\Users\\\\MTG\\\\Desktop\\\\v0.9.1\\\\dataconnect\": could not find dataconnect.yaml in `c:\\Users\\MTG\\Desktop\\v0.9.1\\dataconnect`\n"}}
[debug] [2025-06-03T11:39:39.726Z] E0603 14:39:39.725931   27004 load.go:23] Could not load config from "c:\\Users\\MTG\\Desktop\\v0.9.1\\dataconnect": could not find dataconnect.yaml in `c:\Users\MTG\Desktop\v0.9.1\dataconnect`
 {"metadata":{"emulator":{"name":"dataconnect"},"message":"E0603 14:39:39.725931   27004 load.go:23] Could not load config from \"c:\\\\Users\\\\MTG\\\\Desktop\\\\v0.9.1\\\\dataconnect\": could not find dataconnect.yaml in `c:\\Users\\MTG\\Desktop\\v0.9.1\\dataconnect`\n"}}
[debug] [2025-06-03T11:39:49.720Z] E0603 14:39:49.720754   27004 load.go:23] Could not load config from "c:\\Users\\MTG\\Desktop\\v0.9.1\\dataconnect": could not find dataconnect.yaml in `c:\Users\MTG\Desktop\v0.9.1\dataconnect`
 {"metadata":{"emulator":{"name":"dataconnect"},"message":"E0603 14:39:49.720754   27004 load.go:23] Could not load config from \"c:\\\\Users\\\\MTG\\\\Desktop\\\\v0.9.1\\\\dataconnect\": could not find dataconnect.yaml in `c:\\Users\\MTG\\Desktop\\v0.9.1\\dataconnect`\n"}}
[debug] [2025-06-03T11:39:59.722Z] E0603 14:39:59.722020   27004 load.go:23] Could not load config from "c:\\Users\\MTG\\Desktop\\v0.9.1\\dataconnect": could not find dataconnect.yaml in `c:\Users\MTG\Desktop\v0.9.1\dataconnect`
 {"metadata":{"emulator":{"name":"dataconnect"},"message":"E0603 14:39:59.722020   27004 load.go:23] Could not load config from \"c:\\\\Users\\\\MTG\\\\Desktop\\\\v0.9.1\\\\dataconnect\": could not find dataconnect.yaml in `c:\\Users\\MTG\\Desktop\\v0.9.1\\dataconnect`\n"}}
[debug] [2025-06-03T11:40:09.728Z] E0603 14:40:09.728618   27004 load.go:23] Could not load config from "c:\\Users\\MTG\\Desktop\\v0.9.1\\dataconnect": could not find dataconnect.yaml in `c:\Users\MTG\Desktop\v0.9.1\dataconnect`
 {"metadata":{"emulator":{"name":"dataconnect"},"message":"E0603 14:40:09.728618   27004 load.go:23] Could not load config from \"c:\\\\Users\\\\MTG\\\\Desktop\\\\v0.9.1\\\\dataconnect\": could not find dataconnect.yaml in `c:\\Users\\MTG\\Desktop\\v0.9.1\\dataconnect`\n"}}
[debug] [2025-06-03T11:40:19.722Z] E0603 14:40:19.722558   27004 load.go:23] Could not load config from "c:\\Users\\MTG\\Desktop\\v0.9.1\\dataconnect": could not find dataconnect.yaml in `c:\Users\MTG\Desktop\v0.9.1\dataconnect`
 {"metadata":{"emulator":{"name":"dataconnect"},"message":"E0603 14:40:19.722558   27004 load.go:23] Could not load config from \"c:\\\\Users\\\\MTG\\\\Desktop\\\\v0.9.1\\\\dataconnect\": could not find dataconnect.yaml in `c:\\Users\\MTG\\Desktop\\v0.9.1\\dataconnect`\n"}}
[debug] [2025-06-03T11:40:29.723Z] E0603 14:40:29.722998   27004 load.go:23] Could not load config from "c:\\Users\\MTG\\Desktop\\v0.9.1\\dataconnect": could not find dataconnect.yaml in `c:\Users\MTG\Desktop\v0.9.1\dataconnect`
 {"metadata":{"emulator":{"name":"dataconnect"},"message":"E0603 14:40:29.722998   27004 load.go:23] Could not load config from \"c:\\\\Users\\\\MTG\\\\Desktop\\\\v0.9.1\\\\dataconnect\": could not find dataconnect.yaml in `c:\\Users\\MTG\\Desktop\\v0.9.1\\dataconnect`\n"}}
[debug] [2025-06-03T11:40:39.730Z] E0603 14:40:39.730291   27004 load.go:23] Could not load config from "c:\\Users\\MTG\\Desktop\\v0.9.1\\dataconnect": could not find dataconnect.yaml in `c:\Users\MTG\Desktop\v0.9.1\dataconnect`
E0603 14:40:39.730796   27004 watch.go:76] watchAllDir unable to walk dir `c:\Users\MTG\Desktop\v0.9.1\dataconnect`: on path "c:\\Users\\MTG\\Desktop\\v0.9.1\\dataconnect" (DirEntry: <nil>): CreateFile c:\Users\MTG\Desktop\v0.9.1\dataconnect: The system cannot find the file specified.
 {"metadata":{"emulator":{"name":"dataconnect"},"message":"E0603 14:40:39.730291   27004 load.go:23] Could not load config from \"c:\\\\Users\\\\MTG\\\\Desktop\\\\v0.9.1\\\\dataconnect\": could not find dataconnect.yaml in `c:\\Users\\MTG\\Desktop\\v0.9.1\\dataconnect`\nE0603 14:40:39.730796   27004 watch.go:76] watchAllDir unable to walk dir `c:\\Users\\MTG\\Desktop\\v0.9.1\\dataconnect`: on path \"c:\\\\Users\\\\MTG\\\\Desktop\\\\v0.9.1\\\\dataconnect\" (DirEntry: <nil>): CreateFile c:\\Users\\MTG\\Desktop\\v0.9.1\\dataconnect: The system cannot find the file specified.\n"}}
[debug] [2025-06-03T11:40:49.726Z] E0603 14:40:49.725871   27004 load.go:23] Could not load config from "c:\\Users\\MTG\\Desktop\\v0.9.1\\dataconnect": could not find dataconnect.yaml in `c:\Users\MTG\Desktop\v0.9.1\dataconnect`
 {"metadata":{"emulator":{"name":"dataconnect"},"message":"E0603 14:40:49.725871   27004 load.go:23] Could not load config from \"c:\\\\Users\\\\MTG\\\\Desktop\\\\v0.9.1\\\\dataconnect\": could not find dataconnect.yaml in `c:\\Users\\MTG\\Desktop\\v0.9.1\\dataconnect`\n"}}
[debug] [2025-06-03T11:40:59.720Z] E0603 14:40:59.719769   27004 load.go:23] Could not load config from "c:\\Users\\MTG\\Desktop\\v0.9.1\\dataconnect": could not find dataconnect.yaml in `c:\Users\MTG\Desktop\v0.9.1\dataconnect`
 {"metadata":{"emulator":{"name":"dataconnect"},"message":"E0603 14:40:59.719769   27004 load.go:23] Could not load config from \"c:\\\\Users\\\\MTG\\\\Desktop\\\\v0.9.1\\\\dataconnect\": could not find dataconnect.yaml in `c:\\Users\\MTG\\Desktop\\v0.9.1\\dataconnect`\n"}}
[debug] [2025-06-03T11:41:09.718Z] E0603 14:41:09.718176   27004 load.go:23] Could not load config from "c:\\Users\\MTG\\Desktop\\v0.9.1\\dataconnect": could not find dataconnect.yaml in `c:\Users\MTG\Desktop\v0.9.1\dataconnect`
 {"metadata":{"emulator":{"name":"dataconnect"},"message":"E0603 14:41:09.718176   27004 load.go:23] Could not load config from \"c:\\\\Users\\\\MTG\\\\Desktop\\\\v0.9.1\\\\dataconnect\": could not find dataconnect.yaml in `c:\\Users\\MTG\\Desktop\\v0.9.1\\dataconnect`\n"}}
[debug] [2025-06-03T11:41:19.718Z] E0603 14:41:19.717283   27004 load.go:23] Could not load config from "c:\\Users\\MTG\\Desktop\\v0.9.1\\dataconnect": could not find dataconnect.yaml in `c:\Users\MTG\Desktop\v0.9.1\dataconnect`
 {"metadata":{"emulator":{"name":"dataconnect"},"message":"E0603 14:41:19.717283   27004 load.go:23] Could not load config from \"c:\\\\Users\\\\MTG\\\\Desktop\\\\v0.9.1\\\\dataconnect\": could not find dataconnect.yaml in `c:\\Users\\MTG\\Desktop\\v0.9.1\\dataconnect`\n"}}
[debug] [2025-06-03T11:41:29.729Z] E0603 14:41:29.728969   27004 load.go:23] Could not load config from "c:\\Users\\MTG\\Desktop\\v0.9.1\\dataconnect": could not find dataconnect.yaml in `c:\Users\MTG\Desktop\v0.9.1\dataconnect`
 {"metadata":{"emulator":{"name":"dataconnect"},"message":"E0603 14:41:29.728969   27004 load.go:23] Could not load config from \"c:\\\\Users\\\\MTG\\\\Desktop\\\\v0.9.1\\\\dataconnect\": could not find dataconnect.yaml in `c:\\Users\\MTG\\Desktop\\v0.9.1\\dataconnect`\n"}}
[debug] [2025-06-03T11:41:39.724Z] E0603 14:41:39.724590   27004 load.go:23] Could not load config from "c:\\Users\\MTG\\Desktop\\v0.9.1\\dataconnect": could not find dataconnect.yaml in `c:\Users\MTG\Desktop\v0.9.1\dataconnect`
 {"metadata":{"emulator":{"name":"dataconnect"},"message":"E0603 14:41:39.724590   27004 load.go:23] Could not load config from \"c:\\\\Users\\\\MTG\\\\Desktop\\\\v0.9.1\\\\dataconnect\": could not find dataconnect.yaml in `c:\\Users\\MTG\\Desktop\\v0.9.1\\dataconnect`\n"}}
[debug] [2025-06-03T11:41:49.730Z] E0603 14:41:49.730373   27004 load.go:23] Could not load config from "c:\\Users\\MTG\\Desktop\\v0.9.1\\dataconnect": could not find dataconnect.yaml in `c:\Users\MTG\Desktop\v0.9.1\dataconnect`
 {"metadata":{"emulator":{"name":"dataconnect"},"message":"E0603 14:41:49.730373   27004 load.go:23] Could not load config from \"c:\\\\Users\\\\MTG\\\\Desktop\\\\v0.9.1\\\\dataconnect\": could not find dataconnect.yaml in `c:\\Users\\MTG\\Desktop\\v0.9.1\\dataconnect`\n"}}
[debug] [2025-06-03T11:41:59.721Z] E0603 14:41:59.721190   27004 load.go:23] Could not load config from "c:\\Users\\MTG\\Desktop\\v0.9.1\\dataconnect": could not find dataconnect.yaml in `c:\Users\MTG\Desktop\v0.9.1\dataconnect`
 {"metadata":{"emulator":{"name":"dataconnect"},"message":"E0603 14:41:59.721190   27004 load.go:23] Could not load config from \"c:\\\\Users\\\\MTG\\\\Desktop\\\\v0.9.1\\\\dataconnect\": could not find dataconnect.yaml in `c:\\Users\\MTG\\Desktop\\v0.9.1\\dataconnect`\n"}}
[debug] [2025-06-03T11:42:09.726Z] E0603 14:42:09.726352   27004 load.go:23] Could not load config from "c:\\Users\\MTG\\Desktop\\v0.9.1\\dataconnect": could not find dataconnect.yaml in `c:\Users\MTG\Desktop\v0.9.1\dataconnect`
 {"metadata":{"emulator":{"name":"dataconnect"},"message":"E0603 14:42:09.726352   27004 load.go:23] Could not load config from \"c:\\\\Users\\\\MTG\\\\Desktop\\\\v0.9.1\\\\dataconnect\": could not find dataconnect.yaml in `c:\\Users\\MTG\\Desktop\\v0.9.1\\dataconnect`\n"}}
[debug] [2025-06-03T11:42:19.730Z] E0603 14:42:19.730433   27004 load.go:23] Could not load config from "c:\\Users\\MTG\\Desktop\\v0.9.1\\dataconnect": could not find dataconnect.yaml in `c:\Users\MTG\Desktop\v0.9.1\dataconnect`
 {"metadata":{"emulator":{"name":"dataconnect"},"message":"E0603 14:42:19.730433   27004 load.go:23] Could not load config from \"c:\\\\Users\\\\MTG\\\\Desktop\\\\v0.9.1\\\\dataconnect\": could not find dataconnect.yaml in `c:\\Users\\MTG\\Desktop\\v0.9.1\\dataconnect`\n"}}
[debug] [2025-06-03T11:42:29.717Z] E0603 14:42:29.717664   27004 load.go:23] Could not load config from "c:\\Users\\MTG\\Desktop\\v0.9.1\\dataconnect": could not find dataconnect.yaml in `c:\Users\MTG\Desktop\v0.9.1\dataconnect`
 {"metadata":{"emulator":{"name":"dataconnect"},"message":"E0603 14:42:29.717664   27004 load.go:23] Could not load config from \"c:\\\\Users\\\\MTG\\\\Desktop\\\\v0.9.1\\\\dataconnect\": could not find dataconnect.yaml in `c:\\Users\\MTG\\Desktop\\v0.9.1\\dataconnect`\n"}}
[debug] [2025-06-03T11:42:39.724Z] E0603 14:42:39.724675   27004 load.go:23] Could not load config from "c:\\Users\\MTG\\Desktop\\v0.9.1\\dataconnect": could not find dataconnect.yaml in `c:\Users\MTG\Desktop\v0.9.1\dataconnect`
E0603 14:42:39.724675   27004 watch.go:76] watchAllDir unable to walk dir `c:\Users\MTG\Desktop\v0.9.1\dataconnect`: on path "c:\\Users\\MTG\\Desktop\\v0.9.1\\dataconnect" (DirEntry: <nil>): CreateFile c:\Users\MTG\Desktop\v0.9.1\dataconnect: The system cannot find the file specified.
 {"metadata":{"emulator":{"name":"dataconnect"},"message":"E0603 14:42:39.724675   27004 load.go:23] Could not load config from \"c:\\\\Users\\\\MTG\\\\Desktop\\\\v0.9.1\\\\dataconnect\": could not find dataconnect.yaml in `c:\\Users\\MTG\\Desktop\\v0.9.1\\dataconnect`\nE0603 14:42:39.724675   27004 watch.go:76] watchAllDir unable to walk dir `c:\\Users\\MTG\\Desktop\\v0.9.1\\dataconnect`: on path \"c:\\\\Users\\\\MTG\\\\Desktop\\\\v0.9.1\\\\dataconnect\" (DirEntry: <nil>): CreateFile c:\\Users\\MTG\\Desktop\\v0.9.1\\dataconnect: The system cannot find the file specified.\n"}}
[debug] [2025-06-03T11:42:49.723Z] E0603 14:42:49.723225   27004 load.go:23] Could not load config from "c:\\Users\\MTG\\Desktop\\v0.9.1\\dataconnect": could not find dataconnect.yaml in `c:\Users\MTG\Desktop\v0.9.1\dataconnect`
 {"metadata":{"emulator":{"name":"dataconnect"},"message":"E0603 14:42:49.723225   27004 load.go:23] Could not load config from \"c:\\\\Users\\\\MTG\\\\Desktop\\\\v0.9.1\\\\dataconnect\": could not find dataconnect.yaml in `c:\\Users\\MTG\\Desktop\\v0.9.1\\dataconnect`\n"}}
[debug] [2025-06-03T11:42:59.725Z] E0603 14:42:59.724957   27004 load.go:23] Could not load config from "c:\\Users\\MTG\\Desktop\\v0.9.1\\dataconnect": could not find dataconnect.yaml in `c:\Users\MTG\Desktop\v0.9.1\dataconnect`
 {"metadata":{"emulator":{"name":"dataconnect"},"message":"E0603 14:42:59.724957   27004 load.go:23] Could not load config from \"c:\\\\Users\\\\MTG\\\\Desktop\\\\v0.9.1\\\\dataconnect\": could not find dataconnect.yaml in `c:\\Users\\MTG\\Desktop\\v0.9.1\\dataconnect`\n"}}
[debug] [2025-06-03T11:43:09.730Z] E0603 14:43:09.730761   27004 load.go:23] Could not load config from "c:\\Users\\MTG\\Desktop\\v0.9.1\\dataconnect": could not find dataconnect.yaml in `c:\Users\MTG\Desktop\v0.9.1\dataconnect`
 {"metadata":{"emulator":{"name":"dataconnect"},"message":"E0603 14:43:09.730761   27004 load.go:23] Could not load config from \"c:\\\\Users\\\\MTG\\\\Desktop\\\\v0.9.1\\\\dataconnect\": could not find dataconnect.yaml in `c:\\Users\\MTG\\Desktop\\v0.9.1\\dataconnect`\n"}}
[debug] [2025-06-03T11:43:19.723Z] E0603 14:43:19.722853   27004 load.go:23] Could not load config from "c:\\Users\\MTG\\Desktop\\v0.9.1\\dataconnect": could not find dataconnect.yaml in `c:\Users\MTG\Desktop\v0.9.1\dataconnect`
 {"metadata":{"emulator":{"name":"dataconnect"},"message":"E0603 14:43:19.722853   27004 load.go:23] Could not load config from \"c:\\\\Users\\\\MTG\\\\Desktop\\\\v0.9.1\\\\dataconnect\": could not find dataconnect.yaml in `c:\\Users\\MTG\\Desktop\\v0.9.1\\dataconnect`\n"}}
[debug] [2025-06-03T11:43:29.726Z] E0603 14:43:29.726048   27004 load.go:23] Could not load config from "c:\\Users\\MTG\\Desktop\\v0.9.1\\dataconnect": could not find dataconnect.yaml in `c:\Users\MTG\Desktop\v0.9.1\dataconnect`
 {"metadata":{"emulator":{"name":"dataconnect"},"message":"E0603 14:43:29.726048   27004 load.go:23] Could not load config from \"c:\\\\Users\\\\MTG\\\\Desktop\\\\v0.9.1\\\\dataconnect\": could not find dataconnect.yaml in `c:\\Users\\MTG\\Desktop\\v0.9.1\\dataconnect`\n"}}
[debug] [2025-06-03T11:43:39.727Z] E0603 14:43:39.726454   27004 load.go:23] Could not load config from "c:\\Users\\MTG\\Desktop\\v0.9.1\\dataconnect": could not find dataconnect.yaml in `c:\Users\MTG\Desktop\v0.9.1\dataconnect`
 {"metadata":{"emulator":{"name":"dataconnect"},"message":"E0603 14:43:39.726454   27004 load.go:23] Could not load config from \"c:\\\\Users\\\\MTG\\\\Desktop\\\\v0.9.1\\\\dataconnect\": could not find dataconnect.yaml in `c:\\Users\\MTG\\Desktop\\v0.9.1\\dataconnect`\n"}}
[debug] [2025-06-03T11:43:49.722Z] E0603 14:43:49.721928   27004 load.go:23] Could not load config from "c:\\Users\\MTG\\Desktop\\v0.9.1\\dataconnect": could not find dataconnect.yaml in `c:\Users\MTG\Desktop\v0.9.1\dataconnect`
 {"metadata":{"emulator":{"name":"dataconnect"},"message":"E0603 14:43:49.721928   27004 load.go:23] Could not load config from \"c:\\\\Users\\\\MTG\\\\Desktop\\\\v0.9.1\\\\dataconnect\": could not find dataconnect.yaml in `c:\\Users\\MTG\\Desktop\\v0.9.1\\dataconnect`\n"}}
[debug] [2025-06-03T11:43:59.728Z] E0603 14:43:59.727897   27004 load.go:23] Could not load config from "c:\\Users\\MTG\\Desktop\\v0.9.1\\dataconnect": could not find dataconnect.yaml in `c:\Users\MTG\Desktop\v0.9.1\dataconnect`
 {"metadata":{"emulator":{"name":"dataconnect"},"message":"E0603 14:43:59.727897   27004 load.go:23] Could not load config from \"c:\\\\Users\\\\MTG\\\\Desktop\\\\v0.9.1\\\\dataconnect\": could not find dataconnect.yaml in `c:\\Users\\MTG\\Desktop\\v0.9.1\\dataconnect`\n"}}
[debug] [2025-06-03T11:44:09.724Z] E0603 14:44:09.724057   27004 load.go:23] Could not load config from "c:\\Users\\MTG\\Desktop\\v0.9.1\\dataconnect": could not find dataconnect.yaml in `c:\Users\MTG\Desktop\v0.9.1\dataconnect`
 {"metadata":{"emulator":{"name":"dataconnect"},"message":"E0603 14:44:09.724057   27004 load.go:23] Could not load config from \"c:\\\\Users\\\\MTG\\\\Desktop\\\\v0.9.1\\\\dataconnect\": could not find dataconnect.yaml in `c:\\Users\\MTG\\Desktop\\v0.9.1\\dataconnect`\n"}}
[debug] [2025-06-03T11:44:19.718Z] E0603 14:44:19.717891   27004 load.go:23] Could not load config from "c:\\Users\\MTG\\Desktop\\v0.9.1\\dataconnect": could not find dataconnect.yaml in `c:\Users\MTG\Desktop\v0.9.1\dataconnect`
 {"metadata":{"emulator":{"name":"dataconnect"},"message":"E0603 14:44:19.717891   27004 load.go:23] Could not load config from \"c:\\\\Users\\\\MTG\\\\Desktop\\\\v0.9.1\\\\dataconnect\": could not find dataconnect.yaml in `c:\\Users\\MTG\\Desktop\\v0.9.1\\dataconnect`\n"}}
[debug] [2025-06-03T11:44:29.721Z] E0603 14:44:29.720774   27004 load.go:23] Could not load config from "c:\\Users\\MTG\\Desktop\\v0.9.1\\dataconnect": could not find dataconnect.yaml in `c:\Users\MTG\Desktop\v0.9.1\dataconnect`
 {"metadata":{"emulator":{"name":"dataconnect"},"message":"E0603 14:44:29.720774   27004 load.go:23] Could not load config from \"c:\\\\Users\\\\MTG\\\\Desktop\\\\v0.9.1\\\\dataconnect\": could not find dataconnect.yaml in `c:\\Users\\MTG\\Desktop\\v0.9.1\\dataconnect`\n"}}
[debug] [2025-06-03T11:44:39.722Z] E0603 14:44:39.722451   27004 load.go:23] Could not load config from "c:\\Users\\MTG\\Desktop\\v0.9.1\\dataconnect": could not find dataconnect.yaml in `c:\Users\MTG\Desktop\v0.9.1\dataconnect`
 {"metadata":{"emulator":{"name":"dataconnect"},"message":"E0603 14:44:39.722451   27004 load.go:23] Could not load config from \"c:\\\\Users\\\\MTG\\\\Desktop\\\\v0.9.1\\\\dataconnect\": could not find dataconnect.yaml in `c:\\Users\\MTG\\Desktop\\v0.9.1\\dataconnect`\n"}}
[debug] [2025-06-03T11:44:39.723Z] E0603 14:44:39.722451   27004 watch.go:76] watchAllDir unable to walk dir `c:\Users\MTG\Desktop\v0.9.1\dataconnect`: on path "c:\\Users\\MTG\\Desktop\\v0.9.1\\dataconnect" (DirEntry: <nil>): CreateFile c:\Users\MTG\Desktop\v0.9.1\dataconnect: The system cannot find the file specified.
 {"metadata":{"emulator":{"name":"dataconnect"},"message":"E0603 14:44:39.722451   27004 watch.go:76] watchAllDir unable to walk dir `c:\\Users\\MTG\\Desktop\\v0.9.1\\dataconnect`: on path \"c:\\\\Users\\\\MTG\\\\Desktop\\\\v0.9.1\\\\dataconnect\" (DirEntry: <nil>): CreateFile c:\\Users\\MTG\\Desktop\\v0.9.1\\dataconnect: The system cannot find the file specified.\n"}}
[debug] [2025-06-03T11:44:49.722Z] E0603 14:44:49.721876   27004 load.go:23] Could not load config from "c:\\Users\\MTG\\Desktop\\v0.9.1\\dataconnect": could not find dataconnect.yaml in `c:\Users\MTG\Desktop\v0.9.1\dataconnect`
 {"metadata":{"emulator":{"name":"dataconnect"},"message":"E0603 14:44:49.721876   27004 load.go:23] Could not load config from \"c:\\\\Users\\\\MTG\\\\Desktop\\\\v0.9.1\\\\dataconnect\": could not find dataconnect.yaml in `c:\\Users\\MTG\\Desktop\\v0.9.1\\dataconnect`\n"}}
[debug] [2025-06-03T11:44:59.729Z] E0603 14:44:59.729304   27004 load.go:23] Could not load config from "c:\\Users\\MTG\\Desktop\\v0.9.1\\dataconnect": could not find dataconnect.yaml in `c:\Users\MTG\Desktop\v0.9.1\dataconnect`
 {"metadata":{"emulator":{"name":"dataconnect"},"message":"E0603 14:44:59.729304   27004 load.go:23] Could not load config from \"c:\\\\Users\\\\MTG\\\\Desktop\\\\v0.9.1\\\\dataconnect\": could not find dataconnect.yaml in `c:\\Users\\MTG\\Desktop\\v0.9.1\\dataconnect`\n"}}
[debug] [2025-06-03T11:45:09.716Z] E0603 14:45:09.716278   27004 load.go:23] Could not load config from "c:\\Users\\MTG\\Desktop\\v0.9.1\\dataconnect": could not find dataconnect.yaml in `c:\Users\MTG\Desktop\v0.9.1\dataconnect`
 {"metadata":{"emulator":{"name":"dataconnect"},"message":"E0603 14:45:09.716278   27004 load.go:23] Could not load config from \"c:\\\\Users\\\\MTG\\\\Desktop\\\\v0.9.1\\\\dataconnect\": could not find dataconnect.yaml in `c:\\Users\\MTG\\Desktop\\v0.9.1\\dataconnect`\n"}}
[debug] [2025-06-03T11:45:19.728Z] E0603 14:45:19.728231   27004 load.go:23] Could not load config from "c:\\Users\\MTG\\Desktop\\v0.9.1\\dataconnect": could not find dataconnect.yaml in `c:\Users\MTG\Desktop\v0.9.1\dataconnect`
 {"metadata":{"emulator":{"name":"dataconnect"},"message":"E0603 14:45:19.728231   27004 load.go:23] Could not load config from \"c:\\\\Users\\\\MTG\\\\Desktop\\\\v0.9.1\\\\dataconnect\": could not find dataconnect.yaml in `c:\\Users\\MTG\\Desktop\\v0.9.1\\dataconnect`\n"}}
[debug] [2025-06-03T11:45:29.725Z] E0603 14:45:29.725047   27004 load.go:23] Could not load config from "c:\\Users\\MTG\\Desktop\\v0.9.1\\dataconnect": could not find dataconnect.yaml in `c:\Users\MTG\Desktop\v0.9.1\dataconnect`
 {"metadata":{"emulator":{"name":"dataconnect"},"message":"E0603 14:45:29.725047   27004 load.go:23] Could not load config from \"c:\\\\Users\\\\MTG\\\\Desktop\\\\v0.9.1\\\\dataconnect\": could not find dataconnect.yaml in `c:\\Users\\MTG\\Desktop\\v0.9.1\\dataconnect`\n"}}
[debug] [2025-06-03T11:45:39.728Z] E0603 14:45:39.728549   27004 load.go:23] Could not load config from "c:\\Users\\MTG\\Desktop\\v0.9.1\\dataconnect": could not find dataconnect.yaml in `c:\Users\MTG\Desktop\v0.9.1\dataconnect`
 {"metadata":{"emulator":{"name":"dataconnect"},"message":"E0603 14:45:39.728549   27004 load.go:23] Could not load config from \"c:\\\\Users\\\\MTG\\\\Desktop\\\\v0.9.1\\\\dataconnect\": could not find dataconnect.yaml in `c:\\Users\\MTG\\Desktop\\v0.9.1\\dataconnect`\n"}}
[debug] [2025-06-03T11:45:49.719Z] E0603 14:45:49.719006   27004 load.go:23] Could not load config from "c:\\Users\\MTG\\Desktop\\v0.9.1\\dataconnect": could not find dataconnect.yaml in `c:\Users\MTG\Desktop\v0.9.1\dataconnect`
 {"metadata":{"emulator":{"name":"dataconnect"},"message":"E0603 14:45:49.719006   27004 load.go:23] Could not load config from \"c:\\\\Users\\\\MTG\\\\Desktop\\\\v0.9.1\\\\dataconnect\": could not find dataconnect.yaml in `c:\\Users\\MTG\\Desktop\\v0.9.1\\dataconnect`\n"}}
[debug] [2025-06-03T11:45:59.718Z] E0603 14:45:59.718552   27004 load.go:23] Could not load config from "c:\\Users\\MTG\\Desktop\\v0.9.1\\dataconnect": could not find dataconnect.yaml in `c:\Users\MTG\Desktop\v0.9.1\dataconnect`
 {"metadata":{"emulator":{"name":"dataconnect"},"message":"E0603 14:45:59.718552   27004 load.go:23] Could not load config from \"c:\\\\Users\\\\MTG\\\\Desktop\\\\v0.9.1\\\\dataconnect\": could not find dataconnect.yaml in `c:\\Users\\MTG\\Desktop\\v0.9.1\\dataconnect`\n"}}
[debug] [2025-06-03T11:46:09.730Z] E0603 14:46:09.730085   27004 load.go:23] Could not load config from "c:\\Users\\MTG\\Desktop\\v0.9.1\\dataconnect": could not find dataconnect.yaml in `c:\Users\MTG\Desktop\v0.9.1\dataconnect`
 {"metadata":{"emulator":{"name":"dataconnect"},"message":"E0603 14:46:09.730085   27004 load.go:23] Could not load config from \"c:\\\\Users\\\\MTG\\\\Desktop\\\\v0.9.1\\\\dataconnect\": could not find dataconnect.yaml in `c:\\Users\\MTG\\Desktop\\v0.9.1\\dataconnect`\n"}}
[debug] [2025-06-03T11:46:19.720Z] E0603 14:46:19.720021   27004 load.go:23] Could not load config from "c:\\Users\\MTG\\Desktop\\v0.9.1\\dataconnect": could not find dataconnect.yaml in `c:\Users\MTG\Desktop\v0.9.1\dataconnect`
 {"metadata":{"emulator":{"name":"dataconnect"},"message":"E0603 14:46:19.720021   27004 load.go:23] Could not load config from \"c:\\\\Users\\\\MTG\\\\Desktop\\\\v0.9.1\\\\dataconnect\": could not find dataconnect.yaml in `c:\\Users\\MTG\\Desktop\\v0.9.1\\dataconnect`\n"}}
[debug] [2025-06-03T11:46:29.719Z] E0603 14:46:29.719033   27004 load.go:23] Could not load config from "c:\\Users\\MTG\\Desktop\\v0.9.1\\dataconnect": could not find dataconnect.yaml in `c:\Users\MTG\Desktop\v0.9.1\dataconnect`
 {"metadata":{"emulator":{"name":"dataconnect"},"message":"E0603 14:46:29.719033   27004 load.go:23] Could not load config from \"c:\\\\Users\\\\MTG\\\\Desktop\\\\v0.9.1\\\\dataconnect\": could not find dataconnect.yaml in `c:\\Users\\MTG\\Desktop\\v0.9.1\\dataconnect`\n"}}
[debug] [2025-06-03T11:46:39.729Z] E0603 14:46:39.729336   27004 load.go:23] Could not load config from "c:\\Users\\MTG\\Desktop\\v0.9.1\\dataconnect": could not find dataconnect.yaml in `c:\Users\MTG\Desktop\v0.9.1\dataconnect`
 {"metadata":{"emulator":{"name":"dataconnect"},"message":"E0603 14:46:39.729336   27004 load.go:23] Could not load config from \"c:\\\\Users\\\\MTG\\\\Desktop\\\\v0.9.1\\\\dataconnect\": could not find dataconnect.yaml in `c:\\Users\\MTG\\Desktop\\v0.9.1\\dataconnect`\n"}}
[debug] [2025-06-03T11:46:39.730Z] E0603 14:46:39.729839   27004 watch.go:76] watchAllDir unable to walk dir `c:\Users\MTG\Desktop\v0.9.1\dataconnect`: on path "c:\\Users\\MTG\\Desktop\\v0.9.1\\dataconnect" (DirEntry: <nil>): CreateFile c:\Users\MTG\Desktop\v0.9.1\dataconnect: The system cannot find the file specified.
 {"metadata":{"emulator":{"name":"dataconnect"},"message":"E0603 14:46:39.729839   27004 watch.go:76] watchAllDir unable to walk dir `c:\\Users\\MTG\\Desktop\\v0.9.1\\dataconnect`: on path \"c:\\\\Users\\\\MTG\\\\Desktop\\\\v0.9.1\\\\dataconnect\" (DirEntry: <nil>): CreateFile c:\\Users\\MTG\\Desktop\\v0.9.1\\dataconnect: The system cannot find the file specified.\n"}}
[debug] [2025-06-03T11:46:49.722Z] E0603 14:46:49.722520   27004 load.go:23] Could not load config from "c:\\Users\\MTG\\Desktop\\v0.9.1\\dataconnect": could not find dataconnect.yaml in `c:\Users\MTG\Desktop\v0.9.1\dataconnect`
 {"metadata":{"emulator":{"name":"dataconnect"},"message":"E0603 14:46:49.722520   27004 load.go:23] Could not load config from \"c:\\\\Users\\\\MTG\\\\Desktop\\\\v0.9.1\\\\dataconnect\": could not find dataconnect.yaml in `c:\\Users\\MTG\\Desktop\\v0.9.1\\dataconnect`\n"}}
[debug] [2025-06-03T11:46:59.727Z] E0603 14:46:59.726501   27004 load.go:23] Could not load config from "c:\\Users\\MTG\\Desktop\\v0.9.1\\dataconnect": could not find dataconnect.yaml in `c:\Users\MTG\Desktop\v0.9.1\dataconnect`
 {"metadata":{"emulator":{"name":"dataconnect"},"message":"E0603 14:46:59.726501   27004 load.go:23] Could not load config from \"c:\\\\Users\\\\MTG\\\\Desktop\\\\v0.9.1\\\\dataconnect\": could not find dataconnect.yaml in `c:\\Users\\MTG\\Desktop\\v0.9.1\\dataconnect`\n"}}
[debug] [2025-06-03T11:47:09.716Z] E0603 14:47:09.716882   27004 load.go:23] Could not load config from "c:\\Users\\MTG\\Desktop\\v0.9.1\\dataconnect": could not find dataconnect.yaml in `c:\Users\MTG\Desktop\v0.9.1\dataconnect`
 {"metadata":{"emulator":{"name":"dataconnect"},"message":"E0603 14:47:09.716882   27004 load.go:23] Could not load config from \"c:\\\\Users\\\\MTG\\\\Desktop\\\\v0.9.1\\\\dataconnect\": could not find dataconnect.yaml in `c:\\Users\\MTG\\Desktop\\v0.9.1\\dataconnect`\n"}}
[debug] [2025-06-03T11:47:19.731Z] E0603 14:47:19.730978   27004 load.go:23] Could not load config from "c:\\Users\\MTG\\Desktop\\v0.9.1\\dataconnect": could not find dataconnect.yaml in `c:\Users\MTG\Desktop\v0.9.1\dataconnect`
 {"metadata":{"emulator":{"name":"dataconnect"},"message":"E0603 14:47:19.730978   27004 load.go:23] Could not load config from \"c:\\\\Users\\\\MTG\\\\Desktop\\\\v0.9.1\\\\dataconnect\": could not find dataconnect.yaml in `c:\\Users\\MTG\\Desktop\\v0.9.1\\dataconnect`\n"}}
[debug] [2025-06-03T11:47:29.717Z] E0603 14:47:29.717589   27004 load.go:23] Could not load config from "c:\\Users\\MTG\\Desktop\\v0.9.1\\dataconnect": could not find dataconnect.yaml in `c:\Users\MTG\Desktop\v0.9.1\dataconnect`
 {"metadata":{"emulator":{"name":"dataconnect"},"message":"E0603 14:47:29.717589   27004 load.go:23] Could not load config from \"c:\\\\Users\\\\MTG\\\\Desktop\\\\v0.9.1\\\\dataconnect\": could not find dataconnect.yaml in `c:\\Users\\MTG\\Desktop\\v0.9.1\\dataconnect`\n"}}
[debug] [2025-06-03T11:47:39.719Z] E0603 14:47:39.719312   27004 load.go:23] Could not load config from "c:\\Users\\MTG\\Desktop\\v0.9.1\\dataconnect": could not find dataconnect.yaml in `c:\Users\MTG\Desktop\v0.9.1\dataconnect`
 {"metadata":{"emulator":{"name":"dataconnect"},"message":"E0603 14:47:39.719312   27004 load.go:23] Could not load config from \"c:\\\\Users\\\\MTG\\\\Desktop\\\\v0.9.1\\\\dataconnect\": could not find dataconnect.yaml in `c:\\Users\\MTG\\Desktop\\v0.9.1\\dataconnect`\n"}}
[debug] [2025-06-03T11:47:49.729Z] E0603 14:47:49.729223   27004 load.go:23] Could not load config from "c:\\Users\\MTG\\Desktop\\v0.9.1\\dataconnect": could not find dataconnect.yaml in `c:\Users\MTG\Desktop\v0.9.1\dataconnect`
 {"metadata":{"emulator":{"name":"dataconnect"},"message":"E0603 14:47:49.729223   27004 load.go:23] Could not load config from \"c:\\\\Users\\\\MTG\\\\Desktop\\\\v0.9.1\\\\dataconnect\": could not find dataconnect.yaml in `c:\\Users\\MTG\\Desktop\\v0.9.1\\dataconnect`\n"}}
[debug] [2025-06-03T11:47:59.718Z] E0603 14:47:59.718532   27004 load.go:23] Could not load config from "c:\\Users\\MTG\\Desktop\\v0.9.1\\dataconnect": could not find dataconnect.yaml in `c:\Users\MTG\Desktop\v0.9.1\dataconnect`
 {"metadata":{"emulator":{"name":"dataconnect"},"message":"E0603 14:47:59.718532   27004 load.go:23] Could not load config from \"c:\\\\Users\\\\MTG\\\\Desktop\\\\v0.9.1\\\\dataconnect\": could not find dataconnect.yaml in `c:\\Users\\MTG\\Desktop\\v0.9.1\\dataconnect`\n"}}
[debug] [2025-06-03T11:48:09.723Z] E0603 14:48:09.723254   27004 load.go:23] Could not load config from "c:\\Users\\MTG\\Desktop\\v0.9.1\\dataconnect": could not find dataconnect.yaml in `c:\Users\MTG\Desktop\v0.9.1\dataconnect`
 {"metadata":{"emulator":{"name":"dataconnect"},"message":"E0603 14:48:09.723254   27004 load.go:23] Could not load config from \"c:\\\\Users\\\\MTG\\\\Desktop\\\\v0.9.1\\\\dataconnect\": could not find dataconnect.yaml in `c:\\Users\\MTG\\Desktop\\v0.9.1\\dataconnect`\n"}}
[debug] [2025-06-03T11:48:19.732Z] E0603 14:48:19.731969   27004 load.go:23] Could not load config from "c:\\Users\\MTG\\Desktop\\v0.9.1\\dataconnect": could not find dataconnect.yaml in `c:\Users\MTG\Desktop\v0.9.1\dataconnect`
 {"metadata":{"emulator":{"name":"dataconnect"},"message":"E0603 14:48:19.731969   27004 load.go:23] Could not load config from \"c:\\\\Users\\\\MTG\\\\Desktop\\\\v0.9.1\\\\dataconnect\": could not find dataconnect.yaml in `c:\\Users\\MTG\\Desktop\\v0.9.1\\dataconnect`\n"}}
[debug] [2025-06-03T11:48:29.728Z] E0603 14:48:29.727805   27004 load.go:23] Could not load config from "c:\\Users\\MTG\\Desktop\\v0.9.1\\dataconnect": could not find dataconnect.yaml in `c:\Users\MTG\Desktop\v0.9.1\dataconnect`
 {"metadata":{"emulator":{"name":"dataconnect"},"message":"E0603 14:48:29.727805   27004 load.go:23] Could not load config from \"c:\\\\Users\\\\MTG\\\\Desktop\\\\v0.9.1\\\\dataconnect\": could not find dataconnect.yaml in `c:\\Users\\MTG\\Desktop\\v0.9.1\\dataconnect`\n"}}
[debug] [2025-06-03T11:48:39.727Z] E0603 14:48:39.727100   27004 load.go:23] Could not load config from "c:\\Users\\MTG\\Desktop\\v0.9.1\\dataconnect": could not find dataconnect.yaml in `c:\Users\MTG\Desktop\v0.9.1\dataconnect`
 {"metadata":{"emulator":{"name":"dataconnect"},"message":"E0603 14:48:39.727100   27004 load.go:23] Could not load config from \"c:\\\\Users\\\\MTG\\\\Desktop\\\\v0.9.1\\\\dataconnect\": could not find dataconnect.yaml in `c:\\Users\\MTG\\Desktop\\v0.9.1\\dataconnect`\n"}}
[debug] [2025-06-03T11:48:39.727Z] E0603 14:48:39.727603   27004 watch.go:76] watchAllDir unable to walk dir `c:\Users\MTG\Desktop\v0.9.1\dataconnect`: on path "c:\\Users\\MTG\\Desktop\\v0.9.1\\dataconnect" (DirEntry: <nil>): CreateFile c:\Users\MTG\Desktop\v0.9.1\dataconnect: The system cannot find the file specified.
 {"metadata":{"emulator":{"name":"dataconnect"},"message":"E0603 14:48:39.727603   27004 watch.go:76] watchAllDir unable to walk dir `c:\\Users\\MTG\\Desktop\\v0.9.1\\dataconnect`: on path \"c:\\\\Users\\\\MTG\\\\Desktop\\\\v0.9.1\\\\dataconnect\" (DirEntry: <nil>): CreateFile c:\\Users\\MTG\\Desktop\\v0.9.1\\dataconnect: The system cannot find the file specified.\n"}}
[debug] [2025-06-03T11:48:49.722Z] E0603 14:48:49.722205   27004 load.go:23] Could not load config from "c:\\Users\\MTG\\Desktop\\v0.9.1\\dataconnect": could not find dataconnect.yaml in `c:\Users\MTG\Desktop\v0.9.1\dataconnect`
 {"metadata":{"emulator":{"name":"dataconnect"},"message":"E0603 14:48:49.722205   27004 load.go:23] Could not load config from \"c:\\\\Users\\\\MTG\\\\Desktop\\\\v0.9.1\\\\dataconnect\": could not find dataconnect.yaml in `c:\\Users\\MTG\\Desktop\\v0.9.1\\dataconnect`\n"}}
[debug] [2025-06-03T11:48:59.723Z] E0603 14:48:59.723180   27004 load.go:23] Could not load config from "c:\\Users\\MTG\\Desktop\\v0.9.1\\dataconnect": could not find dataconnect.yaml in `c:\Users\MTG\Desktop\v0.9.1\dataconnect`
 {"metadata":{"emulator":{"name":"dataconnect"},"message":"E0603 14:48:59.723180   27004 load.go:23] Could not load config from \"c:\\\\Users\\\\MTG\\\\Desktop\\\\v0.9.1\\\\dataconnect\": could not find dataconnect.yaml in `c:\\Users\\MTG\\Desktop\\v0.9.1\\dataconnect`\n"}}
[debug] [2025-06-03T11:49:09.719Z] E0603 14:49:09.719786   27004 load.go:23] Could not load config from "c:\\Users\\MTG\\Desktop\\v0.9.1\\dataconnect": could not find dataconnect.yaml in `c:\Users\MTG\Desktop\v0.9.1\dataconnect`
 {"metadata":{"emulator":{"name":"dataconnect"},"message":"E0603 14:49:09.719786   27004 load.go:23] Could not load config from \"c:\\\\Users\\\\MTG\\\\Desktop\\\\v0.9.1\\\\dataconnect\": could not find dataconnect.yaml in `c:\\Users\\MTG\\Desktop\\v0.9.1\\dataconnect`\n"}}
[debug] [2025-06-03T11:49:19.717Z] E0603 14:49:19.718137   27004 load.go:23] Could not load config from "c:\\Users\\MTG\\Desktop\\v0.9.1\\dataconnect": could not find dataconnect.yaml in `c:\Users\MTG\Desktop\v0.9.1\dataconnect`
 {"metadata":{"emulator":{"name":"dataconnect"},"message":"E0603 14:49:19.718137   27004 load.go:23] Could not load config from \"c:\\\\Users\\\\MTG\\\\Desktop\\\\v0.9.1\\\\dataconnect\": could not find dataconnect.yaml in `c:\\Users\\MTG\\Desktop\\v0.9.1\\dataconnect`\n"}}
[debug] [2025-06-03T11:49:29.718Z] E0603 14:49:29.718833   27004 load.go:23] Could not load config from "c:\\Users\\MTG\\Desktop\\v0.9.1\\dataconnect": could not find dataconnect.yaml in `c:\Users\MTG\Desktop\v0.9.1\dataconnect`
 {"metadata":{"emulator":{"name":"dataconnect"},"message":"E0603 14:49:29.718833   27004 load.go:23] Could not load config from \"c:\\\\Users\\\\MTG\\\\Desktop\\\\v0.9.1\\\\dataconnect\": could not find dataconnect.yaml in `c:\\Users\\MTG\\Desktop\\v0.9.1\\dataconnect`\n"}}
[debug] [2025-06-03T11:49:39.731Z] E0603 14:49:39.731493   27004 load.go:23] Could not load config from "c:\\Users\\MTG\\Desktop\\v0.9.1\\dataconnect": could not find dataconnect.yaml in `c:\Users\MTG\Desktop\v0.9.1\dataconnect`
 {"metadata":{"emulator":{"name":"dataconnect"},"message":"E0603 14:49:39.731493   27004 load.go:23] Could not load config from \"c:\\\\Users\\\\MTG\\\\Desktop\\\\v0.9.1\\\\dataconnect\": could not find dataconnect.yaml in `c:\\Users\\MTG\\Desktop\\v0.9.1\\dataconnect`\n"}}
[debug] [2025-06-03T11:49:49.729Z] E0603 14:49:49.729168   27004 load.go:23] Could not load config from "c:\\Users\\MTG\\Desktop\\v0.9.1\\dataconnect": could not find dataconnect.yaml in `c:\Users\MTG\Desktop\v0.9.1\dataconnect`
 {"metadata":{"emulator":{"name":"dataconnect"},"message":"E0603 14:49:49.729168   27004 load.go:23] Could not load config from \"c:\\\\Users\\\\MTG\\\\Desktop\\\\v0.9.1\\\\dataconnect\": could not find dataconnect.yaml in `c:\\Users\\MTG\\Desktop\\v0.9.1\\dataconnect`\n"}}
[debug] [2025-06-03T11:49:59.731Z] E0603 14:49:59.731336   27004 load.go:23] Could not load config from "c:\\Users\\MTG\\Desktop\\v0.9.1\\dataconnect": could not find dataconnect.yaml in `c:\Users\MTG\Desktop\v0.9.1\dataconnect`
 {"metadata":{"emulator":{"name":"dataconnect"},"message":"E0603 14:49:59.731336   27004 load.go:23] Could not load config from \"c:\\\\Users\\\\MTG\\\\Desktop\\\\v0.9.1\\\\dataconnect\": could not find dataconnect.yaml in `c:\\Users\\MTG\\Desktop\\v0.9.1\\dataconnect`\n"}}
[debug] [2025-06-03T11:50:09.731Z] E0603 14:50:09.731362   27004 load.go:23] Could not load config from "c:\\Users\\MTG\\Desktop\\v0.9.1\\dataconnect": could not find dataconnect.yaml in `c:\Users\MTG\Desktop\v0.9.1\dataconnect`
 {"metadata":{"emulator":{"name":"dataconnect"},"message":"E0603 14:50:09.731362   27004 load.go:23] Could not load config from \"c:\\\\Users\\\\MTG\\\\Desktop\\\\v0.9.1\\\\dataconnect\": could not find dataconnect.yaml in `c:\\Users\\MTG\\Desktop\\v0.9.1\\dataconnect`\n"}}
[debug] [2025-06-03T11:50:19.731Z] E0603 14:50:19.731546   27004 load.go:23] Could not load config from "c:\\Users\\MTG\\Desktop\\v0.9.1\\dataconnect": could not find dataconnect.yaml in `c:\Users\MTG\Desktop\v0.9.1\dataconnect`
 {"metadata":{"emulator":{"name":"dataconnect"},"message":"E0603 14:50:19.731546   27004 load.go:23] Could not load config from \"c:\\\\Users\\\\MTG\\\\Desktop\\\\v0.9.1\\\\dataconnect\": could not find dataconnect.yaml in `c:\\Users\\MTG\\Desktop\\v0.9.1\\dataconnect`\n"}}
[debug] [2025-06-03T11:50:29.718Z] E0603 14:50:29.717984   27004 load.go:23] Could not load config from "c:\\Users\\MTG\\Desktop\\v0.9.1\\dataconnect": could not find dataconnect.yaml in `c:\Users\MTG\Desktop\v0.9.1\dataconnect`
 {"metadata":{"emulator":{"name":"dataconnect"},"message":"E0603 14:50:29.717984   27004 load.go:23] Could not load config from \"c:\\\\Users\\\\MTG\\\\Desktop\\\\v0.9.1\\\\dataconnect\": could not find dataconnect.yaml in `c:\\Users\\MTG\\Desktop\\v0.9.1\\dataconnect`\n"}}
[debug] [2025-06-03T11:50:39.723Z] E0603 14:50:39.722991   27004 load.go:23] Could not load config from "c:\\Users\\MTG\\Desktop\\v0.9.1\\dataconnect": could not find dataconnect.yaml in `c:\Users\MTG\Desktop\v0.9.1\dataconnect`
 {"metadata":{"emulator":{"name":"dataconnect"},"message":"E0603 14:50:39.722991   27004 load.go:23] Could not load config from \"c:\\\\Users\\\\MTG\\\\Desktop\\\\v0.9.1\\\\dataconnect\": could not find dataconnect.yaml in `c:\\Users\\MTG\\Desktop\\v0.9.1\\dataconnect`\n"}}
[debug] [2025-06-03T11:50:39.723Z] E0603 14:50:39.723975   27004 watch.go:76] watchAllDir unable to walk dir `c:\Users\MTG\Desktop\v0.9.1\dataconnect`: on path "c:\\Users\\MTG\\Desktop\\v0.9.1\\dataconnect" (DirEntry: <nil>): CreateFile c:\Users\MTG\Desktop\v0.9.1\dataconnect: The system cannot find the file specified.
 {"metadata":{"emulator":{"name":"dataconnect"},"message":"E0603 14:50:39.723975   27004 watch.go:76] watchAllDir unable to walk dir `c:\\Users\\MTG\\Desktop\\v0.9.1\\dataconnect`: on path \"c:\\\\Users\\\\MTG\\\\Desktop\\\\v0.9.1\\\\dataconnect\" (DirEntry: <nil>): CreateFile c:\\Users\\MTG\\Desktop\\v0.9.1\\dataconnect: The system cannot find the file specified.\n"}}
[debug] [2025-06-03T11:50:49.727Z] E0603 14:50:49.727667   27004 load.go:23] Could not load config from "c:\\Users\\MTG\\Desktop\\v0.9.1\\dataconnect": could not find dataconnect.yaml in `c:\Users\MTG\Desktop\v0.9.1\dataconnect`
 {"metadata":{"emulator":{"name":"dataconnect"},"message":"E0603 14:50:49.727667   27004 load.go:23] Could not load config from \"c:\\\\Users\\\\MTG\\\\Desktop\\\\v0.9.1\\\\dataconnect\": could not find dataconnect.yaml in `c:\\Users\\MTG\\Desktop\\v0.9.1\\dataconnect`\n"}}
[debug] [2025-06-03T11:50:59.718Z] E0603 14:50:59.718657   27004 load.go:23] Could not load config from "c:\\Users\\MTG\\Desktop\\v0.9.1\\dataconnect": could not find dataconnect.yaml in `c:\Users\MTG\Desktop\v0.9.1\dataconnect`
 {"metadata":{"emulator":{"name":"dataconnect"},"message":"E0603 14:50:59.718657   27004 load.go:23] Could not load config from \"c:\\\\Users\\\\MTG\\\\Desktop\\\\v0.9.1\\\\dataconnect\": could not find dataconnect.yaml in `c:\\Users\\MTG\\Desktop\\v0.9.1\\dataconnect`\n"}}
[debug] [2025-06-03T11:51:09.719Z] E0603 14:51:09.719202   27004 load.go:23] Could not load config from "c:\\Users\\MTG\\Desktop\\v0.9.1\\dataconnect": could not find dataconnect.yaml in `c:\Users\MTG\Desktop\v0.9.1\dataconnect`
 {"metadata":{"emulator":{"name":"dataconnect"},"message":"E0603 14:51:09.719202   27004 load.go:23] Could not load config from \"c:\\\\Users\\\\MTG\\\\Desktop\\\\v0.9.1\\\\dataconnect\": could not find dataconnect.yaml in `c:\\Users\\MTG\\Desktop\\v0.9.1\\dataconnect`\n"}}
[debug] [2025-06-03T11:51:19.717Z] E0603 14:51:19.717039   27004 load.go:23] Could not load config from "c:\\Users\\MTG\\Desktop\\v0.9.1\\dataconnect": could not find dataconnect.yaml in `c:\Users\MTG\Desktop\v0.9.1\dataconnect`
 {"metadata":{"emulator":{"name":"dataconnect"},"message":"E0603 14:51:19.717039   27004 load.go:23] Could not load config from \"c:\\\\Users\\\\MTG\\\\Desktop\\\\v0.9.1\\\\dataconnect\": could not find dataconnect.yaml in `c:\\Users\\MTG\\Desktop\\v0.9.1\\dataconnect`\n"}}
[debug] [2025-06-03T11:51:29.725Z] E0603 14:51:29.724977   27004 load.go:23] Could not load config from "c:\\Users\\MTG\\Desktop\\v0.9.1\\dataconnect": could not find dataconnect.yaml in `c:\Users\MTG\Desktop\v0.9.1\dataconnect`
 {"metadata":{"emulator":{"name":"dataconnect"},"message":"E0603 14:51:29.724977   27004 load.go:23] Could not load config from \"c:\\\\Users\\\\MTG\\\\Desktop\\\\v0.9.1\\\\dataconnect\": could not find dataconnect.yaml in `c:\\Users\\MTG\\Desktop\\v0.9.1\\dataconnect`\n"}}
[debug] [2025-06-03T11:51:39.731Z] E0603 14:51:39.731099   27004 load.go:23] Could not load config from "c:\\Users\\MTG\\Desktop\\v0.9.1\\dataconnect": could not find dataconnect.yaml in `c:\Users\MTG\Desktop\v0.9.1\dataconnect`
 {"metadata":{"emulator":{"name":"dataconnect"},"message":"E0603 14:51:39.731099   27004 load.go:23] Could not load config from \"c:\\\\Users\\\\MTG\\\\Desktop\\\\v0.9.1\\\\dataconnect\": could not find dataconnect.yaml in `c:\\Users\\MTG\\Desktop\\v0.9.1\\dataconnect`\n"}}
[debug] [2025-06-03T11:51:49.731Z] E0603 14:51:49.730961   27004 load.go:23] Could not load config from "c:\\Users\\MTG\\Desktop\\v0.9.1\\dataconnect": could not find dataconnect.yaml in `c:\Users\MTG\Desktop\v0.9.1\dataconnect`
 {"metadata":{"emulator":{"name":"dataconnect"},"message":"E0603 14:51:49.730961   27004 load.go:23] Could not load config from \"c:\\\\Users\\\\MTG\\\\Desktop\\\\v0.9.1\\\\dataconnect\": could not find dataconnect.yaml in `c:\\Users\\MTG\\Desktop\\v0.9.1\\dataconnect`\n"}}
[debug] [2025-06-03T11:51:59.726Z] E0603 14:51:59.726814   27004 load.go:23] Could not load config from "c:\\Users\\MTG\\Desktop\\v0.9.1\\dataconnect": could not find dataconnect.yaml in `c:\Users\MTG\Desktop\v0.9.1\dataconnect`
 {"metadata":{"emulator":{"name":"dataconnect"},"message":"E0603 14:51:59.726814   27004 load.go:23] Could not load config from \"c:\\\\Users\\\\MTG\\\\Desktop\\\\v0.9.1\\\\dataconnect\": could not find dataconnect.yaml in `c:\\Users\\MTG\\Desktop\\v0.9.1\\dataconnect`\n"}}
[debug] [2025-06-03T11:52:09.727Z] E0603 14:52:09.726733   27004 load.go:23] Could not load config from "c:\\Users\\MTG\\Desktop\\v0.9.1\\dataconnect": could not find dataconnect.yaml in `c:\Users\MTG\Desktop\v0.9.1\dataconnect`
 {"metadata":{"emulator":{"name":"dataconnect"},"message":"E0603 14:52:09.726733   27004 load.go:23] Could not load config from \"c:\\\\Users\\\\MTG\\\\Desktop\\\\v0.9.1\\\\dataconnect\": could not find dataconnect.yaml in `c:\\Users\\MTG\\Desktop\\v0.9.1\\dataconnect`\n"}}
[debug] [2025-06-03T11:52:19.725Z] E0603 14:52:19.725106   27004 load.go:23] Could not load config from "c:\\Users\\MTG\\Desktop\\v0.9.1\\dataconnect": could not find dataconnect.yaml in `c:\Users\MTG\Desktop\v0.9.1\dataconnect`
 {"metadata":{"emulator":{"name":"dataconnect"},"message":"E0603 14:52:19.725106   27004 load.go:23] Could not load config from \"c:\\\\Users\\\\MTG\\\\Desktop\\\\v0.9.1\\\\dataconnect\": could not find dataconnect.yaml in `c:\\Users\\MTG\\Desktop\\v0.9.1\\dataconnect`\n"}}
[debug] [2025-06-03T11:52:29.722Z] E0603 14:52:29.721764   27004 load.go:23] Could not load config from "c:\\Users\\MTG\\Desktop\\v0.9.1\\dataconnect": could not find dataconnect.yaml in `c:\Users\MTG\Desktop\v0.9.1\dataconnect`
 {"metadata":{"emulator":{"name":"dataconnect"},"message":"E0603 14:52:29.721764   27004 load.go:23] Could not load config from \"c:\\\\Users\\\\MTG\\\\Desktop\\\\v0.9.1\\\\dataconnect\": could not find dataconnect.yaml in `c:\\Users\\MTG\\Desktop\\v0.9.1\\dataconnect`\n"}}
[debug] [2025-06-03T11:52:39.731Z] E0603 14:52:39.731125   27004 load.go:23] Could not load config from "c:\\Users\\MTG\\Desktop\\v0.9.1\\dataconnect": could not find dataconnect.yaml in `c:\Users\MTG\Desktop\v0.9.1\dataconnect`
 {"metadata":{"emulator":{"name":"dataconnect"},"message":"E0603 14:52:39.731125   27004 load.go:23] Could not load config from \"c:\\\\Users\\\\MTG\\\\Desktop\\\\v0.9.1\\\\dataconnect\": could not find dataconnect.yaml in `c:\\Users\\MTG\\Desktop\\v0.9.1\\dataconnect`\n"}}
[debug] [2025-06-03T11:52:39.731Z] E0603 14:52:39.732050   27004 watch.go:76] watchAllDir unable to walk dir `c:\Users\MTG\Desktop\v0.9.1\dataconnect`: on path "c:\\Users\\MTG\\Desktop\\v0.9.1\\dataconnect" (DirEntry: <nil>): CreateFile c:\Users\MTG\Desktop\v0.9.1\dataconnect: The system cannot find the file specified.
 {"metadata":{"emulator":{"name":"dataconnect"},"message":"E0603 14:52:39.732050   27004 watch.go:76] watchAllDir unable to walk dir `c:\\Users\\MTG\\Desktop\\v0.9.1\\dataconnect`: on path \"c:\\\\Users\\\\MTG\\\\Desktop\\\\v0.9.1\\\\dataconnect\" (DirEntry: <nil>): CreateFile c:\\Users\\MTG\\Desktop\\v0.9.1\\dataconnect: The system cannot find the file specified.\n"}}
[debug] [2025-06-03T11:52:49.722Z] E0603 14:52:49.722600   27004 load.go:23] Could not load config from "c:\\Users\\MTG\\Desktop\\v0.9.1\\dataconnect": could not find dataconnect.yaml in `c:\Users\MTG\Desktop\v0.9.1\dataconnect`
 {"metadata":{"emulator":{"name":"dataconnect"},"message":"E0603 14:52:49.722600   27004 load.go:23] Could not load config from \"c:\\\\Users\\\\MTG\\\\Desktop\\\\v0.9.1\\\\dataconnect\": could not find dataconnect.yaml in `c:\\Users\\MTG\\Desktop\\v0.9.1\\dataconnect`\n"}}
[debug] [2025-06-03T11:52:59.730Z] E0603 14:52:59.730714   27004 load.go:23] Could not load config from "c:\\Users\\MTG\\Desktop\\v0.9.1\\dataconnect": could not find dataconnect.yaml in `c:\Users\MTG\Desktop\v0.9.1\dataconnect`
 {"metadata":{"emulator":{"name":"dataconnect"},"message":"E0603 14:52:59.730714   27004 load.go:23] Could not load config from \"c:\\\\Users\\\\MTG\\\\Desktop\\\\v0.9.1\\\\dataconnect\": could not find dataconnect.yaml in `c:\\Users\\MTG\\Desktop\\v0.9.1\\dataconnect`\n"}}
[debug] [2025-06-03T11:53:09.722Z] E0603 14:53:09.722063   27004 load.go:23] Could not load config from "c:\\Users\\MTG\\Desktop\\v0.9.1\\dataconnect": could not find dataconnect.yaml in `c:\Users\MTG\Desktop\v0.9.1\dataconnect`
 {"metadata":{"emulator":{"name":"dataconnect"},"message":"E0603 14:53:09.722063   27004 load.go:23] Could not load config from \"c:\\\\Users\\\\MTG\\\\Desktop\\\\v0.9.1\\\\dataconnect\": could not find dataconnect.yaml in `c:\\Users\\MTG\\Desktop\\v0.9.1\\dataconnect`\n"}}
[debug] [2025-06-03T11:53:19.723Z] E0603 14:53:19.723118   27004 load.go:23] Could not load config from "c:\\Users\\MTG\\Desktop\\v0.9.1\\dataconnect": could not find dataconnect.yaml in `c:\Users\MTG\Desktop\v0.9.1\dataconnect`
 {"metadata":{"emulator":{"name":"dataconnect"},"message":"E0603 14:53:19.723118   27004 load.go:23] Could not load config from \"c:\\\\Users\\\\MTG\\\\Desktop\\\\v0.9.1\\\\dataconnect\": could not find dataconnect.yaml in `c:\\Users\\MTG\\Desktop\\v0.9.1\\dataconnect`\n"}}
[debug] [2025-06-03T11:53:29.716Z] E0603 14:53:29.716680   27004 load.go:23] Could not load config from "c:\\Users\\MTG\\Desktop\\v0.9.1\\dataconnect": could not find dataconnect.yaml in `c:\Users\MTG\Desktop\v0.9.1\dataconnect`
 {"metadata":{"emulator":{"name":"dataconnect"},"message":"E0603 14:53:29.716680   27004 load.go:23] Could not load config from \"c:\\\\Users\\\\MTG\\\\Desktop\\\\v0.9.1\\\\dataconnect\": could not find dataconnect.yaml in `c:\\Users\\MTG\\Desktop\\v0.9.1\\dataconnect`\n"}}
[debug] [2025-06-03T11:53:39.723Z] E0603 14:53:39.722717   27004 load.go:23] Could not load config from "c:\\Users\\MTG\\Desktop\\v0.9.1\\dataconnect": could not find dataconnect.yaml in `c:\Users\MTG\Desktop\v0.9.1\dataconnect`
 {"metadata":{"emulator":{"name":"dataconnect"},"message":"E0603 14:53:39.722717   27004 load.go:23] Could not load config from \"c:\\\\Users\\\\MTG\\\\Desktop\\\\v0.9.1\\\\dataconnect\": could not find dataconnect.yaml in `c:\\Users\\MTG\\Desktop\\v0.9.1\\dataconnect`\n"}}
[debug] [2025-06-03T11:53:49.718Z] E0603 14:53:49.717926   27004 load.go:23] Could not load config from "c:\\Users\\MTG\\Desktop\\v0.9.1\\dataconnect": could not find dataconnect.yaml in `c:\Users\MTG\Desktop\v0.9.1\dataconnect`
 {"metadata":{"emulator":{"name":"dataconnect"},"message":"E0603 14:53:49.717926   27004 load.go:23] Could not load config from \"c:\\\\Users\\\\MTG\\\\Desktop\\\\v0.9.1\\\\dataconnect\": could not find dataconnect.yaml in `c:\\Users\\MTG\\Desktop\\v0.9.1\\dataconnect`\n"}}
[debug] [2025-06-03T11:53:59.716Z] E0603 14:53:59.716614   27004 load.go:23] Could not load config from "c:\\Users\\MTG\\Desktop\\v0.9.1\\dataconnect": could not find dataconnect.yaml in `c:\Users\MTG\Desktop\v0.9.1\dataconnect`
 {"metadata":{"emulator":{"name":"dataconnect"},"message":"E0603 14:53:59.716614   27004 load.go:23] Could not load config from \"c:\\\\Users\\\\MTG\\\\Desktop\\\\v0.9.1\\\\dataconnect\": could not find dataconnect.yaml in `c:\\Users\\MTG\\Desktop\\v0.9.1\\dataconnect`\n"}}
[debug] [2025-06-03T11:54:09.724Z] E0603 14:54:09.724310   27004 load.go:23] Could not load config from "c:\\Users\\MTG\\Desktop\\v0.9.1\\dataconnect": could not find dataconnect.yaml in `c:\Users\MTG\Desktop\v0.9.1\dataconnect`
 {"metadata":{"emulator":{"name":"dataconnect"},"message":"E0603 14:54:09.724310   27004 load.go:23] Could not load config from \"c:\\\\Users\\\\MTG\\\\Desktop\\\\v0.9.1\\\\dataconnect\": could not find dataconnect.yaml in `c:\\Users\\MTG\\Desktop\\v0.9.1\\dataconnect`\n"}}
[debug] [2025-06-03T11:54:19.728Z] E0603 14:54:19.728449   27004 load.go:23] Could not load config from "c:\\Users\\MTG\\Desktop\\v0.9.1\\dataconnect": could not find dataconnect.yaml in `c:\Users\MTG\Desktop\v0.9.1\dataconnect`
 {"metadata":{"emulator":{"name":"dataconnect"},"message":"E0603 14:54:19.728449   27004 load.go:23] Could not load config from \"c:\\\\Users\\\\MTG\\\\Desktop\\\\v0.9.1\\\\dataconnect\": could not find dataconnect.yaml in `c:\\Users\\MTG\\Desktop\\v0.9.1\\dataconnect`\n"}}
[debug] [2025-06-03T11:54:29.722Z] E0603 14:54:29.722202   27004 load.go:23] Could not load config from "c:\\Users\\MTG\\Desktop\\v0.9.1\\dataconnect": could not find dataconnect.yaml in `c:\Users\MTG\Desktop\v0.9.1\dataconnect`
 {"metadata":{"emulator":{"name":"dataconnect"},"message":"E0603 14:54:29.722202   27004 load.go:23] Could not load config from \"c:\\\\Users\\\\MTG\\\\Desktop\\\\v0.9.1\\\\dataconnect\": could not find dataconnect.yaml in `c:\\Users\\MTG\\Desktop\\v0.9.1\\dataconnect`\n"}}
[debug] [2025-06-03T11:54:39.727Z] E0603 14:54:39.727677   27004 load.go:23] Could not load config from "c:\\Users\\MTG\\Desktop\\v0.9.1\\dataconnect": could not find dataconnect.yaml in `c:\Users\MTG\Desktop\v0.9.1\dataconnect`
E0603 14:54:39.727677   27004 watch.go:76] watchAllDir unable to walk dir `c:\Users\MTG\Desktop\v0.9.1\dataconnect`: on path "c:\\Users\\MTG\\Desktop\\v0.9.1\\dataconnect" (DirEntry: <nil>): CreateFile c:\Users\MTG\Desktop\v0.9.1\dataconnect: The system cannot find the file specified.
 {"metadata":{"emulator":{"name":"dataconnect"},"message":"E0603 14:54:39.727677   27004 load.go:23] Could not load config from \"c:\\\\Users\\\\MTG\\\\Desktop\\\\v0.9.1\\\\dataconnect\": could not find dataconnect.yaml in `c:\\Users\\MTG\\Desktop\\v0.9.1\\dataconnect`\nE0603 14:54:39.727677   27004 watch.go:76] watchAllDir unable to walk dir `c:\\Users\\MTG\\Desktop\\v0.9.1\\dataconnect`: on path \"c:\\\\Users\\\\MTG\\\\Desktop\\\\v0.9.1\\\\dataconnect\" (DirEntry: <nil>): CreateFile c:\\Users\\MTG\\Desktop\\v0.9.1\\dataconnect: The system cannot find the file specified.\n"}}
[debug] [2025-06-03T11:54:49.718Z] E0603 14:54:49.718645   27004 load.go:23] Could not load config from "c:\\Users\\MTG\\Desktop\\v0.9.1\\dataconnect": could not find dataconnect.yaml in `c:\Users\MTG\Desktop\v0.9.1\dataconnect`
 {"metadata":{"emulator":{"name":"dataconnect"},"message":"E0603 14:54:49.718645   27004 load.go:23] Could not load config from \"c:\\\\Users\\\\MTG\\\\Desktop\\\\v0.9.1\\\\dataconnect\": could not find dataconnect.yaml in `c:\\Users\\MTG\\Desktop\\v0.9.1\\dataconnect`\n"}}
[debug] [2025-06-03T11:54:59.720Z] E0603 14:54:59.720146   27004 load.go:23] Could not load config from "c:\\Users\\MTG\\Desktop\\v0.9.1\\dataconnect": could not find dataconnect.yaml in `c:\Users\MTG\Desktop\v0.9.1\dataconnect`
 {"metadata":{"emulator":{"name":"dataconnect"},"message":"E0603 14:54:59.720146   27004 load.go:23] Could not load config from \"c:\\\\Users\\\\MTG\\\\Desktop\\\\v0.9.1\\\\dataconnect\": could not find dataconnect.yaml in `c:\\Users\\MTG\\Desktop\\v0.9.1\\dataconnect`\n"}}
[debug] [2025-06-03T11:55:09.724Z] E0603 14:55:09.723978   27004 load.go:23] Could not load config from "c:\\Users\\MTG\\Desktop\\v0.9.1\\dataconnect": could not find dataconnect.yaml in `c:\Users\MTG\Desktop\v0.9.1\dataconnect`
 {"metadata":{"emulator":{"name":"dataconnect"},"message":"E0603 14:55:09.723978   27004 load.go:23] Could not load config from \"c:\\\\Users\\\\MTG\\\\Desktop\\\\v0.9.1\\\\dataconnect\": could not find dataconnect.yaml in `c:\\Users\\MTG\\Desktop\\v0.9.1\\dataconnect`\n"}}
[debug] [2025-06-03T11:55:19.718Z] E0603 14:55:19.718250   27004 load.go:23] Could not load config from "c:\\Users\\MTG\\Desktop\\v0.9.1\\dataconnect": could not find dataconnect.yaml in `c:\Users\MTG\Desktop\v0.9.1\dataconnect`
 {"metadata":{"emulator":{"name":"dataconnect"},"message":"E0603 14:55:19.718250   27004 load.go:23] Could not load config from \"c:\\\\Users\\\\MTG\\\\Desktop\\\\v0.9.1\\\\dataconnect\": could not find dataconnect.yaml in `c:\\Users\\MTG\\Desktop\\v0.9.1\\dataconnect`\n"}}
[debug] [2025-06-03T11:55:29.729Z] E0603 14:55:29.729264   27004 load.go:23] Could not load config from "c:\\Users\\MTG\\Desktop\\v0.9.1\\dataconnect": could not find dataconnect.yaml in `c:\Users\MTG\Desktop\v0.9.1\dataconnect`
 {"metadata":{"emulator":{"name":"dataconnect"},"message":"E0603 14:55:29.729264   27004 load.go:23] Could not load config from \"c:\\\\Users\\\\MTG\\\\Desktop\\\\v0.9.1\\\\dataconnect\": could not find dataconnect.yaml in `c:\\Users\\MTG\\Desktop\\v0.9.1\\dataconnect`\n"}}
[debug] [2025-06-03T11:55:39.720Z] E0603 14:55:39.720056   27004 load.go:23] Could not load config from "c:\\Users\\MTG\\Desktop\\v0.9.1\\dataconnect": could not find dataconnect.yaml in `c:\Users\MTG\Desktop\v0.9.1\dataconnect`
 {"metadata":{"emulator":{"name":"dataconnect"},"message":"E0603 14:55:39.720056   27004 load.go:23] Could not load config from \"c:\\\\Users\\\\MTG\\\\Desktop\\\\v0.9.1\\\\dataconnect\": could not find dataconnect.yaml in `c:\\Users\\MTG\\Desktop\\v0.9.1\\dataconnect`\n"}}
[debug] [2025-06-03T11:55:49.728Z] E0603 14:55:49.727705   27004 load.go:23] Could not load config from "c:\\Users\\MTG\\Desktop\\v0.9.1\\dataconnect": could not find dataconnect.yaml in `c:\Users\MTG\Desktop\v0.9.1\dataconnect`
 {"metadata":{"emulator":{"name":"dataconnect"},"message":"E0603 14:55:49.727705   27004 load.go:23] Could not load config from \"c:\\\\Users\\\\MTG\\\\Desktop\\\\v0.9.1\\\\dataconnect\": could not find dataconnect.yaml in `c:\\Users\\MTG\\Desktop\\v0.9.1\\dataconnect`\n"}}
[debug] [2025-06-03T11:55:59.717Z] E0603 14:55:59.717062   27004 load.go:23] Could not load config from "c:\\Users\\MTG\\Desktop\\v0.9.1\\dataconnect": could not find dataconnect.yaml in `c:\Users\MTG\Desktop\v0.9.1\dataconnect`
 {"metadata":{"emulator":{"name":"dataconnect"},"message":"E0603 14:55:59.717062   27004 load.go:23] Could not load config from \"c:\\\\Users\\\\MTG\\\\Desktop\\\\v0.9.1\\\\dataconnect\": could not find dataconnect.yaml in `c:\\Users\\MTG\\Desktop\\v0.9.1\\dataconnect`\n"}}
[debug] [2025-06-03T11:56:09.731Z] E0603 14:56:09.730987   27004 load.go:23] Could not load config from "c:\\Users\\MTG\\Desktop\\v0.9.1\\dataconnect": could not find dataconnect.yaml in `c:\Users\MTG\Desktop\v0.9.1\dataconnect`
 {"metadata":{"emulator":{"name":"dataconnect"},"message":"E0603 14:56:09.730987   27004 load.go:23] Could not load config from \"c:\\\\Users\\\\MTG\\\\Desktop\\\\v0.9.1\\\\dataconnect\": could not find dataconnect.yaml in `c:\\Users\\MTG\\Desktop\\v0.9.1\\dataconnect`\n"}}
[debug] [2025-06-03T11:56:19.729Z] E0603 14:56:19.729970   27004 load.go:23] Could not load config from "c:\\Users\\MTG\\Desktop\\v0.9.1\\dataconnect": could not find dataconnect.yaml in `c:\Users\MTG\Desktop\v0.9.1\dataconnect`
 {"metadata":{"emulator":{"name":"dataconnect"},"message":"E0603 14:56:19.729970   27004 load.go:23] Could not load config from \"c:\\\\Users\\\\MTG\\\\Desktop\\\\v0.9.1\\\\dataconnect\": could not find dataconnect.yaml in `c:\\Users\\MTG\\Desktop\\v0.9.1\\dataconnect`\n"}}
[debug] [2025-06-03T11:56:29.719Z] E0603 14:56:29.719541   27004 load.go:23] Could not load config from "c:\\Users\\MTG\\Desktop\\v0.9.1\\dataconnect": could not find dataconnect.yaml in `c:\Users\MTG\Desktop\v0.9.1\dataconnect`
 {"metadata":{"emulator":{"name":"dataconnect"},"message":"E0603 14:56:29.719541   27004 load.go:23] Could not load config from \"c:\\\\Users\\\\MTG\\\\Desktop\\\\v0.9.1\\\\dataconnect\": could not find dataconnect.yaml in `c:\\Users\\MTG\\Desktop\\v0.9.1\\dataconnect`\n"}}
[debug] [2025-06-03T11:56:39.730Z] E0603 14:56:39.730840   27004 load.go:23] Could not load config from "c:\\Users\\MTG\\Desktop\\v0.9.1\\dataconnect": could not find dataconnect.yaml in `c:\Users\MTG\Desktop\v0.9.1\dataconnect`
E0603 14:56:39.730840   27004 watch.go:76] watchAllDir unable to walk dir `c:\Users\MTG\Desktop\v0.9.1\dataconnect`: on path "c:\\Users\\MTG\\Desktop\\v0.9.1\\dataconnect" (DirEntry: <nil>): CreateFile c:\Users\MTG\Desktop\v0.9.1\dataconnect: The system cannot find the file specified.
 {"metadata":{"emulator":{"name":"dataconnect"},"message":"E0603 14:56:39.730840   27004 load.go:23] Could not load config from \"c:\\\\Users\\\\MTG\\\\Desktop\\\\v0.9.1\\\\dataconnect\": could not find dataconnect.yaml in `c:\\Users\\MTG\\Desktop\\v0.9.1\\dataconnect`\nE0603 14:56:39.730840   27004 watch.go:76] watchAllDir unable to walk dir `c:\\Users\\MTG\\Desktop\\v0.9.1\\dataconnect`: on path \"c:\\\\Users\\\\MTG\\\\Desktop\\\\v0.9.1\\\\dataconnect\" (DirEntry: <nil>): CreateFile c:\\Users\\MTG\\Desktop\\v0.9.1\\dataconnect: The system cannot find the file specified.\n"}}
[debug] [2025-06-03T11:56:49.720Z] E0603 14:56:49.720727   27004 load.go:23] Could not load config from "c:\\Users\\MTG\\Desktop\\v0.9.1\\dataconnect": could not find dataconnect.yaml in `c:\Users\MTG\Desktop\v0.9.1\dataconnect`
 {"metadata":{"emulator":{"name":"dataconnect"},"message":"E0603 14:56:49.720727   27004 load.go:23] Could not load config from \"c:\\\\Users\\\\MTG\\\\Desktop\\\\v0.9.1\\\\dataconnect\": could not find dataconnect.yaml in `c:\\Users\\MTG\\Desktop\\v0.9.1\\dataconnect`\n"}}
[debug] [2025-06-03T11:56:59.716Z] E0603 14:56:59.717025   27004 load.go:23] Could not load config from "c:\\Users\\MTG\\Desktop\\v0.9.1\\dataconnect": could not find dataconnect.yaml in `c:\Users\MTG\Desktop\v0.9.1\dataconnect`
 {"metadata":{"emulator":{"name":"dataconnect"},"message":"E0603 14:56:59.717025   27004 load.go:23] Could not load config from \"c:\\\\Users\\\\MTG\\\\Desktop\\\\v0.9.1\\\\dataconnect\": could not find dataconnect.yaml in `c:\\Users\\MTG\\Desktop\\v0.9.1\\dataconnect`\n"}}
[debug] [2025-06-03T11:57:09.728Z] E0603 14:57:09.728020   27004 load.go:23] Could not load config from "c:\\Users\\MTG\\Desktop\\v0.9.1\\dataconnect": could not find dataconnect.yaml in `c:\Users\MTG\Desktop\v0.9.1\dataconnect`
 {"metadata":{"emulator":{"name":"dataconnect"},"message":"E0603 14:57:09.728020   27004 load.go:23] Could not load config from \"c:\\\\Users\\\\MTG\\\\Desktop\\\\v0.9.1\\\\dataconnect\": could not find dataconnect.yaml in `c:\\Users\\MTG\\Desktop\\v0.9.1\\dataconnect`\n"}}
[debug] [2025-06-03T11:57:19.731Z] E0603 14:57:19.731109   27004 load.go:23] Could not load config from "c:\\Users\\MTG\\Desktop\\v0.9.1\\dataconnect": could not find dataconnect.yaml in `c:\Users\MTG\Desktop\v0.9.1\dataconnect`
 {"metadata":{"emulator":{"name":"dataconnect"},"message":"E0603 14:57:19.731109   27004 load.go:23] Could not load config from \"c:\\\\Users\\\\MTG\\\\Desktop\\\\v0.9.1\\\\dataconnect\": could not find dataconnect.yaml in `c:\\Users\\MTG\\Desktop\\v0.9.1\\dataconnect`\n"}}
[debug] [2025-06-03T11:57:29.725Z] E0603 14:57:29.725095   27004 load.go:23] Could not load config from "c:\\Users\\MTG\\Desktop\\v0.9.1\\dataconnect": could not find dataconnect.yaml in `c:\Users\MTG\Desktop\v0.9.1\dataconnect`
 {"metadata":{"emulator":{"name":"dataconnect"},"message":"E0603 14:57:29.725095   27004 load.go:23] Could not load config from \"c:\\\\Users\\\\MTG\\\\Desktop\\\\v0.9.1\\\\dataconnect\": could not find dataconnect.yaml in `c:\\Users\\MTG\\Desktop\\v0.9.1\\dataconnect`\n"}}
[debug] [2025-06-03T11:57:39.727Z] E0603 14:57:39.727766   27004 load.go:23] Could not load config from "c:\\Users\\MTG\\Desktop\\v0.9.1\\dataconnect": could not find dataconnect.yaml in `c:\Users\MTG\Desktop\v0.9.1\dataconnect`
 {"metadata":{"emulator":{"name":"dataconnect"},"message":"E0603 14:57:39.727766   27004 load.go:23] Could not load config from \"c:\\\\Users\\\\MTG\\\\Desktop\\\\v0.9.1\\\\dataconnect\": could not find dataconnect.yaml in `c:\\Users\\MTG\\Desktop\\v0.9.1\\dataconnect`\n"}}
[debug] [2025-06-03T11:57:49.731Z] E0603 14:57:49.731072   27004 load.go:23] Could not load config from "c:\\Users\\MTG\\Desktop\\v0.9.1\\dataconnect": could not find dataconnect.yaml in `c:\Users\MTG\Desktop\v0.9.1\dataconnect`
 {"metadata":{"emulator":{"name":"dataconnect"},"message":"E0603 14:57:49.731072   27004 load.go:23] Could not load config from \"c:\\\\Users\\\\MTG\\\\Desktop\\\\v0.9.1\\\\dataconnect\": could not find dataconnect.yaml in `c:\\Users\\MTG\\Desktop\\v0.9.1\\dataconnect`\n"}}
[debug] [2025-06-03T11:57:59.722Z] E0603 14:57:59.721794   27004 load.go:23] Could not load config from "c:\\Users\\MTG\\Desktop\\v0.9.1\\dataconnect": could not find dataconnect.yaml in `c:\Users\MTG\Desktop\v0.9.1\dataconnect`
 {"metadata":{"emulator":{"name":"dataconnect"},"message":"E0603 14:57:59.721794   27004 load.go:23] Could not load config from \"c:\\\\Users\\\\MTG\\\\Desktop\\\\v0.9.1\\\\dataconnect\": could not find dataconnect.yaml in `c:\\Users\\MTG\\Desktop\\v0.9.1\\dataconnect`\n"}}
[debug] [2025-06-03T11:58:09.720Z] E0603 14:58:09.720448   27004 load.go:23] Could not load config from "c:\\Users\\MTG\\Desktop\\v0.9.1\\dataconnect": could not find dataconnect.yaml in `c:\Users\MTG\Desktop\v0.9.1\dataconnect`
 {"metadata":{"emulator":{"name":"dataconnect"},"message":"E0603 14:58:09.720448   27004 load.go:23] Could not load config from \"c:\\\\Users\\\\MTG\\\\Desktop\\\\v0.9.1\\\\dataconnect\": could not find dataconnect.yaml in `c:\\Users\\MTG\\Desktop\\v0.9.1\\dataconnect`\n"}}
[debug] [2025-06-03T11:58:19.720Z] E0603 14:58:19.720308   27004 load.go:23] Could not load config from "c:\\Users\\MTG\\Desktop\\v0.9.1\\dataconnect": could not find dataconnect.yaml in `c:\Users\MTG\Desktop\v0.9.1\dataconnect`
 {"metadata":{"emulator":{"name":"dataconnect"},"message":"E0603 14:58:19.720308   27004 load.go:23] Could not load config from \"c:\\\\Users\\\\MTG\\\\Desktop\\\\v0.9.1\\\\dataconnect\": could not find dataconnect.yaml in `c:\\Users\\MTG\\Desktop\\v0.9.1\\dataconnect`\n"}}
[debug] [2025-06-03T11:58:29.724Z] E0603 14:58:29.724731   27004 load.go:23] Could not load config from "c:\\Users\\MTG\\Desktop\\v0.9.1\\dataconnect": could not find dataconnect.yaml in `c:\Users\MTG\Desktop\v0.9.1\dataconnect`
 {"metadata":{"emulator":{"name":"dataconnect"},"message":"E0603 14:58:29.724731   27004 load.go:23] Could not load config from \"c:\\\\Users\\\\MTG\\\\Desktop\\\\v0.9.1\\\\dataconnect\": could not find dataconnect.yaml in `c:\\Users\\MTG\\Desktop\\v0.9.1\\dataconnect`\n"}}
[debug] [2025-06-03T11:58:39.728Z] E0603 14:58:39.728529   27004 load.go:23] Could not load config from "c:\\Users\\MTG\\Desktop\\v0.9.1\\dataconnect": could not find dataconnect.yaml in `c:\Users\MTG\Desktop\v0.9.1\dataconnect`
 {"metadata":{"emulator":{"name":"dataconnect"},"message":"E0603 14:58:39.728529   27004 load.go:23] Could not load config from \"c:\\\\Users\\\\MTG\\\\Desktop\\\\v0.9.1\\\\dataconnect\": could not find dataconnect.yaml in `c:\\Users\\MTG\\Desktop\\v0.9.1\\dataconnect`\n"}}
[debug] [2025-06-03T11:58:39.731Z] E0603 14:58:39.730899   27004 watch.go:76] watchAllDir unable to walk dir `c:\Users\MTG\Desktop\v0.9.1\dataconnect`: on path "c:\\Users\\MTG\\Desktop\\v0.9.1\\dataconnect" (DirEntry: <nil>): CreateFile c:\Users\MTG\Desktop\v0.9.1\dataconnect: The system cannot find the file specified.
 {"metadata":{"emulator":{"name":"dataconnect"},"message":"E0603 14:58:39.730899   27004 watch.go:76] watchAllDir unable to walk dir `c:\\Users\\MTG\\Desktop\\v0.9.1\\dataconnect`: on path \"c:\\\\Users\\\\MTG\\\\Desktop\\\\v0.9.1\\\\dataconnect\" (DirEntry: <nil>): CreateFile c:\\Users\\MTG\\Desktop\\v0.9.1\\dataconnect: The system cannot find the file specified.\n"}}
[debug] [2025-06-03T11:58:49.723Z] E0603 14:58:49.723110   27004 load.go:23] Could not load config from "c:\\Users\\MTG\\Desktop\\v0.9.1\\dataconnect": could not find dataconnect.yaml in `c:\Users\MTG\Desktop\v0.9.1\dataconnect`
 {"metadata":{"emulator":{"name":"dataconnect"},"message":"E0603 14:58:49.723110   27004 load.go:23] Could not load config from \"c:\\\\Users\\\\MTG\\\\Desktop\\\\v0.9.1\\\\dataconnect\": could not find dataconnect.yaml in `c:\\Users\\MTG\\Desktop\\v0.9.1\\dataconnect`\n"}}
[debug] [2025-06-03T11:58:59.726Z] E0603 14:58:59.726421   27004 load.go:23] Could not load config from "c:\\Users\\MTG\\Desktop\\v0.9.1\\dataconnect": could not find dataconnect.yaml in `c:\Users\MTG\Desktop\v0.9.1\dataconnect`
 {"metadata":{"emulator":{"name":"dataconnect"},"message":"E0603 14:58:59.726421   27004 load.go:23] Could not load config from \"c:\\\\Users\\\\MTG\\\\Desktop\\\\v0.9.1\\\\dataconnect\": could not find dataconnect.yaml in `c:\\Users\\MTG\\Desktop\\v0.9.1\\dataconnect`\n"}}
[debug] [2025-06-03T11:59:09.723Z] E0603 14:59:09.723471   27004 load.go:23] Could not load config from "c:\\Users\\MTG\\Desktop\\v0.9.1\\dataconnect": could not find dataconnect.yaml in `c:\Users\MTG\Desktop\v0.9.1\dataconnect`
 {"metadata":{"emulator":{"name":"dataconnect"},"message":"E0603 14:59:09.723471   27004 load.go:23] Could not load config from \"c:\\\\Users\\\\MTG\\\\Desktop\\\\v0.9.1\\\\dataconnect\": could not find dataconnect.yaml in `c:\\Users\\MTG\\Desktop\\v0.9.1\\dataconnect`\n"}}
[debug] [2025-06-03T11:59:19.716Z] E0603 14:59:19.716237   27004 load.go:23] Could not load config from "c:\\Users\\MTG\\Desktop\\v0.9.1\\dataconnect": could not find dataconnect.yaml in `c:\Users\MTG\Desktop\v0.9.1\dataconnect`
 {"metadata":{"emulator":{"name":"dataconnect"},"message":"E0603 14:59:19.716237   27004 load.go:23] Could not load config from \"c:\\\\Users\\\\MTG\\\\Desktop\\\\v0.9.1\\\\dataconnect\": could not find dataconnect.yaml in `c:\\Users\\MTG\\Desktop\\v0.9.1\\dataconnect`\n"}}
[debug] [2025-06-03T11:59:29.722Z] E0603 14:59:29.721720   27004 load.go:23] Could not load config from "c:\\Users\\MTG\\Desktop\\v0.9.1\\dataconnect": could not find dataconnect.yaml in `c:\Users\MTG\Desktop\v0.9.1\dataconnect`
 {"metadata":{"emulator":{"name":"dataconnect"},"message":"E0603 14:59:29.721720   27004 load.go:23] Could not load config from \"c:\\\\Users\\\\MTG\\\\Desktop\\\\v0.9.1\\\\dataconnect\": could not find dataconnect.yaml in `c:\\Users\\MTG\\Desktop\\v0.9.1\\dataconnect`\n"}}
[debug] [2025-06-03T11:59:39.717Z] E0603 14:59:39.716987   27004 load.go:23] Could not load config from "c:\\Users\\MTG\\Desktop\\v0.9.1\\dataconnect": could not find dataconnect.yaml in `c:\Users\MTG\Desktop\v0.9.1\dataconnect`
 {"metadata":{"emulator":{"name":"dataconnect"},"message":"E0603 14:59:39.716987   27004 load.go:23] Could not load config from \"c:\\\\Users\\\\MTG\\\\Desktop\\\\v0.9.1\\\\dataconnect\": could not find dataconnect.yaml in `c:\\Users\\MTG\\Desktop\\v0.9.1\\dataconnect`\n"}}
[debug] [2025-06-03T11:59:49.725Z] E0603 14:59:49.725617   27004 load.go:23] Could not load config from "c:\\Users\\MTG\\Desktop\\v0.9.1\\dataconnect": could not find dataconnect.yaml in `c:\Users\MTG\Desktop\v0.9.1\dataconnect`
 {"metadata":{"emulator":{"name":"dataconnect"},"message":"E0603 14:59:49.725617   27004 load.go:23] Could not load config from \"c:\\\\Users\\\\MTG\\\\Desktop\\\\v0.9.1\\\\dataconnect\": could not find dataconnect.yaml in `c:\\Users\\MTG\\Desktop\\v0.9.1\\dataconnect`\n"}}
[debug] [2025-06-03T11:59:59.722Z] E0603 14:59:59.722232   27004 load.go:23] Could not load config from "c:\\Users\\MTG\\Desktop\\v0.9.1\\dataconnect": could not find dataconnect.yaml in `c:\Users\MTG\Desktop\v0.9.1\dataconnect`
 {"metadata":{"emulator":{"name":"dataconnect"},"message":"E0603 14:59:59.722232   27004 load.go:23] Could not load config from \"c:\\\\Users\\\\MTG\\\\Desktop\\\\v0.9.1\\\\dataconnect\": could not find dataconnect.yaml in `c:\\Users\\MTG\\Desktop\\v0.9.1\\dataconnect`\n"}}
[debug] [2025-06-03T12:00:09.731Z] E0603 15:00:09.731398   27004 load.go:23] Could not load config from "c:\\Users\\MTG\\Desktop\\v0.9.1\\dataconnect": could not find dataconnect.yaml in `c:\Users\MTG\Desktop\v0.9.1\dataconnect`
 {"metadata":{"emulator":{"name":"dataconnect"},"message":"E0603 15:00:09.731398   27004 load.go:23] Could not load config from \"c:\\\\Users\\\\MTG\\\\Desktop\\\\v0.9.1\\\\dataconnect\": could not find dataconnect.yaml in `c:\\Users\\MTG\\Desktop\\v0.9.1\\dataconnect`\n"}}
[debug] [2025-06-03T12:00:19.722Z] E0603 15:00:19.721899   27004 load.go:23] Could not load config from "c:\\Users\\MTG\\Desktop\\v0.9.1\\dataconnect": could not find dataconnect.yaml in `c:\Users\MTG\Desktop\v0.9.1\dataconnect`
 {"metadata":{"emulator":{"name":"dataconnect"},"message":"E0603 15:00:19.721899   27004 load.go:23] Could not load config from \"c:\\\\Users\\\\MTG\\\\Desktop\\\\v0.9.1\\\\dataconnect\": could not find dataconnect.yaml in `c:\\Users\\MTG\\Desktop\\v0.9.1\\dataconnect`\n"}}
[debug] [2025-06-03T12:00:29.731Z] E0603 15:00:29.731400   27004 load.go:23] Could not load config from "c:\\Users\\MTG\\Desktop\\v0.9.1\\dataconnect": could not find dataconnect.yaml in `c:\Users\MTG\Desktop\v0.9.1\dataconnect`
 {"metadata":{"emulator":{"name":"dataconnect"},"message":"E0603 15:00:29.731400   27004 load.go:23] Could not load config from \"c:\\\\Users\\\\MTG\\\\Desktop\\\\v0.9.1\\\\dataconnect\": could not find dataconnect.yaml in `c:\\Users\\MTG\\Desktop\\v0.9.1\\dataconnect`\n"}}
[debug] [2025-06-03T12:00:39.722Z] E0603 15:00:39.722192   27004 load.go:23] Could not load config from "c:\\Users\\MTG\\Desktop\\v0.9.1\\dataconnect": could not find dataconnect.yaml in `c:\Users\MTG\Desktop\v0.9.1\dataconnect`
 {"metadata":{"emulator":{"name":"dataconnect"},"message":"E0603 15:00:39.722192   27004 load.go:23] Could not load config from \"c:\\\\Users\\\\MTG\\\\Desktop\\\\v0.9.1\\\\dataconnect\": could not find dataconnect.yaml in `c:\\Users\\MTG\\Desktop\\v0.9.1\\dataconnect`\n"}}
[debug] [2025-06-03T12:00:39.722Z] E0603 15:00:39.722192   27004 watch.go:76] watchAllDir unable to walk dir `c:\Users\MTG\Desktop\v0.9.1\dataconnect`: on path "c:\\Users\\MTG\\Desktop\\v0.9.1\\dataconnect" (DirEntry: <nil>): CreateFile c:\Users\MTG\Desktop\v0.9.1\dataconnect: The system cannot find the file specified.
 {"metadata":{"emulator":{"name":"dataconnect"},"message":"E0603 15:00:39.722192   27004 watch.go:76] watchAllDir unable to walk dir `c:\\Users\\MTG\\Desktop\\v0.9.1\\dataconnect`: on path \"c:\\\\Users\\\\MTG\\\\Desktop\\\\v0.9.1\\\\dataconnect\" (DirEntry: <nil>): CreateFile c:\\Users\\MTG\\Desktop\\v0.9.1\\dataconnect: The system cannot find the file specified.\n"}}
[debug] [2025-06-03T12:00:49.724Z] E0603 15:00:49.724504   27004 load.go:23] Could not load config from "c:\\Users\\MTG\\Desktop\\v0.9.1\\dataconnect": could not find dataconnect.yaml in `c:\Users\MTG\Desktop\v0.9.1\dataconnect`
 {"metadata":{"emulator":{"name":"dataconnect"},"message":"E0603 15:00:49.724504   27004 load.go:23] Could not load config from \"c:\\\\Users\\\\MTG\\\\Desktop\\\\v0.9.1\\\\dataconnect\": could not find dataconnect.yaml in `c:\\Users\\MTG\\Desktop\\v0.9.1\\dataconnect`\n"}}
[debug] [2025-06-03T12:00:59.730Z] E0603 15:00:59.729942   27004 load.go:23] Could not load config from "c:\\Users\\MTG\\Desktop\\v0.9.1\\dataconnect": could not find dataconnect.yaml in `c:\Users\MTG\Desktop\v0.9.1\dataconnect`
 {"metadata":{"emulator":{"name":"dataconnect"},"message":"E0603 15:00:59.729942   27004 load.go:23] Could not load config from \"c:\\\\Users\\\\MTG\\\\Desktop\\\\v0.9.1\\\\dataconnect\": could not find dataconnect.yaml in `c:\\Users\\MTG\\Desktop\\v0.9.1\\dataconnect`\n"}}
[debug] [2025-06-03T12:01:09.726Z] E0603 15:01:09.726203   27004 load.go:23] Could not load config from "c:\\Users\\MTG\\Desktop\\v0.9.1\\dataconnect": could not find dataconnect.yaml in `c:\Users\MTG\Desktop\v0.9.1\dataconnect`
 {"metadata":{"emulator":{"name":"dataconnect"},"message":"E0603 15:01:09.726203   27004 load.go:23] Could not load config from \"c:\\\\Users\\\\MTG\\\\Desktop\\\\v0.9.1\\\\dataconnect\": could not find dataconnect.yaml in `c:\\Users\\MTG\\Desktop\\v0.9.1\\dataconnect`\n"}}
[debug] [2025-06-03T12:01:19.728Z] E0603 15:01:19.728723   27004 load.go:23] Could not load config from "c:\\Users\\MTG\\Desktop\\v0.9.1\\dataconnect": could not find dataconnect.yaml in `c:\Users\MTG\Desktop\v0.9.1\dataconnect`
 {"metadata":{"emulator":{"name":"dataconnect"},"message":"E0603 15:01:19.728723   27004 load.go:23] Could not load config from \"c:\\\\Users\\\\MTG\\\\Desktop\\\\v0.9.1\\\\dataconnect\": could not find dataconnect.yaml in `c:\\Users\\MTG\\Desktop\\v0.9.1\\dataconnect`\n"}}
[debug] [2025-06-03T12:01:29.729Z] E0603 15:01:29.729432   27004 load.go:23] Could not load config from "c:\\Users\\MTG\\Desktop\\v0.9.1\\dataconnect": could not find dataconnect.yaml in `c:\Users\MTG\Desktop\v0.9.1\dataconnect`
 {"metadata":{"emulator":{"name":"dataconnect"},"message":"E0603 15:01:29.729432   27004 load.go:23] Could not load config from \"c:\\\\Users\\\\MTG\\\\Desktop\\\\v0.9.1\\\\dataconnect\": could not find dataconnect.yaml in `c:\\Users\\MTG\\Desktop\\v0.9.1\\dataconnect`\n"}}
[debug] [2025-06-03T12:01:39.719Z] E0603 15:01:39.719281   27004 load.go:23] Could not load config from "c:\\Users\\MTG\\Desktop\\v0.9.1\\dataconnect": could not find dataconnect.yaml in `c:\Users\MTG\Desktop\v0.9.1\dataconnect`
 {"metadata":{"emulator":{"name":"dataconnect"},"message":"E0603 15:01:39.719281   27004 load.go:23] Could not load config from \"c:\\\\Users\\\\MTG\\\\Desktop\\\\v0.9.1\\\\dataconnect\": could not find dataconnect.yaml in `c:\\Users\\MTG\\Desktop\\v0.9.1\\dataconnect`\n"}}
[debug] [2025-06-03T12:01:49.726Z] E0603 15:01:49.726372   27004 load.go:23] Could not load config from "c:\\Users\\MTG\\Desktop\\v0.9.1\\dataconnect": could not find dataconnect.yaml in `c:\Users\MTG\Desktop\v0.9.1\dataconnect`
 {"metadata":{"emulator":{"name":"dataconnect"},"message":"E0603 15:01:49.726372   27004 load.go:23] Could not load config from \"c:\\\\Users\\\\MTG\\\\Desktop\\\\v0.9.1\\\\dataconnect\": could not find dataconnect.yaml in `c:\\Users\\MTG\\Desktop\\v0.9.1\\dataconnect`\n"}}
[debug] [2025-06-03T12:01:59.720Z] E0603 15:01:59.719907   27004 load.go:23] Could not load config from "c:\\Users\\MTG\\Desktop\\v0.9.1\\dataconnect": could not find dataconnect.yaml in `c:\Users\MTG\Desktop\v0.9.1\dataconnect`
 {"metadata":{"emulator":{"name":"dataconnect"},"message":"E0603 15:01:59.719907   27004 load.go:23] Could not load config from \"c:\\\\Users\\\\MTG\\\\Desktop\\\\v0.9.1\\\\dataconnect\": could not find dataconnect.yaml in `c:\\Users\\MTG\\Desktop\\v0.9.1\\dataconnect`\n"}}
[debug] [2025-06-03T12:02:09.722Z] E0603 15:02:09.721933   27004 load.go:23] Could not load config from "c:\\Users\\MTG\\Desktop\\v0.9.1\\dataconnect": could not find dataconnect.yaml in `c:\Users\MTG\Desktop\v0.9.1\dataconnect`
 {"metadata":{"emulator":{"name":"dataconnect"},"message":"E0603 15:02:09.721933   27004 load.go:23] Could not load config from \"c:\\\\Users\\\\MTG\\\\Desktop\\\\v0.9.1\\\\dataconnect\": could not find dataconnect.yaml in `c:\\Users\\MTG\\Desktop\\v0.9.1\\dataconnect`\n"}}
[debug] [2025-06-03T12:02:19.730Z] E0603 15:02:19.730221   27004 load.go:23] Could not load config from "c:\\Users\\MTG\\Desktop\\v0.9.1\\dataconnect": could not find dataconnect.yaml in `c:\Users\MTG\Desktop\v0.9.1\dataconnect`
 {"metadata":{"emulator":{"name":"dataconnect"},"message":"E0603 15:02:19.730221   27004 load.go:23] Could not load config from \"c:\\\\Users\\\\MTG\\\\Desktop\\\\v0.9.1\\\\dataconnect\": could not find dataconnect.yaml in `c:\\Users\\MTG\\Desktop\\v0.9.1\\dataconnect`\n"}}
[debug] [2025-06-03T12:02:29.721Z] E0603 15:02:29.721571   27004 load.go:23] Could not load config from "c:\\Users\\MTG\\Desktop\\v0.9.1\\dataconnect": could not find dataconnect.yaml in `c:\Users\MTG\Desktop\v0.9.1\dataconnect`
 {"metadata":{"emulator":{"name":"dataconnect"},"message":"E0603 15:02:29.721571   27004 load.go:23] Could not load config from \"c:\\\\Users\\\\MTG\\\\Desktop\\\\v0.9.1\\\\dataconnect\": could not find dataconnect.yaml in `c:\\Users\\MTG\\Desktop\\v0.9.1\\dataconnect`\n"}}
[debug] [2025-06-03T12:02:39.720Z] E0603 15:02:39.720771   27004 load.go:23] Could not load config from "c:\\Users\\MTG\\Desktop\\v0.9.1\\dataconnect": could not find dataconnect.yaml in `c:\Users\MTG\Desktop\v0.9.1\dataconnect`
E0603 15:02:39.720771   27004 watch.go:76] watchAllDir unable to walk dir `c:\Users\MTG\Desktop\v0.9.1\dataconnect`: on path "c:\\Users\\MTG\\Desktop\\v0.9.1\\dataconnect" (DirEntry: <nil>): CreateFile c:\Users\MTG\Desktop\v0.9.1\dataconnect: The system cannot find the file specified.
 {"metadata":{"emulator":{"name":"dataconnect"},"message":"E0603 15:02:39.720771   27004 load.go:23] Could not load config from \"c:\\\\Users\\\\MTG\\\\Desktop\\\\v0.9.1\\\\dataconnect\": could not find dataconnect.yaml in `c:\\Users\\MTG\\Desktop\\v0.9.1\\dataconnect`\nE0603 15:02:39.720771   27004 watch.go:76] watchAllDir unable to walk dir `c:\\Users\\MTG\\Desktop\\v0.9.1\\dataconnect`: on path \"c:\\\\Users\\\\MTG\\\\Desktop\\\\v0.9.1\\\\dataconnect\" (DirEntry: <nil>): CreateFile c:\\Users\\MTG\\Desktop\\v0.9.1\\dataconnect: The system cannot find the file specified.\n"}}
[debug] [2025-06-03T12:02:49.729Z] E0603 15:02:49.729830   27004 load.go:23] Could not load config from "c:\\Users\\MTG\\Desktop\\v0.9.1\\dataconnect": could not find dataconnect.yaml in `c:\Users\MTG\Desktop\v0.9.1\dataconnect`
 {"metadata":{"emulator":{"name":"dataconnect"},"message":"E0603 15:02:49.729830   27004 load.go:23] Could not load config from \"c:\\\\Users\\\\MTG\\\\Desktop\\\\v0.9.1\\\\dataconnect\": could not find dataconnect.yaml in `c:\\Users\\MTG\\Desktop\\v0.9.1\\dataconnect`\n"}}
[debug] [2025-06-03T12:02:59.716Z] E0603 15:02:59.716427   27004 load.go:23] Could not load config from "c:\\Users\\MTG\\Desktop\\v0.9.1\\dataconnect": could not find dataconnect.yaml in `c:\Users\MTG\Desktop\v0.9.1\dataconnect`
 {"metadata":{"emulator":{"name":"dataconnect"},"message":"E0603 15:02:59.716427   27004 load.go:23] Could not load config from \"c:\\\\Users\\\\MTG\\\\Desktop\\\\v0.9.1\\\\dataconnect\": could not find dataconnect.yaml in `c:\\Users\\MTG\\Desktop\\v0.9.1\\dataconnect`\n"}}
[debug] [2025-06-03T12:03:09.722Z] E0603 15:03:09.722071   27004 load.go:23] Could not load config from "c:\\Users\\MTG\\Desktop\\v0.9.1\\dataconnect": could not find dataconnect.yaml in `c:\Users\MTG\Desktop\v0.9.1\dataconnect`
 {"metadata":{"emulator":{"name":"dataconnect"},"message":"E0603 15:03:09.722071   27004 load.go:23] Could not load config from \"c:\\\\Users\\\\MTG\\\\Desktop\\\\v0.9.1\\\\dataconnect\": could not find dataconnect.yaml in `c:\\Users\\MTG\\Desktop\\v0.9.1\\dataconnect`\n"}}
[debug] [2025-06-03T12:03:19.728Z] E0603 15:03:19.728504   27004 load.go:23] Could not load config from "c:\\Users\\MTG\\Desktop\\v0.9.1\\dataconnect": could not find dataconnect.yaml in `c:\Users\MTG\Desktop\v0.9.1\dataconnect`
 {"metadata":{"emulator":{"name":"dataconnect"},"message":"E0603 15:03:19.728504   27004 load.go:23] Could not load config from \"c:\\\\Users\\\\MTG\\\\Desktop\\\\v0.9.1\\\\dataconnect\": could not find dataconnect.yaml in `c:\\Users\\MTG\\Desktop\\v0.9.1\\dataconnect`\n"}}
[debug] [2025-06-03T12:03:29.731Z] E0603 15:03:29.730778   27004 load.go:23] Could not load config from "c:\\Users\\MTG\\Desktop\\v0.9.1\\dataconnect": could not find dataconnect.yaml in `c:\Users\MTG\Desktop\v0.9.1\dataconnect`
 {"metadata":{"emulator":{"name":"dataconnect"},"message":"E0603 15:03:29.730778   27004 load.go:23] Could not load config from \"c:\\\\Users\\\\MTG\\\\Desktop\\\\v0.9.1\\\\dataconnect\": could not find dataconnect.yaml in `c:\\Users\\MTG\\Desktop\\v0.9.1\\dataconnect`\n"}}
[debug] [2025-06-03T12:03:39.760Z] E0603 15:03:39.753069   27004 load.go:23] Could not load config from "c:\\Users\\MTG\\Desktop\\v0.9.1\\dataconnect": could not find dataconnect.yaml in `c:\Users\MTG\Desktop\v0.9.1\dataconnect`
 {"metadata":{"emulator":{"name":"dataconnect"},"message":"E0603 15:03:39.753069   27004 load.go:23] Could not load config from \"c:\\\\Users\\\\MTG\\\\Desktop\\\\v0.9.1\\\\dataconnect\": could not find dataconnect.yaml in `c:\\Users\\MTG\\Desktop\\v0.9.1\\dataconnect`\n"}}
[debug] [2025-06-03T12:03:49.722Z] E0603 15:03:49.722155   27004 load.go:23] Could not load config from "c:\\Users\\MTG\\Desktop\\v0.9.1\\dataconnect": could not find dataconnect.yaml in `c:\Users\MTG\Desktop\v0.9.1\dataconnect`
 {"metadata":{"emulator":{"name":"dataconnect"},"message":"E0603 15:03:49.722155   27004 load.go:23] Could not load config from \"c:\\\\Users\\\\MTG\\\\Desktop\\\\v0.9.1\\\\dataconnect\": could not find dataconnect.yaml in `c:\\Users\\MTG\\Desktop\\v0.9.1\\dataconnect`\n"}}
[debug] [2025-06-03T12:03:59.726Z] E0603 15:03:59.726178   27004 load.go:23] Could not load config from "c:\\Users\\MTG\\Desktop\\v0.9.1\\dataconnect": could not find dataconnect.yaml in `c:\Users\MTG\Desktop\v0.9.1\dataconnect`
 {"metadata":{"emulator":{"name":"dataconnect"},"message":"E0603 15:03:59.726178   27004 load.go:23] Could not load config from \"c:\\\\Users\\\\MTG\\\\Desktop\\\\v0.9.1\\\\dataconnect\": could not find dataconnect.yaml in `c:\\Users\\MTG\\Desktop\\v0.9.1\\dataconnect`\n"}}
[debug] [2025-06-03T12:04:09.726Z] E0603 15:04:09.725883   27004 load.go:23] Could not load config from "c:\\Users\\MTG\\Desktop\\v0.9.1\\dataconnect": could not find dataconnect.yaml in `c:\Users\MTG\Desktop\v0.9.1\dataconnect`
 {"metadata":{"emulator":{"name":"dataconnect"},"message":"E0603 15:04:09.725883   27004 load.go:23] Could not load config from \"c:\\\\Users\\\\MTG\\\\Desktop\\\\v0.9.1\\\\dataconnect\": could not find dataconnect.yaml in `c:\\Users\\MTG\\Desktop\\v0.9.1\\dataconnect`\n"}}
[debug] [2025-06-03T12:04:19.723Z] E0603 15:04:19.722468   27004 load.go:23] Could not load config from "c:\\Users\\MTG\\Desktop\\v0.9.1\\dataconnect": could not find dataconnect.yaml in `c:\Users\MTG\Desktop\v0.9.1\dataconnect`
 {"metadata":{"emulator":{"name":"dataconnect"},"message":"E0603 15:04:19.722468   27004 load.go:23] Could not load config from \"c:\\\\Users\\\\MTG\\\\Desktop\\\\v0.9.1\\\\dataconnect\": could not find dataconnect.yaml in `c:\\Users\\MTG\\Desktop\\v0.9.1\\dataconnect`\n"}}
[debug] [2025-06-03T12:04:29.729Z] E0603 15:04:29.728574   27004 load.go:23] Could not load config from "c:\\Users\\MTG\\Desktop\\v0.9.1\\dataconnect": could not find dataconnect.yaml in `c:\Users\MTG\Desktop\v0.9.1\dataconnect`
 {"metadata":{"emulator":{"name":"dataconnect"},"message":"E0603 15:04:29.728574   27004 load.go:23] Could not load config from \"c:\\\\Users\\\\MTG\\\\Desktop\\\\v0.9.1\\\\dataconnect\": could not find dataconnect.yaml in `c:\\Users\\MTG\\Desktop\\v0.9.1\\dataconnect`\n"}}
[debug] [2025-06-03T12:04:39.725Z] E0603 15:04:39.725177   27004 load.go:23] Could not load config from "c:\\Users\\MTG\\Desktop\\v0.9.1\\dataconnect": could not find dataconnect.yaml in `c:\Users\MTG\Desktop\v0.9.1\dataconnect`
E0603 15:04:39.725177   27004 watch.go:76] watchAllDir unable to walk dir `c:\Users\MTG\Desktop\v0.9.1\dataconnect`: on path "c:\\Users\\MTG\\Desktop\\v0.9.1\\dataconnect" (DirEntry: <nil>): CreateFile c:\Users\MTG\Desktop\v0.9.1\dataconnect: The system cannot find the file specified.
 {"metadata":{"emulator":{"name":"dataconnect"},"message":"E0603 15:04:39.725177   27004 load.go:23] Could not load config from \"c:\\\\Users\\\\MTG\\\\Desktop\\\\v0.9.1\\\\dataconnect\": could not find dataconnect.yaml in `c:\\Users\\MTG\\Desktop\\v0.9.1\\dataconnect`\nE0603 15:04:39.725177   27004 watch.go:76] watchAllDir unable to walk dir `c:\\Users\\MTG\\Desktop\\v0.9.1\\dataconnect`: on path \"c:\\\\Users\\\\MTG\\\\Desktop\\\\v0.9.1\\\\dataconnect\" (DirEntry: <nil>): CreateFile c:\\Users\\MTG\\Desktop\\v0.9.1\\dataconnect: The system cannot find the file specified.\n"}}
[debug] [2025-06-03T12:04:49.764Z] E0603 15:04:49.763980   27004 load.go:23] Could not load config from "c:\\Users\\MTG\\Desktop\\v0.9.1\\dataconnect": could not find dataconnect.yaml in `c:\Users\MTG\Desktop\v0.9.1\dataconnect`
 {"metadata":{"emulator":{"name":"dataconnect"},"message":"E0603 15:04:49.763980   27004 load.go:23] Could not load config from \"c:\\\\Users\\\\MTG\\\\Desktop\\\\v0.9.1\\\\dataconnect\": could not find dataconnect.yaml in `c:\\Users\\MTG\\Desktop\\v0.9.1\\dataconnect`\n"}}
[debug] [2025-06-03T12:04:59.728Z] E0603 15:04:59.728164   27004 load.go:23] Could not load config from "c:\\Users\\MTG\\Desktop\\v0.9.1\\dataconnect": could not find dataconnect.yaml in `c:\Users\MTG\Desktop\v0.9.1\dataconnect`
 {"metadata":{"emulator":{"name":"dataconnect"},"message":"E0603 15:04:59.728164   27004 load.go:23] Could not load config from \"c:\\\\Users\\\\MTG\\\\Desktop\\\\v0.9.1\\\\dataconnect\": could not find dataconnect.yaml in `c:\\Users\\MTG\\Desktop\\v0.9.1\\dataconnect`\n"}}
[debug] [2025-06-03T12:05:09.717Z] E0603 15:05:09.717220   27004 load.go:23] Could not load config from "c:\\Users\\MTG\\Desktop\\v0.9.1\\dataconnect": could not find dataconnect.yaml in `c:\Users\MTG\Desktop\v0.9.1\dataconnect`
 {"metadata":{"emulator":{"name":"dataconnect"},"message":"E0603 15:05:09.717220   27004 load.go:23] Could not load config from \"c:\\\\Users\\\\MTG\\\\Desktop\\\\v0.9.1\\\\dataconnect\": could not find dataconnect.yaml in `c:\\Users\\MTG\\Desktop\\v0.9.1\\dataconnect`\n"}}
[debug] [2025-06-03T12:05:19.723Z] E0603 15:05:19.722899   27004 load.go:23] Could not load config from "c:\\Users\\MTG\\Desktop\\v0.9.1\\dataconnect": could not find dataconnect.yaml in `c:\Users\MTG\Desktop\v0.9.1\dataconnect`
 {"metadata":{"emulator":{"name":"dataconnect"},"message":"E0603 15:05:19.722899   27004 load.go:23] Could not load config from \"c:\\\\Users\\\\MTG\\\\Desktop\\\\v0.9.1\\\\dataconnect\": could not find dataconnect.yaml in `c:\\Users\\MTG\\Desktop\\v0.9.1\\dataconnect`\n"}}
[debug] [2025-06-03T12:05:29.730Z] E0603 15:05:29.730627   27004 load.go:23] Could not load config from "c:\\Users\\MTG\\Desktop\\v0.9.1\\dataconnect": could not find dataconnect.yaml in `c:\Users\MTG\Desktop\v0.9.1\dataconnect`
 {"metadata":{"emulator":{"name":"dataconnect"},"message":"E0603 15:05:29.730627   27004 load.go:23] Could not load config from \"c:\\\\Users\\\\MTG\\\\Desktop\\\\v0.9.1\\\\dataconnect\": could not find dataconnect.yaml in `c:\\Users\\MTG\\Desktop\\v0.9.1\\dataconnect`\n"}}
[debug] [2025-06-03T12:05:39.723Z] E0603 15:05:39.723325   27004 load.go:23] Could not load config from "c:\\Users\\MTG\\Desktop\\v0.9.1\\dataconnect": could not find dataconnect.yaml in `c:\Users\MTG\Desktop\v0.9.1\dataconnect`
 {"metadata":{"emulator":{"name":"dataconnect"},"message":"E0603 15:05:39.723325   27004 load.go:23] Could not load config from \"c:\\\\Users\\\\MTG\\\\Desktop\\\\v0.9.1\\\\dataconnect\": could not find dataconnect.yaml in `c:\\Users\\MTG\\Desktop\\v0.9.1\\dataconnect`\n"}}
[debug] [2025-06-03T12:05:49.718Z] E0603 15:05:49.718162   27004 load.go:23] Could not load config from "c:\\Users\\MTG\\Desktop\\v0.9.1\\dataconnect": could not find dataconnect.yaml in `c:\Users\MTG\Desktop\v0.9.1\dataconnect`
 {"metadata":{"emulator":{"name":"dataconnect"},"message":"E0603 15:05:49.718162   27004 load.go:23] Could not load config from \"c:\\\\Users\\\\MTG\\\\Desktop\\\\v0.9.1\\\\dataconnect\": could not find dataconnect.yaml in `c:\\Users\\MTG\\Desktop\\v0.9.1\\dataconnect`\n"}}
[debug] [2025-06-03T12:05:59.726Z] E0603 15:05:59.725957   27004 load.go:23] Could not load config from "c:\\Users\\MTG\\Desktop\\v0.9.1\\dataconnect": could not find dataconnect.yaml in `c:\Users\MTG\Desktop\v0.9.1\dataconnect`
 {"metadata":{"emulator":{"name":"dataconnect"},"message":"E0603 15:05:59.725957   27004 load.go:23] Could not load config from \"c:\\\\Users\\\\MTG\\\\Desktop\\\\v0.9.1\\\\dataconnect\": could not find dataconnect.yaml in `c:\\Users\\MTG\\Desktop\\v0.9.1\\dataconnect`\n"}}
[debug] [2025-06-03T12:06:09.730Z] E0603 15:06:09.730192   27004 load.go:23] Could not load config from "c:\\Users\\MTG\\Desktop\\v0.9.1\\dataconnect": could not find dataconnect.yaml in `c:\Users\MTG\Desktop\v0.9.1\dataconnect`
 {"metadata":{"emulator":{"name":"dataconnect"},"message":"E0603 15:06:09.730192   27004 load.go:23] Could not load config from \"c:\\\\Users\\\\MTG\\\\Desktop\\\\v0.9.1\\\\dataconnect\": could not find dataconnect.yaml in `c:\\Users\\MTG\\Desktop\\v0.9.1\\dataconnect`\n"}}
[debug] [2025-06-03T12:06:19.725Z] E0603 15:06:19.725714   27004 load.go:23] Could not load config from "c:\\Users\\MTG\\Desktop\\v0.9.1\\dataconnect": could not find dataconnect.yaml in `c:\Users\MTG\Desktop\v0.9.1\dataconnect`
 {"metadata":{"emulator":{"name":"dataconnect"},"message":"E0603 15:06:19.725714   27004 load.go:23] Could not load config from \"c:\\\\Users\\\\MTG\\\\Desktop\\\\v0.9.1\\\\dataconnect\": could not find dataconnect.yaml in `c:\\Users\\MTG\\Desktop\\v0.9.1\\dataconnect`\n"}}
[debug] [2025-06-03T12:06:29.717Z] E0603 15:06:29.717461   27004 load.go:23] Could not load config from "c:\\Users\\MTG\\Desktop\\v0.9.1\\dataconnect": could not find dataconnect.yaml in `c:\Users\MTG\Desktop\v0.9.1\dataconnect`
 {"metadata":{"emulator":{"name":"dataconnect"},"message":"E0603 15:06:29.717461   27004 load.go:23] Could not load config from \"c:\\\\Users\\\\MTG\\\\Desktop\\\\v0.9.1\\\\dataconnect\": could not find dataconnect.yaml in `c:\\Users\\MTG\\Desktop\\v0.9.1\\dataconnect`\n"}}
[debug] [2025-06-03T12:06:39.719Z] E0603 15:06:39.719817   27004 load.go:23] Could not load config from "c:\\Users\\MTG\\Desktop\\v0.9.1\\dataconnect": could not find dataconnect.yaml in `c:\Users\MTG\Desktop\v0.9.1\dataconnect`
 {"metadata":{"emulator":{"name":"dataconnect"},"message":"E0603 15:06:39.719817   27004 load.go:23] Could not load config from \"c:\\\\Users\\\\MTG\\\\Desktop\\\\v0.9.1\\\\dataconnect\": could not find dataconnect.yaml in `c:\\Users\\MTG\\Desktop\\v0.9.1\\dataconnect`\n"}}
[debug] [2025-06-03T12:06:39.720Z] E0603 15:06:39.719817   27004 watch.go:76] watchAllDir unable to walk dir `c:\Users\MTG\Desktop\v0.9.1\dataconnect`: on path "c:\\Users\\MTG\\Desktop\\v0.9.1\\dataconnect" (DirEntry: <nil>): CreateFile c:\Users\MTG\Desktop\v0.9.1\dataconnect: The system cannot find the file specified.
 {"metadata":{"emulator":{"name":"dataconnect"},"message":"E0603 15:06:39.719817   27004 watch.go:76] watchAllDir unable to walk dir `c:\\Users\\MTG\\Desktop\\v0.9.1\\dataconnect`: on path \"c:\\\\Users\\\\MTG\\\\Desktop\\\\v0.9.1\\\\dataconnect\" (DirEntry: <nil>): CreateFile c:\\Users\\MTG\\Desktop\\v0.9.1\\dataconnect: The system cannot find the file specified.\n"}}
[debug] [2025-06-03T12:06:49.729Z] E0603 15:06:49.728880   27004 load.go:23] Could not load config from "c:\\Users\\MTG\\Desktop\\v0.9.1\\dataconnect": could not find dataconnect.yaml in `c:\Users\MTG\Desktop\v0.9.1\dataconnect`
 {"metadata":{"emulator":{"name":"dataconnect"},"message":"E0603 15:06:49.728880   27004 load.go:23] Could not load config from \"c:\\\\Users\\\\MTG\\\\Desktop\\\\v0.9.1\\\\dataconnect\": could not find dataconnect.yaml in `c:\\Users\\MTG\\Desktop\\v0.9.1\\dataconnect`\n"}}
[debug] [2025-06-03T12:06:59.726Z] E0603 15:06:59.725795   27004 load.go:23] Could not load config from "c:\\Users\\MTG\\Desktop\\v0.9.1\\dataconnect": could not find dataconnect.yaml in `c:\Users\MTG\Desktop\v0.9.1\dataconnect`
 {"metadata":{"emulator":{"name":"dataconnect"},"message":"E0603 15:06:59.725795   27004 load.go:23] Could not load config from \"c:\\\\Users\\\\MTG\\\\Desktop\\\\v0.9.1\\\\dataconnect\": could not find dataconnect.yaml in `c:\\Users\\MTG\\Desktop\\v0.9.1\\dataconnect`\n"}}
[debug] [2025-06-03T12:07:09.721Z] E0603 15:07:09.721482   27004 load.go:23] Could not load config from "c:\\Users\\MTG\\Desktop\\v0.9.1\\dataconnect": could not find dataconnect.yaml in `c:\Users\MTG\Desktop\v0.9.1\dataconnect`
 {"metadata":{"emulator":{"name":"dataconnect"},"message":"E0603 15:07:09.721482   27004 load.go:23] Could not load config from \"c:\\\\Users\\\\MTG\\\\Desktop\\\\v0.9.1\\\\dataconnect\": could not find dataconnect.yaml in `c:\\Users\\MTG\\Desktop\\v0.9.1\\dataconnect`\n"}}
[debug] [2025-06-03T12:07:19.729Z] E0603 15:07:19.729885   27004 load.go:23] Could not load config from "c:\\Users\\MTG\\Desktop\\v0.9.1\\dataconnect": could not find dataconnect.yaml in `c:\Users\MTG\Desktop\v0.9.1\dataconnect`
 {"metadata":{"emulator":{"name":"dataconnect"},"message":"E0603 15:07:19.729885   27004 load.go:23] Could not load config from \"c:\\\\Users\\\\MTG\\\\Desktop\\\\v0.9.1\\\\dataconnect\": could not find dataconnect.yaml in `c:\\Users\\MTG\\Desktop\\v0.9.1\\dataconnect`\n"}}
[debug] [2025-06-03T12:07:29.731Z] E0603 15:07:29.731568   27004 load.go:23] Could not load config from "c:\\Users\\MTG\\Desktop\\v0.9.1\\dataconnect": could not find dataconnect.yaml in `c:\Users\MTG\Desktop\v0.9.1\dataconnect`
 {"metadata":{"emulator":{"name":"dataconnect"},"message":"E0603 15:07:29.731568   27004 load.go:23] Could not load config from \"c:\\\\Users\\\\MTG\\\\Desktop\\\\v0.9.1\\\\dataconnect\": could not find dataconnect.yaml in `c:\\Users\\MTG\\Desktop\\v0.9.1\\dataconnect`\n"}}
[debug] [2025-06-03T12:07:39.725Z] E0603 15:07:39.725459   27004 load.go:23] Could not load config from "c:\\Users\\MTG\\Desktop\\v0.9.1\\dataconnect": could not find dataconnect.yaml in `c:\Users\MTG\Desktop\v0.9.1\dataconnect`
 {"metadata":{"emulator":{"name":"dataconnect"},"message":"E0603 15:07:39.725459   27004 load.go:23] Could not load config from \"c:\\\\Users\\\\MTG\\\\Desktop\\\\v0.9.1\\\\dataconnect\": could not find dataconnect.yaml in `c:\\Users\\MTG\\Desktop\\v0.9.1\\dataconnect`\n"}}
[debug] [2025-06-03T12:07:49.724Z] E0603 15:07:49.724200   27004 load.go:23] Could not load config from "c:\\Users\\MTG\\Desktop\\v0.9.1\\dataconnect": could not find dataconnect.yaml in `c:\Users\MTG\Desktop\v0.9.1\dataconnect`
 {"metadata":{"emulator":{"name":"dataconnect"},"message":"E0603 15:07:49.724200   27004 load.go:23] Could not load config from \"c:\\\\Users\\\\MTG\\\\Desktop\\\\v0.9.1\\\\dataconnect\": could not find dataconnect.yaml in `c:\\Users\\MTG\\Desktop\\v0.9.1\\dataconnect`\n"}}
[debug] [2025-06-03T12:07:59.727Z] E0603 15:07:59.727132   27004 load.go:23] Could not load config from "c:\\Users\\MTG\\Desktop\\v0.9.1\\dataconnect": could not find dataconnect.yaml in `c:\Users\MTG\Desktop\v0.9.1\dataconnect`
 {"metadata":{"emulator":{"name":"dataconnect"},"message":"E0603 15:07:59.727132   27004 load.go:23] Could not load config from \"c:\\\\Users\\\\MTG\\\\Desktop\\\\v0.9.1\\\\dataconnect\": could not find dataconnect.yaml in `c:\\Users\\MTG\\Desktop\\v0.9.1\\dataconnect`\n"}}
[debug] [2025-06-03T12:08:09.720Z] E0603 15:08:09.720592   27004 load.go:23] Could not load config from "c:\\Users\\MTG\\Desktop\\v0.9.1\\dataconnect": could not find dataconnect.yaml in `c:\Users\MTG\Desktop\v0.9.1\dataconnect`
 {"metadata":{"emulator":{"name":"dataconnect"},"message":"E0603 15:08:09.720592   27004 load.go:23] Could not load config from \"c:\\\\Users\\\\MTG\\\\Desktop\\\\v0.9.1\\\\dataconnect\": could not find dataconnect.yaml in `c:\\Users\\MTG\\Desktop\\v0.9.1\\dataconnect`\n"}}
[debug] [2025-06-03T12:08:19.724Z] E0603 15:08:19.724400   27004 load.go:23] Could not load config from "c:\\Users\\MTG\\Desktop\\v0.9.1\\dataconnect": could not find dataconnect.yaml in `c:\Users\MTG\Desktop\v0.9.1\dataconnect`
 {"metadata":{"emulator":{"name":"dataconnect"},"message":"E0603 15:08:19.724400   27004 load.go:23] Could not load config from \"c:\\\\Users\\\\MTG\\\\Desktop\\\\v0.9.1\\\\dataconnect\": could not find dataconnect.yaml in `c:\\Users\\MTG\\Desktop\\v0.9.1\\dataconnect`\n"}}
[debug] [2025-06-03T12:08:29.723Z] E0603 15:08:29.723616   27004 load.go:23] Could not load config from "c:\\Users\\MTG\\Desktop\\v0.9.1\\dataconnect": could not find dataconnect.yaml in `c:\Users\MTG\Desktop\v0.9.1\dataconnect`
 {"metadata":{"emulator":{"name":"dataconnect"},"message":"E0603 15:08:29.723616   27004 load.go:23] Could not load config from \"c:\\\\Users\\\\MTG\\\\Desktop\\\\v0.9.1\\\\dataconnect\": could not find dataconnect.yaml in `c:\\Users\\MTG\\Desktop\\v0.9.1\\dataconnect`\n"}}
[debug] [2025-06-03T12:08:39.725Z] E0603 15:08:39.725104   27004 load.go:23] Could not load config from "c:\\Users\\MTG\\Desktop\\v0.9.1\\dataconnect": could not find dataconnect.yaml in `c:\Users\MTG\Desktop\v0.9.1\dataconnect`
 {"metadata":{"emulator":{"name":"dataconnect"},"message":"E0603 15:08:39.725104   27004 load.go:23] Could not load config from \"c:\\\\Users\\\\MTG\\\\Desktop\\\\v0.9.1\\\\dataconnect\": could not find dataconnect.yaml in `c:\\Users\\MTG\\Desktop\\v0.9.1\\dataconnect`\n"}}
[debug] [2025-06-03T12:08:39.725Z] E0603 15:08:39.725104   27004 watch.go:76] watchAllDir unable to walk dir `c:\Users\MTG\Desktop\v0.9.1\dataconnect`: on path "c:\\Users\\MTG\\Desktop\\v0.9.1\\dataconnect" (DirEntry: <nil>): CreateFile c:\Users\MTG\Desktop\v0.9.1\dataconnect: The system cannot find the file specified.
 {"metadata":{"emulator":{"name":"dataconnect"},"message":"E0603 15:08:39.725104   27004 watch.go:76] watchAllDir unable to walk dir `c:\\Users\\MTG\\Desktop\\v0.9.1\\dataconnect`: on path \"c:\\\\Users\\\\MTG\\\\Desktop\\\\v0.9.1\\\\dataconnect\" (DirEntry: <nil>): CreateFile c:\\Users\\MTG\\Desktop\\v0.9.1\\dataconnect: The system cannot find the file specified.\n"}}
[debug] [2025-06-03T12:08:49.723Z] E0603 15:08:49.722889   27004 load.go:23] Could not load config from "c:\\Users\\MTG\\Desktop\\v0.9.1\\dataconnect": could not find dataconnect.yaml in `c:\Users\MTG\Desktop\v0.9.1\dataconnect`
 {"metadata":{"emulator":{"name":"dataconnect"},"message":"E0603 15:08:49.722889   27004 load.go:23] Could not load config from \"c:\\\\Users\\\\MTG\\\\Desktop\\\\v0.9.1\\\\dataconnect\": could not find dataconnect.yaml in `c:\\Users\\MTG\\Desktop\\v0.9.1\\dataconnect`\n"}}
[debug] [2025-06-03T12:08:59.719Z] E0603 15:08:59.718535   27004 load.go:23] Could not load config from "c:\\Users\\MTG\\Desktop\\v0.9.1\\dataconnect": could not find dataconnect.yaml in `c:\Users\MTG\Desktop\v0.9.1\dataconnect`
 {"metadata":{"emulator":{"name":"dataconnect"},"message":"E0603 15:08:59.718535   27004 load.go:23] Could not load config from \"c:\\\\Users\\\\MTG\\\\Desktop\\\\v0.9.1\\\\dataconnect\": could not find dataconnect.yaml in `c:\\Users\\MTG\\Desktop\\v0.9.1\\dataconnect`\n"}}
[debug] [2025-06-03T12:09:09.733Z] E0603 15:09:09.733617   27004 load.go:23] Could not load config from "c:\\Users\\MTG\\Desktop\\v0.9.1\\dataconnect": could not find dataconnect.yaml in `c:\Users\MTG\Desktop\v0.9.1\dataconnect`
 {"metadata":{"emulator":{"name":"dataconnect"},"message":"E0603 15:09:09.733617   27004 load.go:23] Could not load config from \"c:\\\\Users\\\\MTG\\\\Desktop\\\\v0.9.1\\\\dataconnect\": could not find dataconnect.yaml in `c:\\Users\\MTG\\Desktop\\v0.9.1\\dataconnect`\n"}}
[debug] [2025-06-03T12:09:19.723Z] E0603 15:09:19.722925   27004 load.go:23] Could not load config from "c:\\Users\\MTG\\Desktop\\v0.9.1\\dataconnect": could not find dataconnect.yaml in `c:\Users\MTG\Desktop\v0.9.1\dataconnect`
 {"metadata":{"emulator":{"name":"dataconnect"},"message":"E0603 15:09:19.722925   27004 load.go:23] Could not load config from \"c:\\\\Users\\\\MTG\\\\Desktop\\\\v0.9.1\\\\dataconnect\": could not find dataconnect.yaml in `c:\\Users\\MTG\\Desktop\\v0.9.1\\dataconnect`\n"}}
[debug] [2025-06-03T12:09:29.717Z] E0603 15:09:29.716941   27004 load.go:23] Could not load config from "c:\\Users\\MTG\\Desktop\\v0.9.1\\dataconnect": could not find dataconnect.yaml in `c:\Users\MTG\Desktop\v0.9.1\dataconnect`
 {"metadata":{"emulator":{"name":"dataconnect"},"message":"E0603 15:09:29.716941   27004 load.go:23] Could not load config from \"c:\\\\Users\\\\MTG\\\\Desktop\\\\v0.9.1\\\\dataconnect\": could not find dataconnect.yaml in `c:\\Users\\MTG\\Desktop\\v0.9.1\\dataconnect`\n"}}
[debug] [2025-06-03T12:09:39.719Z] E0603 15:09:39.719465   27004 load.go:23] Could not load config from "c:\\Users\\MTG\\Desktop\\v0.9.1\\dataconnect": could not find dataconnect.yaml in `c:\Users\MTG\Desktop\v0.9.1\dataconnect`
 {"metadata":{"emulator":{"name":"dataconnect"},"message":"E0603 15:09:39.719465   27004 load.go:23] Could not load config from \"c:\\\\Users\\\\MTG\\\\Desktop\\\\v0.9.1\\\\dataconnect\": could not find dataconnect.yaml in `c:\\Users\\MTG\\Desktop\\v0.9.1\\dataconnect`\n"}}
[debug] [2025-06-03T12:09:49.763Z] E0603 15:09:49.762592   27004 load.go:23] Could not load config from "c:\\Users\\MTG\\Desktop\\v0.9.1\\dataconnect": could not find dataconnect.yaml in `c:\Users\MTG\Desktop\v0.9.1\dataconnect`
 {"metadata":{"emulator":{"name":"dataconnect"},"message":"E0603 15:09:49.762592   27004 load.go:23] Could not load config from \"c:\\\\Users\\\\MTG\\\\Desktop\\\\v0.9.1\\\\dataconnect\": could not find dataconnect.yaml in `c:\\Users\\MTG\\Desktop\\v0.9.1\\dataconnect`\n"}}
[debug] [2025-06-03T12:09:59.719Z] E0603 15:09:59.719403   27004 load.go:23] Could not load config from "c:\\Users\\MTG\\Desktop\\v0.9.1\\dataconnect": could not find dataconnect.yaml in `c:\Users\MTG\Desktop\v0.9.1\dataconnect`
 {"metadata":{"emulator":{"name":"dataconnect"},"message":"E0603 15:09:59.719403   27004 load.go:23] Could not load config from \"c:\\\\Users\\\\MTG\\\\Desktop\\\\v0.9.1\\\\dataconnect\": could not find dataconnect.yaml in `c:\\Users\\MTG\\Desktop\\v0.9.1\\dataconnect`\n"}}
[debug] [2025-06-03T12:10:09.725Z] E0603 15:10:09.725728   27004 load.go:23] Could not load config from "c:\\Users\\MTG\\Desktop\\v0.9.1\\dataconnect": could not find dataconnect.yaml in `c:\Users\MTG\Desktop\v0.9.1\dataconnect`
 {"metadata":{"emulator":{"name":"dataconnect"},"message":"E0603 15:10:09.725728   27004 load.go:23] Could not load config from \"c:\\\\Users\\\\MTG\\\\Desktop\\\\v0.9.1\\\\dataconnect\": could not find dataconnect.yaml in `c:\\Users\\MTG\\Desktop\\v0.9.1\\dataconnect`\n"}}
[debug] [2025-06-03T12:10:19.721Z] E0603 15:10:19.721287   27004 load.go:23] Could not load config from "c:\\Users\\MTG\\Desktop\\v0.9.1\\dataconnect": could not find dataconnect.yaml in `c:\Users\MTG\Desktop\v0.9.1\dataconnect`
 {"metadata":{"emulator":{"name":"dataconnect"},"message":"E0603 15:10:19.721287   27004 load.go:23] Could not load config from \"c:\\\\Users\\\\MTG\\\\Desktop\\\\v0.9.1\\\\dataconnect\": could not find dataconnect.yaml in `c:\\Users\\MTG\\Desktop\\v0.9.1\\dataconnect`\n"}}
[debug] [2025-06-03T12:10:29.730Z] E0603 15:10:29.730205   27004 load.go:23] Could not load config from "c:\\Users\\MTG\\Desktop\\v0.9.1\\dataconnect": could not find dataconnect.yaml in `c:\Users\MTG\Desktop\v0.9.1\dataconnect`
 {"metadata":{"emulator":{"name":"dataconnect"},"message":"E0603 15:10:29.730205   27004 load.go:23] Could not load config from \"c:\\\\Users\\\\MTG\\\\Desktop\\\\v0.9.1\\\\dataconnect\": could not find dataconnect.yaml in `c:\\Users\\MTG\\Desktop\\v0.9.1\\dataconnect`\n"}}
[debug] [2025-06-03T12:10:39.717Z] E0603 15:10:39.717410   27004 load.go:23] Could not load config from "c:\\Users\\MTG\\Desktop\\v0.9.1\\dataconnect": could not find dataconnect.yaml in `c:\Users\MTG\Desktop\v0.9.1\dataconnect`
 {"metadata":{"emulator":{"name":"dataconnect"},"message":"E0603 15:10:39.717410   27004 load.go:23] Could not load config from \"c:\\\\Users\\\\MTG\\\\Desktop\\\\v0.9.1\\\\dataconnect\": could not find dataconnect.yaml in `c:\\Users\\MTG\\Desktop\\v0.9.1\\dataconnect`\n"}}
[debug] [2025-06-03T12:10:39.717Z] E0603 15:10:39.717410   27004 watch.go:76] watchAllDir unable to walk dir `c:\Users\MTG\Desktop\v0.9.1\dataconnect`: on path "c:\\Users\\MTG\\Desktop\\v0.9.1\\dataconnect" (DirEntry: <nil>): CreateFile c:\Users\MTG\Desktop\v0.9.1\dataconnect: The system cannot find the file specified.
 {"metadata":{"emulator":{"name":"dataconnect"},"message":"E0603 15:10:39.717410   27004 watch.go:76] watchAllDir unable to walk dir `c:\\Users\\MTG\\Desktop\\v0.9.1\\dataconnect`: on path \"c:\\\\Users\\\\MTG\\\\Desktop\\\\v0.9.1\\\\dataconnect\" (DirEntry: <nil>): CreateFile c:\\Users\\MTG\\Desktop\\v0.9.1\\dataconnect: The system cannot find the file specified.\n"}}
[debug] [2025-06-03T12:10:49.728Z] E0603 15:10:49.728467   27004 load.go:23] Could not load config from "c:\\Users\\MTG\\Desktop\\v0.9.1\\dataconnect": could not find dataconnect.yaml in `c:\Users\MTG\Desktop\v0.9.1\dataconnect`
 {"metadata":{"emulator":{"name":"dataconnect"},"message":"E0603 15:10:49.728467   27004 load.go:23] Could not load config from \"c:\\\\Users\\\\MTG\\\\Desktop\\\\v0.9.1\\\\dataconnect\": could not find dataconnect.yaml in `c:\\Users\\MTG\\Desktop\\v0.9.1\\dataconnect`\n"}}
[debug] [2025-06-03T12:10:59.730Z] E0603 15:10:59.730706   27004 load.go:23] Could not load config from "c:\\Users\\MTG\\Desktop\\v0.9.1\\dataconnect": could not find dataconnect.yaml in `c:\Users\MTG\Desktop\v0.9.1\dataconnect`
 {"metadata":{"emulator":{"name":"dataconnect"},"message":"E0603 15:10:59.730706   27004 load.go:23] Could not load config from \"c:\\\\Users\\\\MTG\\\\Desktop\\\\v0.9.1\\\\dataconnect\": could not find dataconnect.yaml in `c:\\Users\\MTG\\Desktop\\v0.9.1\\dataconnect`\n"}}
[debug] [2025-06-03T12:11:09.728Z] E0603 15:11:09.727978   27004 load.go:23] Could not load config from "c:\\Users\\MTG\\Desktop\\v0.9.1\\dataconnect": could not find dataconnect.yaml in `c:\Users\MTG\Desktop\v0.9.1\dataconnect`
 {"metadata":{"emulator":{"name":"dataconnect"},"message":"E0603 15:11:09.727978   27004 load.go:23] Could not load config from \"c:\\\\Users\\\\MTG\\\\Desktop\\\\v0.9.1\\\\dataconnect\": could not find dataconnect.yaml in `c:\\Users\\MTG\\Desktop\\v0.9.1\\dataconnect`\n"}}
[debug] [2025-06-03T12:11:19.725Z] E0603 15:11:19.725507   27004 load.go:23] Could not load config from "c:\\Users\\MTG\\Desktop\\v0.9.1\\dataconnect": could not find dataconnect.yaml in `c:\Users\MTG\Desktop\v0.9.1\dataconnect`
 {"metadata":{"emulator":{"name":"dataconnect"},"message":"E0603 15:11:19.725507   27004 load.go:23] Could not load config from \"c:\\\\Users\\\\MTG\\\\Desktop\\\\v0.9.1\\\\dataconnect\": could not find dataconnect.yaml in `c:\\Users\\MTG\\Desktop\\v0.9.1\\dataconnect`\n"}}
[debug] [2025-06-03T12:11:29.726Z] E0603 15:11:29.726865   27004 load.go:23] Could not load config from "c:\\Users\\MTG\\Desktop\\v0.9.1\\dataconnect": could not find dataconnect.yaml in `c:\Users\MTG\Desktop\v0.9.1\dataconnect`
 {"metadata":{"emulator":{"name":"dataconnect"},"message":"E0603 15:11:29.726865   27004 load.go:23] Could not load config from \"c:\\\\Users\\\\MTG\\\\Desktop\\\\v0.9.1\\\\dataconnect\": could not find dataconnect.yaml in `c:\\Users\\MTG\\Desktop\\v0.9.1\\dataconnect`\n"}}
[debug] [2025-06-03T12:11:39.717Z] E0603 15:11:39.717407   27004 load.go:23] Could not load config from "c:\\Users\\MTG\\Desktop\\v0.9.1\\dataconnect": could not find dataconnect.yaml in `c:\Users\MTG\Desktop\v0.9.1\dataconnect`
 {"metadata":{"emulator":{"name":"dataconnect"},"message":"E0603 15:11:39.717407   27004 load.go:23] Could not load config from \"c:\\\\Users\\\\MTG\\\\Desktop\\\\v0.9.1\\\\dataconnect\": could not find dataconnect.yaml in `c:\\Users\\MTG\\Desktop\\v0.9.1\\dataconnect`\n"}}
[debug] [2025-06-03T12:11:49.720Z] E0603 15:11:49.720798   27004 load.go:23] Could not load config from "c:\\Users\\MTG\\Desktop\\v0.9.1\\dataconnect": could not find dataconnect.yaml in `c:\Users\MTG\Desktop\v0.9.1\dataconnect`
 {"metadata":{"emulator":{"name":"dataconnect"},"message":"E0603 15:11:49.720798   27004 load.go:23] Could not load config from \"c:\\\\Users\\\\MTG\\\\Desktop\\\\v0.9.1\\\\dataconnect\": could not find dataconnect.yaml in `c:\\Users\\MTG\\Desktop\\v0.9.1\\dataconnect`\n"}}
[debug] [2025-06-03T12:11:59.730Z] E0603 15:11:59.730520   27004 load.go:23] Could not load config from "c:\\Users\\MTG\\Desktop\\v0.9.1\\dataconnect": could not find dataconnect.yaml in `c:\Users\MTG\Desktop\v0.9.1\dataconnect`
 {"metadata":{"emulator":{"name":"dataconnect"},"message":"E0603 15:11:59.730520   27004 load.go:23] Could not load config from \"c:\\\\Users\\\\MTG\\\\Desktop\\\\v0.9.1\\\\dataconnect\": could not find dataconnect.yaml in `c:\\Users\\MTG\\Desktop\\v0.9.1\\dataconnect`\n"}}
[debug] [2025-06-03T12:12:09.731Z] E0603 15:12:09.731046   27004 load.go:23] Could not load config from "c:\\Users\\MTG\\Desktop\\v0.9.1\\dataconnect": could not find dataconnect.yaml in `c:\Users\MTG\Desktop\v0.9.1\dataconnect`
 {"metadata":{"emulator":{"name":"dataconnect"},"message":"E0603 15:12:09.731046   27004 load.go:23] Could not load config from \"c:\\\\Users\\\\MTG\\\\Desktop\\\\v0.9.1\\\\dataconnect\": could not find dataconnect.yaml in `c:\\Users\\MTG\\Desktop\\v0.9.1\\dataconnect`\n"}}
[debug] [2025-06-03T12:12:19.728Z] E0603 15:12:19.728305   27004 load.go:23] Could not load config from "c:\\Users\\MTG\\Desktop\\v0.9.1\\dataconnect": could not find dataconnect.yaml in `c:\Users\MTG\Desktop\v0.9.1\dataconnect`
 {"metadata":{"emulator":{"name":"dataconnect"},"message":"E0603 15:12:19.728305   27004 load.go:23] Could not load config from \"c:\\\\Users\\\\MTG\\\\Desktop\\\\v0.9.1\\\\dataconnect\": could not find dataconnect.yaml in `c:\\Users\\MTG\\Desktop\\v0.9.1\\dataconnect`\n"}}
[debug] [2025-06-03T12:12:29.718Z] E0603 15:12:29.718789   27004 load.go:23] Could not load config from "c:\\Users\\MTG\\Desktop\\v0.9.1\\dataconnect": could not find dataconnect.yaml in `c:\Users\MTG\Desktop\v0.9.1\dataconnect`
 {"metadata":{"emulator":{"name":"dataconnect"},"message":"E0603 15:12:29.718789   27004 load.go:23] Could not load config from \"c:\\\\Users\\\\MTG\\\\Desktop\\\\v0.9.1\\\\dataconnect\": could not find dataconnect.yaml in `c:\\Users\\MTG\\Desktop\\v0.9.1\\dataconnect`\n"}}
[debug] [2025-06-03T12:12:39.728Z] E0603 15:12:39.727714   27004 load.go:23] Could not load config from "c:\\Users\\MTG\\Desktop\\v0.9.1\\dataconnect": could not find dataconnect.yaml in `c:\Users\MTG\Desktop\v0.9.1\dataconnect`
 {"metadata":{"emulator":{"name":"dataconnect"},"message":"E0603 15:12:39.727714   27004 load.go:23] Could not load config from \"c:\\\\Users\\\\MTG\\\\Desktop\\\\v0.9.1\\\\dataconnect\": could not find dataconnect.yaml in `c:\\Users\\MTG\\Desktop\\v0.9.1\\dataconnect`\n"}}
[debug] [2025-06-03T12:12:39.728Z] E0603 15:12:39.728700   27004 watch.go:76] watchAllDir unable to walk dir `c:\Users\MTG\Desktop\v0.9.1\dataconnect`: on path "c:\\Users\\MTG\\Desktop\\v0.9.1\\dataconnect" (DirEntry: <nil>): CreateFile c:\Users\MTG\Desktop\v0.9.1\dataconnect: The system cannot find the file specified.
 {"metadata":{"emulator":{"name":"dataconnect"},"message":"E0603 15:12:39.728700   27004 watch.go:76] watchAllDir unable to walk dir `c:\\Users\\MTG\\Desktop\\v0.9.1\\dataconnect`: on path \"c:\\\\Users\\\\MTG\\\\Desktop\\\\v0.9.1\\\\dataconnect\" (DirEntry: <nil>): CreateFile c:\\Users\\MTG\\Desktop\\v0.9.1\\dataconnect: The system cannot find the file specified.\n"}}
[debug] [2025-06-03T12:12:49.718Z] E0603 15:12:49.718073   27004 load.go:23] Could not load config from "c:\\Users\\MTG\\Desktop\\v0.9.1\\dataconnect": could not find dataconnect.yaml in `c:\Users\MTG\Desktop\v0.9.1\dataconnect`
 {"metadata":{"emulator":{"name":"dataconnect"},"message":"E0603 15:12:49.718073   27004 load.go:23] Could not load config from \"c:\\\\Users\\\\MTG\\\\Desktop\\\\v0.9.1\\\\dataconnect\": could not find dataconnect.yaml in `c:\\Users\\MTG\\Desktop\\v0.9.1\\dataconnect`\n"}}
[debug] [2025-06-03T12:12:59.731Z] E0603 15:12:59.731333   27004 load.go:23] Could not load config from "c:\\Users\\MTG\\Desktop\\v0.9.1\\dataconnect": could not find dataconnect.yaml in `c:\Users\MTG\Desktop\v0.9.1\dataconnect`
 {"metadata":{"emulator":{"name":"dataconnect"},"message":"E0603 15:12:59.731333   27004 load.go:23] Could not load config from \"c:\\\\Users\\\\MTG\\\\Desktop\\\\v0.9.1\\\\dataconnect\": could not find dataconnect.yaml in `c:\\Users\\MTG\\Desktop\\v0.9.1\\dataconnect`\n"}}
[debug] [2025-06-03T12:13:09.729Z] E0603 15:13:09.729723   27004 load.go:23] Could not load config from "c:\\Users\\MTG\\Desktop\\v0.9.1\\dataconnect": could not find dataconnect.yaml in `c:\Users\MTG\Desktop\v0.9.1\dataconnect`
 {"metadata":{"emulator":{"name":"dataconnect"},"message":"E0603 15:13:09.729723   27004 load.go:23] Could not load config from \"c:\\\\Users\\\\MTG\\\\Desktop\\\\v0.9.1\\\\dataconnect\": could not find dataconnect.yaml in `c:\\Users\\MTG\\Desktop\\v0.9.1\\dataconnect`\n"}}
[debug] [2025-06-03T12:13:19.719Z] E0603 15:13:19.719282   27004 load.go:23] Could not load config from "c:\\Users\\MTG\\Desktop\\v0.9.1\\dataconnect": could not find dataconnect.yaml in `c:\Users\MTG\Desktop\v0.9.1\dataconnect`
 {"metadata":{"emulator":{"name":"dataconnect"},"message":"E0603 15:13:19.719282   27004 load.go:23] Could not load config from \"c:\\\\Users\\\\MTG\\\\Desktop\\\\v0.9.1\\\\dataconnect\": could not find dataconnect.yaml in `c:\\Users\\MTG\\Desktop\\v0.9.1\\dataconnect`\n"}}
[debug] [2025-06-03T12:13:29.721Z] E0603 15:13:29.721738   27004 load.go:23] Could not load config from "c:\\Users\\MTG\\Desktop\\v0.9.1\\dataconnect": could not find dataconnect.yaml in `c:\Users\MTG\Desktop\v0.9.1\dataconnect`
 {"metadata":{"emulator":{"name":"dataconnect"},"message":"E0603 15:13:29.721738   27004 load.go:23] Could not load config from \"c:\\\\Users\\\\MTG\\\\Desktop\\\\v0.9.1\\\\dataconnect\": could not find dataconnect.yaml in `c:\\Users\\MTG\\Desktop\\v0.9.1\\dataconnect`\n"}}
[debug] [2025-06-03T12:13:39.724Z] E0603 15:13:39.723909   27004 load.go:23] Could not load config from "c:\\Users\\MTG\\Desktop\\v0.9.1\\dataconnect": could not find dataconnect.yaml in `c:\Users\MTG\Desktop\v0.9.1\dataconnect`
 {"metadata":{"emulator":{"name":"dataconnect"},"message":"E0603 15:13:39.723909   27004 load.go:23] Could not load config from \"c:\\\\Users\\\\MTG\\\\Desktop\\\\v0.9.1\\\\dataconnect\": could not find dataconnect.yaml in `c:\\Users\\MTG\\Desktop\\v0.9.1\\dataconnect`\n"}}
[debug] [2025-06-03T12:13:49.726Z] E0603 15:13:49.725931   27004 load.go:23] Could not load config from "c:\\Users\\MTG\\Desktop\\v0.9.1\\dataconnect": could not find dataconnect.yaml in `c:\Users\MTG\Desktop\v0.9.1\dataconnect`
 {"metadata":{"emulator":{"name":"dataconnect"},"message":"E0603 15:13:49.725931   27004 load.go:23] Could not load config from \"c:\\\\Users\\\\MTG\\\\Desktop\\\\v0.9.1\\\\dataconnect\": could not find dataconnect.yaml in `c:\\Users\\MTG\\Desktop\\v0.9.1\\dataconnect`\n"}}
[debug] [2025-06-03T12:13:59.718Z] E0603 15:13:59.718239   27004 load.go:23] Could not load config from "c:\\Users\\MTG\\Desktop\\v0.9.1\\dataconnect": could not find dataconnect.yaml in `c:\Users\MTG\Desktop\v0.9.1\dataconnect`
 {"metadata":{"emulator":{"name":"dataconnect"},"message":"E0603 15:13:59.718239   27004 load.go:23] Could not load config from \"c:\\\\Users\\\\MTG\\\\Desktop\\\\v0.9.1\\\\dataconnect\": could not find dataconnect.yaml in `c:\\Users\\MTG\\Desktop\\v0.9.1\\dataconnect`\n"}}
[debug] [2025-06-03T12:14:09.721Z] E0603 15:14:09.721279   27004 load.go:23] Could not load config from "c:\\Users\\MTG\\Desktop\\v0.9.1\\dataconnect": could not find dataconnect.yaml in `c:\Users\MTG\Desktop\v0.9.1\dataconnect`
 {"metadata":{"emulator":{"name":"dataconnect"},"message":"E0603 15:14:09.721279   27004 load.go:23] Could not load config from \"c:\\\\Users\\\\MTG\\\\Desktop\\\\v0.9.1\\\\dataconnect\": could not find dataconnect.yaml in `c:\\Users\\MTG\\Desktop\\v0.9.1\\dataconnect`\n"}}
[debug] [2025-06-03T12:14:19.728Z] E0603 15:14:19.728006   27004 load.go:23] Could not load config from "c:\\Users\\MTG\\Desktop\\v0.9.1\\dataconnect": could not find dataconnect.yaml in `c:\Users\MTG\Desktop\v0.9.1\dataconnect`
 {"metadata":{"emulator":{"name":"dataconnect"},"message":"E0603 15:14:19.728006   27004 load.go:23] Could not load config from \"c:\\\\Users\\\\MTG\\\\Desktop\\\\v0.9.1\\\\dataconnect\": could not find dataconnect.yaml in `c:\\Users\\MTG\\Desktop\\v0.9.1\\dataconnect`\n"}}
[debug] [2025-06-03T12:14:29.726Z] E0603 15:14:29.725935   27004 load.go:23] Could not load config from "c:\\Users\\MTG\\Desktop\\v0.9.1\\dataconnect": could not find dataconnect.yaml in `c:\Users\MTG\Desktop\v0.9.1\dataconnect`
 {"metadata":{"emulator":{"name":"dataconnect"},"message":"E0603 15:14:29.725935   27004 load.go:23] Could not load config from \"c:\\\\Users\\\\MTG\\\\Desktop\\\\v0.9.1\\\\dataconnect\": could not find dataconnect.yaml in `c:\\Users\\MTG\\Desktop\\v0.9.1\\dataconnect`\n"}}
[debug] [2025-06-03T12:14:39.723Z] E0603 15:14:39.723929   27004 load.go:23] Could not load config from "c:\\Users\\MTG\\Desktop\\v0.9.1\\dataconnect": could not find dataconnect.yaml in `c:\Users\MTG\Desktop\v0.9.1\dataconnect`
E0603 15:14:39.723929   27004 watch.go:76] watchAllDir unable to walk dir `c:\Users\MTG\Desktop\v0.9.1\dataconnect`: on path "c:\\Users\\MTG\\Desktop\\v0.9.1\\dataconnect" (DirEntry: <nil>): CreateFile c:\Users\MTG\Desktop\v0.9.1\dataconnect: The system cannot find the file specified.
 {"metadata":{"emulator":{"name":"dataconnect"},"message":"E0603 15:14:39.723929   27004 load.go:23] Could not load config from \"c:\\\\Users\\\\MTG\\\\Desktop\\\\v0.9.1\\\\dataconnect\": could not find dataconnect.yaml in `c:\\Users\\MTG\\Desktop\\v0.9.1\\dataconnect`\nE0603 15:14:39.723929   27004 watch.go:76] watchAllDir unable to walk dir `c:\\Users\\MTG\\Desktop\\v0.9.1\\dataconnect`: on path \"c:\\\\Users\\\\MTG\\\\Desktop\\\\v0.9.1\\\\dataconnect\" (DirEntry: <nil>): CreateFile c:\\Users\\MTG\\Desktop\\v0.9.1\\dataconnect: The system cannot find the file specified.\n"}}
[debug] [2025-06-03T12:14:49.731Z] E0603 15:14:49.731736   27004 load.go:23] Could not load config from "c:\\Users\\MTG\\Desktop\\v0.9.1\\dataconnect": could not find dataconnect.yaml in `c:\Users\MTG\Desktop\v0.9.1\dataconnect`
 {"metadata":{"emulator":{"name":"dataconnect"},"message":"E0603 15:14:49.731736   27004 load.go:23] Could not load config from \"c:\\\\Users\\\\MTG\\\\Desktop\\\\v0.9.1\\\\dataconnect\": could not find dataconnect.yaml in `c:\\Users\\MTG\\Desktop\\v0.9.1\\dataconnect`\n"}}
[debug] [2025-06-03T12:14:59.737Z] E0603 15:14:59.722239   27004 load.go:23] Could not load config from "c:\\Users\\MTG\\Desktop\\v0.9.1\\dataconnect": could not find dataconnect.yaml in `c:\Users\MTG\Desktop\v0.9.1\dataconnect`
 {"metadata":{"emulator":{"name":"dataconnect"},"message":"E0603 15:14:59.722239   27004 load.go:23] Could not load config from \"c:\\\\Users\\\\MTG\\\\Desktop\\\\v0.9.1\\\\dataconnect\": could not find dataconnect.yaml in `c:\\Users\\MTG\\Desktop\\v0.9.1\\dataconnect`\n"}}
[debug] [2025-06-03T12:15:09.720Z] E0603 15:15:09.720856   27004 load.go:23] Could not load config from "c:\\Users\\MTG\\Desktop\\v0.9.1\\dataconnect": could not find dataconnect.yaml in `c:\Users\MTG\Desktop\v0.9.1\dataconnect`
 {"metadata":{"emulator":{"name":"dataconnect"},"message":"E0603 15:15:09.720856   27004 load.go:23] Could not load config from \"c:\\\\Users\\\\MTG\\\\Desktop\\\\v0.9.1\\\\dataconnect\": could not find dataconnect.yaml in `c:\\Users\\MTG\\Desktop\\v0.9.1\\dataconnect`\n"}}
[debug] [2025-06-03T12:15:19.720Z] E0603 15:15:19.720865   27004 load.go:23] Could not load config from "c:\\Users\\MTG\\Desktop\\v0.9.1\\dataconnect": could not find dataconnect.yaml in `c:\Users\MTG\Desktop\v0.9.1\dataconnect`
 {"metadata":{"emulator":{"name":"dataconnect"},"message":"E0603 15:15:19.720865   27004 load.go:23] Could not load config from \"c:\\\\Users\\\\MTG\\\\Desktop\\\\v0.9.1\\\\dataconnect\": could not find dataconnect.yaml in `c:\\Users\\MTG\\Desktop\\v0.9.1\\dataconnect`\n"}}
[debug] [2025-06-03T12:15:29.722Z] E0603 15:15:29.722515   27004 load.go:23] Could not load config from "c:\\Users\\MTG\\Desktop\\v0.9.1\\dataconnect": could not find dataconnect.yaml in `c:\Users\MTG\Desktop\v0.9.1\dataconnect`
 {"metadata":{"emulator":{"name":"dataconnect"},"message":"E0603 15:15:29.722515   27004 load.go:23] Could not load config from \"c:\\\\Users\\\\MTG\\\\Desktop\\\\v0.9.1\\\\dataconnect\": could not find dataconnect.yaml in `c:\\Users\\MTG\\Desktop\\v0.9.1\\dataconnect`\n"}}
[debug] [2025-06-03T12:15:39.730Z] E0603 15:15:39.730035   27004 load.go:23] Could not load config from "c:\\Users\\MTG\\Desktop\\v0.9.1\\dataconnect": could not find dataconnect.yaml in `c:\Users\MTG\Desktop\v0.9.1\dataconnect`
 {"metadata":{"emulator":{"name":"dataconnect"},"message":"E0603 15:15:39.730035   27004 load.go:23] Could not load config from \"c:\\\\Users\\\\MTG\\\\Desktop\\\\v0.9.1\\\\dataconnect\": could not find dataconnect.yaml in `c:\\Users\\MTG\\Desktop\\v0.9.1\\dataconnect`\n"}}
[debug] [2025-06-03T12:15:49.716Z] E0603 15:15:49.716450   27004 load.go:23] Could not load config from "c:\\Users\\MTG\\Desktop\\v0.9.1\\dataconnect": could not find dataconnect.yaml in `c:\Users\MTG\Desktop\v0.9.1\dataconnect`
 {"metadata":{"emulator":{"name":"dataconnect"},"message":"E0603 15:15:49.716450   27004 load.go:23] Could not load config from \"c:\\\\Users\\\\MTG\\\\Desktop\\\\v0.9.1\\\\dataconnect\": could not find dataconnect.yaml in `c:\\Users\\MTG\\Desktop\\v0.9.1\\dataconnect`\n"}}
[debug] [2025-06-03T12:15:59.727Z] E0603 15:15:59.727471   27004 load.go:23] Could not load config from "c:\\Users\\MTG\\Desktop\\v0.9.1\\dataconnect": could not find dataconnect.yaml in `c:\Users\MTG\Desktop\v0.9.1\dataconnect`
 {"metadata":{"emulator":{"name":"dataconnect"},"message":"E0603 15:15:59.727471   27004 load.go:23] Could not load config from \"c:\\\\Users\\\\MTG\\\\Desktop\\\\v0.9.1\\\\dataconnect\": could not find dataconnect.yaml in `c:\\Users\\MTG\\Desktop\\v0.9.1\\dataconnect`\n"}}
[debug] [2025-06-03T12:16:09.730Z] E0603 15:16:09.729955   27004 load.go:23] Could not load config from "c:\\Users\\MTG\\Desktop\\v0.9.1\\dataconnect": could not find dataconnect.yaml in `c:\Users\MTG\Desktop\v0.9.1\dataconnect`
 {"metadata":{"emulator":{"name":"dataconnect"},"message":"E0603 15:16:09.729955   27004 load.go:23] Could not load config from \"c:\\\\Users\\\\MTG\\\\Desktop\\\\v0.9.1\\\\dataconnect\": could not find dataconnect.yaml in `c:\\Users\\MTG\\Desktop\\v0.9.1\\dataconnect`\n"}}
[debug] [2025-06-03T12:16:19.726Z] E0603 15:16:19.725942   27004 load.go:23] Could not load config from "c:\\Users\\MTG\\Desktop\\v0.9.1\\dataconnect": could not find dataconnect.yaml in `c:\Users\MTG\Desktop\v0.9.1\dataconnect`
 {"metadata":{"emulator":{"name":"dataconnect"},"message":"E0603 15:16:19.725942   27004 load.go:23] Could not load config from \"c:\\\\Users\\\\MTG\\\\Desktop\\\\v0.9.1\\\\dataconnect\": could not find dataconnect.yaml in `c:\\Users\\MTG\\Desktop\\v0.9.1\\dataconnect`\n"}}
[debug] [2025-06-03T12:16:29.722Z] E0603 15:16:29.722046   27004 load.go:23] Could not load config from "c:\\Users\\MTG\\Desktop\\v0.9.1\\dataconnect": could not find dataconnect.yaml in `c:\Users\MTG\Desktop\v0.9.1\dataconnect`
 {"metadata":{"emulator":{"name":"dataconnect"},"message":"E0603 15:16:29.722046   27004 load.go:23] Could not load config from \"c:\\\\Users\\\\MTG\\\\Desktop\\\\v0.9.1\\\\dataconnect\": could not find dataconnect.yaml in `c:\\Users\\MTG\\Desktop\\v0.9.1\\dataconnect`\n"}}
[debug] [2025-06-03T12:16:39.727Z] E0603 15:16:39.727468   27004 load.go:23] Could not load config from "c:\\Users\\MTG\\Desktop\\v0.9.1\\dataconnect": could not find dataconnect.yaml in `c:\Users\MTG\Desktop\v0.9.1\dataconnect`
 {"metadata":{"emulator":{"name":"dataconnect"},"message":"E0603 15:16:39.727468   27004 load.go:23] Could not load config from \"c:\\\\Users\\\\MTG\\\\Desktop\\\\v0.9.1\\\\dataconnect\": could not find dataconnect.yaml in `c:\\Users\\MTG\\Desktop\\v0.9.1\\dataconnect`\n"}}
[debug] [2025-06-03T12:16:39.728Z] E0603 15:16:39.728013   27004 watch.go:76] watchAllDir unable to walk dir `c:\Users\MTG\Desktop\v0.9.1\dataconnect`: on path "c:\\Users\\MTG\\Desktop\\v0.9.1\\dataconnect" (DirEntry: <nil>): CreateFile c:\Users\MTG\Desktop\v0.9.1\dataconnect: The system cannot find the file specified.
 {"metadata":{"emulator":{"name":"dataconnect"},"message":"E0603 15:16:39.728013   27004 watch.go:76] watchAllDir unable to walk dir `c:\\Users\\MTG\\Desktop\\v0.9.1\\dataconnect`: on path \"c:\\\\Users\\\\MTG\\\\Desktop\\\\v0.9.1\\\\dataconnect\" (DirEntry: <nil>): CreateFile c:\\Users\\MTG\\Desktop\\v0.9.1\\dataconnect: The system cannot find the file specified.\n"}}
[debug] [2025-06-03T12:16:49.723Z] E0603 15:16:49.723290   27004 load.go:23] Could not load config from "c:\\Users\\MTG\\Desktop\\v0.9.1\\dataconnect": could not find dataconnect.yaml in `c:\Users\MTG\Desktop\v0.9.1\dataconnect`
 {"metadata":{"emulator":{"name":"dataconnect"},"message":"E0603 15:16:49.723290   27004 load.go:23] Could not load config from \"c:\\\\Users\\\\MTG\\\\Desktop\\\\v0.9.1\\\\dataconnect\": could not find dataconnect.yaml in `c:\\Users\\MTG\\Desktop\\v0.9.1\\dataconnect`\n"}}
[debug] [2025-06-03T12:16:59.727Z] E0603 15:16:59.727692   27004 load.go:23] Could not load config from "c:\\Users\\MTG\\Desktop\\v0.9.1\\dataconnect": could not find dataconnect.yaml in `c:\Users\MTG\Desktop\v0.9.1\dataconnect`
 {"metadata":{"emulator":{"name":"dataconnect"},"message":"E0603 15:16:59.727692   27004 load.go:23] Could not load config from \"c:\\\\Users\\\\MTG\\\\Desktop\\\\v0.9.1\\\\dataconnect\": could not find dataconnect.yaml in `c:\\Users\\MTG\\Desktop\\v0.9.1\\dataconnect`\n"}}
[debug] [2025-06-03T12:17:09.719Z] E0603 15:17:09.719543   27004 load.go:23] Could not load config from "c:\\Users\\MTG\\Desktop\\v0.9.1\\dataconnect": could not find dataconnect.yaml in `c:\Users\MTG\Desktop\v0.9.1\dataconnect`
 {"metadata":{"emulator":{"name":"dataconnect"},"message":"E0603 15:17:09.719543   27004 load.go:23] Could not load config from \"c:\\\\Users\\\\MTG\\\\Desktop\\\\v0.9.1\\\\dataconnect\": could not find dataconnect.yaml in `c:\\Users\\MTG\\Desktop\\v0.9.1\\dataconnect`\n"}}
[debug] [2025-06-03T12:17:19.726Z] E0603 15:17:19.726465   27004 load.go:23] Could not load config from "c:\\Users\\MTG\\Desktop\\v0.9.1\\dataconnect": could not find dataconnect.yaml in `c:\Users\MTG\Desktop\v0.9.1\dataconnect`
 {"metadata":{"emulator":{"name":"dataconnect"},"message":"E0603 15:17:19.726465   27004 load.go:23] Could not load config from \"c:\\\\Users\\\\MTG\\\\Desktop\\\\v0.9.1\\\\dataconnect\": could not find dataconnect.yaml in `c:\\Users\\MTG\\Desktop\\v0.9.1\\dataconnect`\n"}}
[debug] [2025-06-03T12:17:29.721Z] E0603 15:17:29.721590   27004 load.go:23] Could not load config from "c:\\Users\\MTG\\Desktop\\v0.9.1\\dataconnect": could not find dataconnect.yaml in `c:\Users\MTG\Desktop\v0.9.1\dataconnect`
 {"metadata":{"emulator":{"name":"dataconnect"},"message":"E0603 15:17:29.721590   27004 load.go:23] Could not load config from \"c:\\\\Users\\\\MTG\\\\Desktop\\\\v0.9.1\\\\dataconnect\": could not find dataconnect.yaml in `c:\\Users\\MTG\\Desktop\\v0.9.1\\dataconnect`\n"}}
[debug] [2025-06-03T12:17:39.731Z] E0603 15:17:39.731339   27004 load.go:23] Could not load config from "c:\\Users\\MTG\\Desktop\\v0.9.1\\dataconnect": could not find dataconnect.yaml in `c:\Users\MTG\Desktop\v0.9.1\dataconnect`
 {"metadata":{"emulator":{"name":"dataconnect"},"message":"E0603 15:17:39.731339   27004 load.go:23] Could not load config from \"c:\\\\Users\\\\MTG\\\\Desktop\\\\v0.9.1\\\\dataconnect\": could not find dataconnect.yaml in `c:\\Users\\MTG\\Desktop\\v0.9.1\\dataconnect`\n"}}
[debug] [2025-06-03T12:17:49.729Z] E0603 15:17:49.729340   27004 load.go:23] Could not load config from "c:\\Users\\MTG\\Desktop\\v0.9.1\\dataconnect": could not find dataconnect.yaml in `c:\Users\MTG\Desktop\v0.9.1\dataconnect`
 {"metadata":{"emulator":{"name":"dataconnect"},"message":"E0603 15:17:49.729340   27004 load.go:23] Could not load config from \"c:\\\\Users\\\\MTG\\\\Desktop\\\\v0.9.1\\\\dataconnect\": could not find dataconnect.yaml in `c:\\Users\\MTG\\Desktop\\v0.9.1\\dataconnect`\n"}}
[debug] [2025-06-03T12:17:59.729Z] E0603 15:17:59.727692   27004 load.go:23] Could not load config from "c:\\Users\\MTG\\Desktop\\v0.9.1\\dataconnect": could not find dataconnect.yaml in `c:\Users\MTG\Desktop\v0.9.1\dataconnect`
 {"metadata":{"emulator":{"name":"dataconnect"},"message":"E0603 15:17:59.727692   27004 load.go:23] Could not load config from \"c:\\\\Users\\\\MTG\\\\Desktop\\\\v0.9.1\\\\dataconnect\": could not find dataconnect.yaml in `c:\\Users\\MTG\\Desktop\\v0.9.1\\dataconnect`\n"}}
[debug] [2025-06-03T12:18:09.717Z] E0603 15:18:09.717749   27004 load.go:23] Could not load config from "c:\\Users\\MTG\\Desktop\\v0.9.1\\dataconnect": could not find dataconnect.yaml in `c:\Users\MTG\Desktop\v0.9.1\dataconnect`
 {"metadata":{"emulator":{"name":"dataconnect"},"message":"E0603 15:18:09.717749   27004 load.go:23] Could not load config from \"c:\\\\Users\\\\MTG\\\\Desktop\\\\v0.9.1\\\\dataconnect\": could not find dataconnect.yaml in `c:\\Users\\MTG\\Desktop\\v0.9.1\\dataconnect`\n"}}
[debug] [2025-06-03T12:18:19.725Z] E0603 15:18:19.725229   27004 load.go:23] Could not load config from "c:\\Users\\MTG\\Desktop\\v0.9.1\\dataconnect": could not find dataconnect.yaml in `c:\Users\MTG\Desktop\v0.9.1\dataconnect`
 {"metadata":{"emulator":{"name":"dataconnect"},"message":"E0603 15:18:19.725229   27004 load.go:23] Could not load config from \"c:\\\\Users\\\\MTG\\\\Desktop\\\\v0.9.1\\\\dataconnect\": could not find dataconnect.yaml in `c:\\Users\\MTG\\Desktop\\v0.9.1\\dataconnect`\n"}}
[debug] [2025-06-03T12:18:29.726Z] E0603 15:18:29.726073   27004 load.go:23] Could not load config from "c:\\Users\\MTG\\Desktop\\v0.9.1\\dataconnect": could not find dataconnect.yaml in `c:\Users\MTG\Desktop\v0.9.1\dataconnect`
 {"metadata":{"emulator":{"name":"dataconnect"},"message":"E0603 15:18:29.726073   27004 load.go:23] Could not load config from \"c:\\\\Users\\\\MTG\\\\Desktop\\\\v0.9.1\\\\dataconnect\": could not find dataconnect.yaml in `c:\\Users\\MTG\\Desktop\\v0.9.1\\dataconnect`\n"}}
[debug] [2025-06-03T12:18:39.725Z] E0603 15:18:39.724836   27004 load.go:23] Could not load config from "c:\\Users\\MTG\\Desktop\\v0.9.1\\dataconnect": could not find dataconnect.yaml in `c:\Users\MTG\Desktop\v0.9.1\dataconnect`
 {"metadata":{"emulator":{"name":"dataconnect"},"message":"E0603 15:18:39.724836   27004 load.go:23] Could not load config from \"c:\\\\Users\\\\MTG\\\\Desktop\\\\v0.9.1\\\\dataconnect\": could not find dataconnect.yaml in `c:\\Users\\MTG\\Desktop\\v0.9.1\\dataconnect`\n"}}
[debug] [2025-06-03T12:18:39.725Z] E0603 15:18:39.724836   27004 watch.go:76] watchAllDir unable to walk dir `c:\Users\MTG\Desktop\v0.9.1\dataconnect`: on path "c:\\Users\\MTG\\Desktop\\v0.9.1\\dataconnect" (DirEntry: <nil>): CreateFile c:\Users\MTG\Desktop\v0.9.1\dataconnect: The system cannot find the file specified.
 {"metadata":{"emulator":{"name":"dataconnect"},"message":"E0603 15:18:39.724836   27004 watch.go:76] watchAllDir unable to walk dir `c:\\Users\\MTG\\Desktop\\v0.9.1\\dataconnect`: on path \"c:\\\\Users\\\\MTG\\\\Desktop\\\\v0.9.1\\\\dataconnect\" (DirEntry: <nil>): CreateFile c:\\Users\\MTG\\Desktop\\v0.9.1\\dataconnect: The system cannot find the file specified.\n"}}
[debug] [2025-06-03T12:18:49.730Z] E0603 15:18:49.730408   27004 load.go:23] Could not load config from "c:\\Users\\MTG\\Desktop\\v0.9.1\\dataconnect": could not find dataconnect.yaml in `c:\Users\MTG\Desktop\v0.9.1\dataconnect`
 {"metadata":{"emulator":{"name":"dataconnect"},"message":"E0603 15:18:49.730408   27004 load.go:23] Could not load config from \"c:\\\\Users\\\\MTG\\\\Desktop\\\\v0.9.1\\\\dataconnect\": could not find dataconnect.yaml in `c:\\Users\\MTG\\Desktop\\v0.9.1\\dataconnect`\n"}}
[debug] [2025-06-03T12:18:59.729Z] E0603 15:18:59.727983   27004 load.go:23] Could not load config from "c:\\Users\\MTG\\Desktop\\v0.9.1\\dataconnect": could not find dataconnect.yaml in `c:\Users\MTG\Desktop\v0.9.1\dataconnect`
 {"metadata":{"emulator":{"name":"dataconnect"},"message":"E0603 15:18:59.727983   27004 load.go:23] Could not load config from \"c:\\\\Users\\\\MTG\\\\Desktop\\\\v0.9.1\\\\dataconnect\": could not find dataconnect.yaml in `c:\\Users\\MTG\\Desktop\\v0.9.1\\dataconnect`\n"}}
[debug] [2025-06-03T12:19:09.724Z] E0603 15:19:09.724384   27004 load.go:23] Could not load config from "c:\\Users\\MTG\\Desktop\\v0.9.1\\dataconnect": could not find dataconnect.yaml in `c:\Users\MTG\Desktop\v0.9.1\dataconnect`
 {"metadata":{"emulator":{"name":"dataconnect"},"message":"E0603 15:19:09.724384   27004 load.go:23] Could not load config from \"c:\\\\Users\\\\MTG\\\\Desktop\\\\v0.9.1\\\\dataconnect\": could not find dataconnect.yaml in `c:\\Users\\MTG\\Desktop\\v0.9.1\\dataconnect`\n"}}
[debug] [2025-06-03T12:19:19.722Z] E0603 15:19:19.721674   27004 load.go:23] Could not load config from "c:\\Users\\MTG\\Desktop\\v0.9.1\\dataconnect": could not find dataconnect.yaml in `c:\Users\MTG\Desktop\v0.9.1\dataconnect`
 {"metadata":{"emulator":{"name":"dataconnect"},"message":"E0603 15:19:19.721674   27004 load.go:23] Could not load config from \"c:\\\\Users\\\\MTG\\\\Desktop\\\\v0.9.1\\\\dataconnect\": could not find dataconnect.yaml in `c:\\Users\\MTG\\Desktop\\v0.9.1\\dataconnect`\n"}}
[debug] [2025-06-03T12:19:29.723Z] E0603 15:19:29.722783   27004 load.go:23] Could not load config from "c:\\Users\\MTG\\Desktop\\v0.9.1\\dataconnect": could not find dataconnect.yaml in `c:\Users\MTG\Desktop\v0.9.1\dataconnect`
 {"metadata":{"emulator":{"name":"dataconnect"},"message":"E0603 15:19:29.722783   27004 load.go:23] Could not load config from \"c:\\\\Users\\\\MTG\\\\Desktop\\\\v0.9.1\\\\dataconnect\": could not find dataconnect.yaml in `c:\\Users\\MTG\\Desktop\\v0.9.1\\dataconnect`\n"}}
[debug] [2025-06-03T12:19:39.728Z] E0603 15:19:39.727878   27004 load.go:23] Could not load config from "c:\\Users\\MTG\\Desktop\\v0.9.1\\dataconnect": could not find dataconnect.yaml in `c:\Users\MTG\Desktop\v0.9.1\dataconnect`
 {"metadata":{"emulator":{"name":"dataconnect"},"message":"E0603 15:19:39.727878   27004 load.go:23] Could not load config from \"c:\\\\Users\\\\MTG\\\\Desktop\\\\v0.9.1\\\\dataconnect\": could not find dataconnect.yaml in `c:\\Users\\MTG\\Desktop\\v0.9.1\\dataconnect`\n"}}
[debug] [2025-06-03T12:19:49.730Z] E0603 15:19:49.730532   27004 load.go:23] Could not load config from "c:\\Users\\MTG\\Desktop\\v0.9.1\\dataconnect": could not find dataconnect.yaml in `c:\Users\MTG\Desktop\v0.9.1\dataconnect`
 {"metadata":{"emulator":{"name":"dataconnect"},"message":"E0603 15:19:49.730532   27004 load.go:23] Could not load config from \"c:\\\\Users\\\\MTG\\\\Desktop\\\\v0.9.1\\\\dataconnect\": could not find dataconnect.yaml in `c:\\Users\\MTG\\Desktop\\v0.9.1\\dataconnect`\n"}}
[debug] [2025-06-03T12:19:59.721Z] E0603 15:19:59.721764   27004 load.go:23] Could not load config from "c:\\Users\\MTG\\Desktop\\v0.9.1\\dataconnect": could not find dataconnect.yaml in `c:\Users\MTG\Desktop\v0.9.1\dataconnect`
 {"metadata":{"emulator":{"name":"dataconnect"},"message":"E0603 15:19:59.721764   27004 load.go:23] Could not load config from \"c:\\\\Users\\\\MTG\\\\Desktop\\\\v0.9.1\\\\dataconnect\": could not find dataconnect.yaml in `c:\\Users\\MTG\\Desktop\\v0.9.1\\dataconnect`\n"}}
[debug] [2025-06-03T12:20:09.728Z] E0603 15:20:09.728277   27004 load.go:23] Could not load config from "c:\\Users\\MTG\\Desktop\\v0.9.1\\dataconnect": could not find dataconnect.yaml in `c:\Users\MTG\Desktop\v0.9.1\dataconnect`
 {"metadata":{"emulator":{"name":"dataconnect"},"message":"E0603 15:20:09.728277   27004 load.go:23] Could not load config from \"c:\\\\Users\\\\MTG\\\\Desktop\\\\v0.9.1\\\\dataconnect\": could not find dataconnect.yaml in `c:\\Users\\MTG\\Desktop\\v0.9.1\\dataconnect`\n"}}
[debug] [2025-06-03T12:20:19.721Z] E0603 15:20:19.721154   27004 load.go:23] Could not load config from "c:\\Users\\MTG\\Desktop\\v0.9.1\\dataconnect": could not find dataconnect.yaml in `c:\Users\MTG\Desktop\v0.9.1\dataconnect`
 {"metadata":{"emulator":{"name":"dataconnect"},"message":"E0603 15:20:19.721154   27004 load.go:23] Could not load config from \"c:\\\\Users\\\\MTG\\\\Desktop\\\\v0.9.1\\\\dataconnect\": could not find dataconnect.yaml in `c:\\Users\\MTG\\Desktop\\v0.9.1\\dataconnect`\n"}}
[debug] [2025-06-03T12:20:29.724Z] E0603 15:20:29.724487   27004 load.go:23] Could not load config from "c:\\Users\\MTG\\Desktop\\v0.9.1\\dataconnect": could not find dataconnect.yaml in `c:\Users\MTG\Desktop\v0.9.1\dataconnect`
 {"metadata":{"emulator":{"name":"dataconnect"},"message":"E0603 15:20:29.724487   27004 load.go:23] Could not load config from \"c:\\\\Users\\\\MTG\\\\Desktop\\\\v0.9.1\\\\dataconnect\": could not find dataconnect.yaml in `c:\\Users\\MTG\\Desktop\\v0.9.1\\dataconnect`\n"}}
[debug] [2025-06-03T12:20:39.725Z] E0603 15:20:39.725375   27004 load.go:23] Could not load config from "c:\\Users\\MTG\\Desktop\\v0.9.1\\dataconnect": could not find dataconnect.yaml in `c:\Users\MTG\Desktop\v0.9.1\dataconnect`
 {"metadata":{"emulator":{"name":"dataconnect"},"message":"E0603 15:20:39.725375   27004 load.go:23] Could not load config from \"c:\\\\Users\\\\MTG\\\\Desktop\\\\v0.9.1\\\\dataconnect\": could not find dataconnect.yaml in `c:\\Users\\MTG\\Desktop\\v0.9.1\\dataconnect`\n"}}
[debug] [2025-06-03T12:20:39.726Z] E0603 15:20:39.725878   27004 watch.go:76] watchAllDir unable to walk dir `c:\Users\MTG\Desktop\v0.9.1\dataconnect`: on path "c:\\Users\\MTG\\Desktop\\v0.9.1\\dataconnect" (DirEntry: <nil>): CreateFile c:\Users\MTG\Desktop\v0.9.1\dataconnect: The system cannot find the file specified.
 {"metadata":{"emulator":{"name":"dataconnect"},"message":"E0603 15:20:39.725878   27004 watch.go:76] watchAllDir unable to walk dir `c:\\Users\\MTG\\Desktop\\v0.9.1\\dataconnect`: on path \"c:\\\\Users\\\\MTG\\\\Desktop\\\\v0.9.1\\\\dataconnect\" (DirEntry: <nil>): CreateFile c:\\Users\\MTG\\Desktop\\v0.9.1\\dataconnect: The system cannot find the file specified.\n"}}
[debug] [2025-06-03T12:20:49.728Z] E0603 15:20:49.726779   27004 load.go:23] Could not load config from "c:\\Users\\MTG\\Desktop\\v0.9.1\\dataconnect": could not find dataconnect.yaml in `c:\Users\MTG\Desktop\v0.9.1\dataconnect`
 {"metadata":{"emulator":{"name":"dataconnect"},"message":"E0603 15:20:49.726779   27004 load.go:23] Could not load config from \"c:\\\\Users\\\\MTG\\\\Desktop\\\\v0.9.1\\\\dataconnect\": could not find dataconnect.yaml in `c:\\Users\\MTG\\Desktop\\v0.9.1\\dataconnect`\n"}}
[debug] [2025-06-03T12:20:59.717Z] E0603 15:20:59.717591   27004 load.go:23] Could not load config from "c:\\Users\\MTG\\Desktop\\v0.9.1\\dataconnect": could not find dataconnect.yaml in `c:\Users\MTG\Desktop\v0.9.1\dataconnect`
 {"metadata":{"emulator":{"name":"dataconnect"},"message":"E0603 15:20:59.717591   27004 load.go:23] Could not load config from \"c:\\\\Users\\\\MTG\\\\Desktop\\\\v0.9.1\\\\dataconnect\": could not find dataconnect.yaml in `c:\\Users\\MTG\\Desktop\\v0.9.1\\dataconnect`\n"}}
[debug] [2025-06-03T12:21:09.721Z] E0603 15:21:09.720848   27004 load.go:23] Could not load config from "c:\\Users\\MTG\\Desktop\\v0.9.1\\dataconnect": could not find dataconnect.yaml in `c:\Users\MTG\Desktop\v0.9.1\dataconnect`
 {"metadata":{"emulator":{"name":"dataconnect"},"message":"E0603 15:21:09.720848   27004 load.go:23] Could not load config from \"c:\\\\Users\\\\MTG\\\\Desktop\\\\v0.9.1\\\\dataconnect\": could not find dataconnect.yaml in `c:\\Users\\MTG\\Desktop\\v0.9.1\\dataconnect`\n"}}
[debug] [2025-06-03T12:21:19.725Z] E0603 15:21:19.725710   27004 load.go:23] Could not load config from "c:\\Users\\MTG\\Desktop\\v0.9.1\\dataconnect": could not find dataconnect.yaml in `c:\Users\MTG\Desktop\v0.9.1\dataconnect`
 {"metadata":{"emulator":{"name":"dataconnect"},"message":"E0603 15:21:19.725710   27004 load.go:23] Could not load config from \"c:\\\\Users\\\\MTG\\\\Desktop\\\\v0.9.1\\\\dataconnect\": could not find dataconnect.yaml in `c:\\Users\\MTG\\Desktop\\v0.9.1\\dataconnect`\n"}}
[debug] [2025-06-03T12:21:29.724Z] E0603 15:21:29.724854   27004 load.go:23] Could not load config from "c:\\Users\\MTG\\Desktop\\v0.9.1\\dataconnect": could not find dataconnect.yaml in `c:\Users\MTG\Desktop\v0.9.1\dataconnect`
 {"metadata":{"emulator":{"name":"dataconnect"},"message":"E0603 15:21:29.724854   27004 load.go:23] Could not load config from \"c:\\\\Users\\\\MTG\\\\Desktop\\\\v0.9.1\\\\dataconnect\": could not find dataconnect.yaml in `c:\\Users\\MTG\\Desktop\\v0.9.1\\dataconnect`\n"}}
[debug] [2025-06-03T12:21:39.726Z] E0603 15:21:39.726665   27004 load.go:23] Could not load config from "c:\\Users\\MTG\\Desktop\\v0.9.1\\dataconnect": could not find dataconnect.yaml in `c:\Users\MTG\Desktop\v0.9.1\dataconnect`
 {"metadata":{"emulator":{"name":"dataconnect"},"message":"E0603 15:21:39.726665   27004 load.go:23] Could not load config from \"c:\\\\Users\\\\MTG\\\\Desktop\\\\v0.9.1\\\\dataconnect\": could not find dataconnect.yaml in `c:\\Users\\MTG\\Desktop\\v0.9.1\\dataconnect`\n"}}
[debug] [2025-06-03T12:21:49.722Z] E0603 15:21:49.721854   27004 load.go:23] Could not load config from "c:\\Users\\MTG\\Desktop\\v0.9.1\\dataconnect": could not find dataconnect.yaml in `c:\Users\MTG\Desktop\v0.9.1\dataconnect`
 {"metadata":{"emulator":{"name":"dataconnect"},"message":"E0603 15:21:49.721854   27004 load.go:23] Could not load config from \"c:\\\\Users\\\\MTG\\\\Desktop\\\\v0.9.1\\\\dataconnect\": could not find dataconnect.yaml in `c:\\Users\\MTG\\Desktop\\v0.9.1\\dataconnect`\n"}}
[debug] [2025-06-03T12:21:59.721Z] E0603 15:21:59.721866   27004 load.go:23] Could not load config from "c:\\Users\\MTG\\Desktop\\v0.9.1\\dataconnect": could not find dataconnect.yaml in `c:\Users\MTG\Desktop\v0.9.1\dataconnect`
 {"metadata":{"emulator":{"name":"dataconnect"},"message":"E0603 15:21:59.721866   27004 load.go:23] Could not load config from \"c:\\\\Users\\\\MTG\\\\Desktop\\\\v0.9.1\\\\dataconnect\": could not find dataconnect.yaml in `c:\\Users\\MTG\\Desktop\\v0.9.1\\dataconnect`\n"}}
[debug] [2025-06-03T12:22:09.721Z] E0603 15:22:09.721540   27004 load.go:23] Could not load config from "c:\\Users\\MTG\\Desktop\\v0.9.1\\dataconnect": could not find dataconnect.yaml in `c:\Users\MTG\Desktop\v0.9.1\dataconnect`
 {"metadata":{"emulator":{"name":"dataconnect"},"message":"E0603 15:22:09.721540   27004 load.go:23] Could not load config from \"c:\\\\Users\\\\MTG\\\\Desktop\\\\v0.9.1\\\\dataconnect\": could not find dataconnect.yaml in `c:\\Users\\MTG\\Desktop\\v0.9.1\\dataconnect`\n"}}
[debug] [2025-06-03T12:22:19.719Z] E0603 15:22:19.719339   27004 load.go:23] Could not load config from "c:\\Users\\MTG\\Desktop\\v0.9.1\\dataconnect": could not find dataconnect.yaml in `c:\Users\MTG\Desktop\v0.9.1\dataconnect`
 {"metadata":{"emulator":{"name":"dataconnect"},"message":"E0603 15:22:19.719339   27004 load.go:23] Could not load config from \"c:\\\\Users\\\\MTG\\\\Desktop\\\\v0.9.1\\\\dataconnect\": could not find dataconnect.yaml in `c:\\Users\\MTG\\Desktop\\v0.9.1\\dataconnect`\n"}}
[debug] [2025-06-03T12:22:29.721Z] E0603 15:22:29.721301   27004 load.go:23] Could not load config from "c:\\Users\\MTG\\Desktop\\v0.9.1\\dataconnect": could not find dataconnect.yaml in `c:\Users\MTG\Desktop\v0.9.1\dataconnect`
 {"metadata":{"emulator":{"name":"dataconnect"},"message":"E0603 15:22:29.721301   27004 load.go:23] Could not load config from \"c:\\\\Users\\\\MTG\\\\Desktop\\\\v0.9.1\\\\dataconnect\": could not find dataconnect.yaml in `c:\\Users\\MTG\\Desktop\\v0.9.1\\dataconnect`\n"}}
[debug] [2025-06-03T12:22:39.728Z] E0603 15:22:39.728480   27004 load.go:23] Could not load config from "c:\\Users\\MTG\\Desktop\\v0.9.1\\dataconnect": could not find dataconnect.yaml in `c:\Users\MTG\Desktop\v0.9.1\dataconnect`
 {"metadata":{"emulator":{"name":"dataconnect"},"message":"E0603 15:22:39.728480   27004 load.go:23] Could not load config from \"c:\\\\Users\\\\MTG\\\\Desktop\\\\v0.9.1\\\\dataconnect\": could not find dataconnect.yaml in `c:\\Users\\MTG\\Desktop\\v0.9.1\\dataconnect`\n"}}
[debug] [2025-06-03T12:22:39.729Z] E0603 15:22:39.728480   27004 watch.go:76] watchAllDir unable to walk dir `c:\Users\MTG\Desktop\v0.9.1\dataconnect`: on path "c:\\Users\\MTG\\Desktop\\v0.9.1\\dataconnect" (DirEntry: <nil>): CreateFile c:\Users\MTG\Desktop\v0.9.1\dataconnect: The system cannot find the file specified.
 {"metadata":{"emulator":{"name":"dataconnect"},"message":"E0603 15:22:39.728480   27004 watch.go:76] watchAllDir unable to walk dir `c:\\Users\\MTG\\Desktop\\v0.9.1\\dataconnect`: on path \"c:\\\\Users\\\\MTG\\\\Desktop\\\\v0.9.1\\\\dataconnect\" (DirEntry: <nil>): CreateFile c:\\Users\\MTG\\Desktop\\v0.9.1\\dataconnect: The system cannot find the file specified.\n"}}
[debug] [2025-06-03T12:22:49.718Z] E0603 15:22:49.718344   27004 load.go:23] Could not load config from "c:\\Users\\MTG\\Desktop\\v0.9.1\\dataconnect": could not find dataconnect.yaml in `c:\Users\MTG\Desktop\v0.9.1\dataconnect`
 {"metadata":{"emulator":{"name":"dataconnect"},"message":"E0603 15:22:49.718344   27004 load.go:23] Could not load config from \"c:\\\\Users\\\\MTG\\\\Desktop\\\\v0.9.1\\\\dataconnect\": could not find dataconnect.yaml in `c:\\Users\\MTG\\Desktop\\v0.9.1\\dataconnect`\n"}}
[debug] [2025-06-03T12:22:59.720Z] E0603 15:22:59.720152   27004 load.go:23] Could not load config from "c:\\Users\\MTG\\Desktop\\v0.9.1\\dataconnect": could not find dataconnect.yaml in `c:\Users\MTG\Desktop\v0.9.1\dataconnect`
 {"metadata":{"emulator":{"name":"dataconnect"},"message":"E0603 15:22:59.720152   27004 load.go:23] Could not load config from \"c:\\\\Users\\\\MTG\\\\Desktop\\\\v0.9.1\\\\dataconnect\": could not find dataconnect.yaml in `c:\\Users\\MTG\\Desktop\\v0.9.1\\dataconnect`\n"}}
[debug] [2025-06-03T12:23:09.721Z] E0603 15:23:09.720972   27004 load.go:23] Could not load config from "c:\\Users\\MTG\\Desktop\\v0.9.1\\dataconnect": could not find dataconnect.yaml in `c:\Users\MTG\Desktop\v0.9.1\dataconnect`
 {"metadata":{"emulator":{"name":"dataconnect"},"message":"E0603 15:23:09.720972   27004 load.go:23] Could not load config from \"c:\\\\Users\\\\MTG\\\\Desktop\\\\v0.9.1\\\\dataconnect\": could not find dataconnect.yaml in `c:\\Users\\MTG\\Desktop\\v0.9.1\\dataconnect`\n"}}
[debug] [2025-06-03T12:23:19.728Z] E0603 15:23:19.728120   27004 load.go:23] Could not load config from "c:\\Users\\MTG\\Desktop\\v0.9.1\\dataconnect": could not find dataconnect.yaml in `c:\Users\MTG\Desktop\v0.9.1\dataconnect`
 {"metadata":{"emulator":{"name":"dataconnect"},"message":"E0603 15:23:19.728120   27004 load.go:23] Could not load config from \"c:\\\\Users\\\\MTG\\\\Desktop\\\\v0.9.1\\\\dataconnect\": could not find dataconnect.yaml in `c:\\Users\\MTG\\Desktop\\v0.9.1\\dataconnect`\n"}}
[debug] [2025-06-03T12:23:29.728Z] E0603 15:23:29.728141   27004 load.go:23] Could not load config from "c:\\Users\\MTG\\Desktop\\v0.9.1\\dataconnect": could not find dataconnect.yaml in `c:\Users\MTG\Desktop\v0.9.1\dataconnect`
 {"metadata":{"emulator":{"name":"dataconnect"},"message":"E0603 15:23:29.728141   27004 load.go:23] Could not load config from \"c:\\\\Users\\\\MTG\\\\Desktop\\\\v0.9.1\\\\dataconnect\": could not find dataconnect.yaml in `c:\\Users\\MTG\\Desktop\\v0.9.1\\dataconnect`\n"}}
[debug] [2025-06-03T12:23:39.718Z] E0603 15:23:39.718262   27004 load.go:23] Could not load config from "c:\\Users\\MTG\\Desktop\\v0.9.1\\dataconnect": could not find dataconnect.yaml in `c:\Users\MTG\Desktop\v0.9.1\dataconnect`
 {"metadata":{"emulator":{"name":"dataconnect"},"message":"E0603 15:23:39.718262   27004 load.go:23] Could not load config from \"c:\\\\Users\\\\MTG\\\\Desktop\\\\v0.9.1\\\\dataconnect\": could not find dataconnect.yaml in `c:\\Users\\MTG\\Desktop\\v0.9.1\\dataconnect`\n"}}
[debug] [2025-06-03T12:23:49.724Z] E0603 15:23:49.725335   27004 load.go:23] Could not load config from "c:\\Users\\MTG\\Desktop\\v0.9.1\\dataconnect": could not find dataconnect.yaml in `c:\Users\MTG\Desktop\v0.9.1\dataconnect`
 {"metadata":{"emulator":{"name":"dataconnect"},"message":"E0603 15:23:49.725335   27004 load.go:23] Could not load config from \"c:\\\\Users\\\\MTG\\\\Desktop\\\\v0.9.1\\\\dataconnect\": could not find dataconnect.yaml in `c:\\Users\\MTG\\Desktop\\v0.9.1\\dataconnect`\n"}}
[debug] [2025-06-03T12:23:59.728Z] E0603 15:23:59.728446   27004 load.go:23] Could not load config from "c:\\Users\\MTG\\Desktop\\v0.9.1\\dataconnect": could not find dataconnect.yaml in `c:\Users\MTG\Desktop\v0.9.1\dataconnect`
 {"metadata":{"emulator":{"name":"dataconnect"},"message":"E0603 15:23:59.728446   27004 load.go:23] Could not load config from \"c:\\\\Users\\\\MTG\\\\Desktop\\\\v0.9.1\\\\dataconnect\": could not find dataconnect.yaml in `c:\\Users\\MTG\\Desktop\\v0.9.1\\dataconnect`\n"}}
[debug] [2025-06-03T12:24:09.729Z] E0603 15:24:09.729420   27004 load.go:23] Could not load config from "c:\\Users\\MTG\\Desktop\\v0.9.1\\dataconnect": could not find dataconnect.yaml in `c:\Users\MTG\Desktop\v0.9.1\dataconnect`
 {"metadata":{"emulator":{"name":"dataconnect"},"message":"E0603 15:24:09.729420   27004 load.go:23] Could not load config from \"c:\\\\Users\\\\MTG\\\\Desktop\\\\v0.9.1\\\\dataconnect\": could not find dataconnect.yaml in `c:\\Users\\MTG\\Desktop\\v0.9.1\\dataconnect`\n"}}
[debug] [2025-06-03T12:24:19.722Z] E0603 15:24:19.722752   27004 load.go:23] Could not load config from "c:\\Users\\MTG\\Desktop\\v0.9.1\\dataconnect": could not find dataconnect.yaml in `c:\Users\MTG\Desktop\v0.9.1\dataconnect`
 {"metadata":{"emulator":{"name":"dataconnect"},"message":"E0603 15:24:19.722752   27004 load.go:23] Could not load config from \"c:\\\\Users\\\\MTG\\\\Desktop\\\\v0.9.1\\\\dataconnect\": could not find dataconnect.yaml in `c:\\Users\\MTG\\Desktop\\v0.9.1\\dataconnect`\n"}}
[debug] [2025-06-03T12:24:29.728Z] E0603 15:24:29.728289   27004 load.go:23] Could not load config from "c:\\Users\\MTG\\Desktop\\v0.9.1\\dataconnect": could not find dataconnect.yaml in `c:\Users\MTG\Desktop\v0.9.1\dataconnect`
 {"metadata":{"emulator":{"name":"dataconnect"},"message":"E0603 15:24:29.728289   27004 load.go:23] Could not load config from \"c:\\\\Users\\\\MTG\\\\Desktop\\\\v0.9.1\\\\dataconnect\": could not find dataconnect.yaml in `c:\\Users\\MTG\\Desktop\\v0.9.1\\dataconnect`\n"}}
[debug] [2025-06-03T12:24:39.725Z] E0603 15:24:39.725843   27004 load.go:23] Could not load config from "c:\\Users\\MTG\\Desktop\\v0.9.1\\dataconnect": could not find dataconnect.yaml in `c:\Users\MTG\Desktop\v0.9.1\dataconnect`
 {"metadata":{"emulator":{"name":"dataconnect"},"message":"E0603 15:24:39.725843   27004 load.go:23] Could not load config from \"c:\\\\Users\\\\MTG\\\\Desktop\\\\v0.9.1\\\\dataconnect\": could not find dataconnect.yaml in `c:\\Users\\MTG\\Desktop\\v0.9.1\\dataconnect`\n"}}
[debug] [2025-06-03T12:24:39.726Z] E0603 15:24:39.726271   27004 watch.go:76] watchAllDir unable to walk dir `c:\Users\MTG\Desktop\v0.9.1\dataconnect`: on path "c:\\Users\\MTG\\Desktop\\v0.9.1\\dataconnect" (DirEntry: <nil>): CreateFile c:\Users\MTG\Desktop\v0.9.1\dataconnect: The system cannot find the file specified.
 {"metadata":{"emulator":{"name":"dataconnect"},"message":"E0603 15:24:39.726271   27004 watch.go:76] watchAllDir unable to walk dir `c:\\Users\\MTG\\Desktop\\v0.9.1\\dataconnect`: on path \"c:\\\\Users\\\\MTG\\\\Desktop\\\\v0.9.1\\\\dataconnect\" (DirEntry: <nil>): CreateFile c:\\Users\\MTG\\Desktop\\v0.9.1\\dataconnect: The system cannot find the file specified.\n"}}
[debug] [2025-06-03T12:24:49.720Z] E0603 15:24:49.721165   27004 load.go:23] Could not load config from "c:\\Users\\MTG\\Desktop\\v0.9.1\\dataconnect": could not find dataconnect.yaml in `c:\Users\MTG\Desktop\v0.9.1\dataconnect`
 {"metadata":{"emulator":{"name":"dataconnect"},"message":"E0603 15:24:49.721165   27004 load.go:23] Could not load config from \"c:\\\\Users\\\\MTG\\\\Desktop\\\\v0.9.1\\\\dataconnect\": could not find dataconnect.yaml in `c:\\Users\\MTG\\Desktop\\v0.9.1\\dataconnect`\n"}}
[debug] [2025-06-03T12:24:59.717Z] E0603 15:24:59.717527   27004 load.go:23] Could not load config from "c:\\Users\\MTG\\Desktop\\v0.9.1\\dataconnect": could not find dataconnect.yaml in `c:\Users\MTG\Desktop\v0.9.1\dataconnect`
 {"metadata":{"emulator":{"name":"dataconnect"},"message":"E0603 15:24:59.717527   27004 load.go:23] Could not load config from \"c:\\\\Users\\\\MTG\\\\Desktop\\\\v0.9.1\\\\dataconnect\": could not find dataconnect.yaml in `c:\\Users\\MTG\\Desktop\\v0.9.1\\dataconnect`\n"}}
[debug] [2025-06-03T12:25:09.734Z] E0603 15:25:09.734532   27004 load.go:23] Could not load config from "c:\\Users\\MTG\\Desktop\\v0.9.1\\dataconnect": could not find dataconnect.yaml in `c:\Users\MTG\Desktop\v0.9.1\dataconnect`
 {"metadata":{"emulator":{"name":"dataconnect"},"message":"E0603 15:25:09.734532   27004 load.go:23] Could not load config from \"c:\\\\Users\\\\MTG\\\\Desktop\\\\v0.9.1\\\\dataconnect\": could not find dataconnect.yaml in `c:\\Users\\MTG\\Desktop\\v0.9.1\\dataconnect`\n"}}
[debug] [2025-06-03T12:25:19.727Z] E0603 15:25:19.727472   27004 load.go:23] Could not load config from "c:\\Users\\MTG\\Desktop\\v0.9.1\\dataconnect": could not find dataconnect.yaml in `c:\Users\MTG\Desktop\v0.9.1\dataconnect`
 {"metadata":{"emulator":{"name":"dataconnect"},"message":"E0603 15:25:19.727472   27004 load.go:23] Could not load config from \"c:\\\\Users\\\\MTG\\\\Desktop\\\\v0.9.1\\\\dataconnect\": could not find dataconnect.yaml in `c:\\Users\\MTG\\Desktop\\v0.9.1\\dataconnect`\n"}}
[debug] [2025-06-03T12:25:29.731Z] E0603 15:25:29.731224   27004 load.go:23] Could not load config from "c:\\Users\\MTG\\Desktop\\v0.9.1\\dataconnect": could not find dataconnect.yaml in `c:\Users\MTG\Desktop\v0.9.1\dataconnect`
 {"metadata":{"emulator":{"name":"dataconnect"},"message":"E0603 15:25:29.731224   27004 load.go:23] Could not load config from \"c:\\\\Users\\\\MTG\\\\Desktop\\\\v0.9.1\\\\dataconnect\": could not find dataconnect.yaml in `c:\\Users\\MTG\\Desktop\\v0.9.1\\dataconnect`\n"}}
[debug] [2025-06-03T12:25:39.718Z] E0603 15:25:39.718300   27004 load.go:23] Could not load config from "c:\\Users\\MTG\\Desktop\\v0.9.1\\dataconnect": could not find dataconnect.yaml in `c:\Users\MTG\Desktop\v0.9.1\dataconnect`
 {"metadata":{"emulator":{"name":"dataconnect"},"message":"E0603 15:25:39.718300   27004 load.go:23] Could not load config from \"c:\\\\Users\\\\MTG\\\\Desktop\\\\v0.9.1\\\\dataconnect\": could not find dataconnect.yaml in `c:\\Users\\MTG\\Desktop\\v0.9.1\\dataconnect`\n"}}
[debug] [2025-06-03T12:25:49.728Z] E0603 15:25:49.728136   27004 load.go:23] Could not load config from "c:\\Users\\MTG\\Desktop\\v0.9.1\\dataconnect": could not find dataconnect.yaml in `c:\Users\MTG\Desktop\v0.9.1\dataconnect`
 {"metadata":{"emulator":{"name":"dataconnect"},"message":"E0603 15:25:49.728136   27004 load.go:23] Could not load config from \"c:\\\\Users\\\\MTG\\\\Desktop\\\\v0.9.1\\\\dataconnect\": could not find dataconnect.yaml in `c:\\Users\\MTG\\Desktop\\v0.9.1\\dataconnect`\n"}}
[debug] [2025-06-03T12:25:59.718Z] E0603 15:25:59.718005   27004 load.go:23] Could not load config from "c:\\Users\\MTG\\Desktop\\v0.9.1\\dataconnect": could not find dataconnect.yaml in `c:\Users\MTG\Desktop\v0.9.1\dataconnect`
 {"metadata":{"emulator":{"name":"dataconnect"},"message":"E0603 15:25:59.718005   27004 load.go:23] Could not load config from \"c:\\\\Users\\\\MTG\\\\Desktop\\\\v0.9.1\\\\dataconnect\": could not find dataconnect.yaml in `c:\\Users\\MTG\\Desktop\\v0.9.1\\dataconnect`\n"}}
[debug] [2025-06-03T12:26:09.722Z] E0603 15:26:09.722315   27004 load.go:23] Could not load config from "c:\\Users\\MTG\\Desktop\\v0.9.1\\dataconnect": could not find dataconnect.yaml in `c:\Users\MTG\Desktop\v0.9.1\dataconnect`
 {"metadata":{"emulator":{"name":"dataconnect"},"message":"E0603 15:26:09.722315   27004 load.go:23] Could not load config from \"c:\\\\Users\\\\MTG\\\\Desktop\\\\v0.9.1\\\\dataconnect\": could not find dataconnect.yaml in `c:\\Users\\MTG\\Desktop\\v0.9.1\\dataconnect`\n"}}
[debug] [2025-06-03T12:26:19.732Z] E0603 15:26:19.732152   27004 load.go:23] Could not load config from "c:\\Users\\MTG\\Desktop\\v0.9.1\\dataconnect": could not find dataconnect.yaml in `c:\Users\MTG\Desktop\v0.9.1\dataconnect`
 {"metadata":{"emulator":{"name":"dataconnect"},"message":"E0603 15:26:19.732152   27004 load.go:23] Could not load config from \"c:\\\\Users\\\\MTG\\\\Desktop\\\\v0.9.1\\\\dataconnect\": could not find dataconnect.yaml in `c:\\Users\\MTG\\Desktop\\v0.9.1\\dataconnect`\n"}}
[debug] [2025-06-03T12:26:29.726Z] E0603 15:26:29.725997   27004 load.go:23] Could not load config from "c:\\Users\\MTG\\Desktop\\v0.9.1\\dataconnect": could not find dataconnect.yaml in `c:\Users\MTG\Desktop\v0.9.1\dataconnect`
 {"metadata":{"emulator":{"name":"dataconnect"},"message":"E0603 15:26:29.725997   27004 load.go:23] Could not load config from \"c:\\\\Users\\\\MTG\\\\Desktop\\\\v0.9.1\\\\dataconnect\": could not find dataconnect.yaml in `c:\\Users\\MTG\\Desktop\\v0.9.1\\dataconnect`\n"}}
[debug] [2025-06-03T12:26:39.731Z] E0603 15:26:39.731236   27004 load.go:23] Could not load config from "c:\\Users\\MTG\\Desktop\\v0.9.1\\dataconnect": could not find dataconnect.yaml in `c:\Users\MTG\Desktop\v0.9.1\dataconnect`
 {"metadata":{"emulator":{"name":"dataconnect"},"message":"E0603 15:26:39.731236   27004 load.go:23] Could not load config from \"c:\\\\Users\\\\MTG\\\\Desktop\\\\v0.9.1\\\\dataconnect\": could not find dataconnect.yaml in `c:\\Users\\MTG\\Desktop\\v0.9.1\\dataconnect`\n"}}
[debug] [2025-06-03T12:26:39.732Z] E0603 15:26:39.731236   27004 watch.go:76] watchAllDir unable to walk dir `c:\Users\MTG\Desktop\v0.9.1\dataconnect`: on path "c:\\Users\\MTG\\Desktop\\v0.9.1\\dataconnect" (DirEntry: <nil>): CreateFile c:\Users\MTG\Desktop\v0.9.1\dataconnect: The system cannot find the file specified.
 {"metadata":{"emulator":{"name":"dataconnect"},"message":"E0603 15:26:39.731236   27004 watch.go:76] watchAllDir unable to walk dir `c:\\Users\\MTG\\Desktop\\v0.9.1\\dataconnect`: on path \"c:\\\\Users\\\\MTG\\\\Desktop\\\\v0.9.1\\\\dataconnect\" (DirEntry: <nil>): CreateFile c:\\Users\\MTG\\Desktop\\v0.9.1\\dataconnect: The system cannot find the file specified.\n"}}
[debug] [2025-06-03T12:26:49.721Z] E0603 15:26:49.720909   27004 load.go:23] Could not load config from "c:\\Users\\MTG\\Desktop\\v0.9.1\\dataconnect": could not find dataconnect.yaml in `c:\Users\MTG\Desktop\v0.9.1\dataconnect`
 {"metadata":{"emulator":{"name":"dataconnect"},"message":"E0603 15:26:49.720909   27004 load.go:23] Could not load config from \"c:\\\\Users\\\\MTG\\\\Desktop\\\\v0.9.1\\\\dataconnect\": could not find dataconnect.yaml in `c:\\Users\\MTG\\Desktop\\v0.9.1\\dataconnect`\n"}}
[debug] [2025-06-03T12:26:59.725Z] E0603 15:26:59.724890   27004 load.go:23] Could not load config from "c:\\Users\\MTG\\Desktop\\v0.9.1\\dataconnect": could not find dataconnect.yaml in `c:\Users\MTG\Desktop\v0.9.1\dataconnect`
 {"metadata":{"emulator":{"name":"dataconnect"},"message":"E0603 15:26:59.724890   27004 load.go:23] Could not load config from \"c:\\\\Users\\\\MTG\\\\Desktop\\\\v0.9.1\\\\dataconnect\": could not find dataconnect.yaml in `c:\\Users\\MTG\\Desktop\\v0.9.1\\dataconnect`\n"}}
[debug] [2025-06-03T12:27:09.722Z] E0603 15:27:09.722101   27004 load.go:23] Could not load config from "c:\\Users\\MTG\\Desktop\\v0.9.1\\dataconnect": could not find dataconnect.yaml in `c:\Users\MTG\Desktop\v0.9.1\dataconnect`
 {"metadata":{"emulator":{"name":"dataconnect"},"message":"E0603 15:27:09.722101   27004 load.go:23] Could not load config from \"c:\\\\Users\\\\MTG\\\\Desktop\\\\v0.9.1\\\\dataconnect\": could not find dataconnect.yaml in `c:\\Users\\MTG\\Desktop\\v0.9.1\\dataconnect`\n"}}
[debug] [2025-06-03T12:27:19.724Z] E0603 15:27:19.724394   27004 load.go:23] Could not load config from "c:\\Users\\MTG\\Desktop\\v0.9.1\\dataconnect": could not find dataconnect.yaml in `c:\Users\MTG\Desktop\v0.9.1\dataconnect`
 {"metadata":{"emulator":{"name":"dataconnect"},"message":"E0603 15:27:19.724394   27004 load.go:23] Could not load config from \"c:\\\\Users\\\\MTG\\\\Desktop\\\\v0.9.1\\\\dataconnect\": could not find dataconnect.yaml in `c:\\Users\\MTG\\Desktop\\v0.9.1\\dataconnect`\n"}}
[debug] [2025-06-03T12:27:29.723Z] E0603 15:27:29.723259   27004 load.go:23] Could not load config from "c:\\Users\\MTG\\Desktop\\v0.9.1\\dataconnect": could not find dataconnect.yaml in `c:\Users\MTG\Desktop\v0.9.1\dataconnect`
 {"metadata":{"emulator":{"name":"dataconnect"},"message":"E0603 15:27:29.723259   27004 load.go:23] Could not load config from \"c:\\\\Users\\\\MTG\\\\Desktop\\\\v0.9.1\\\\dataconnect\": could not find dataconnect.yaml in `c:\\Users\\MTG\\Desktop\\v0.9.1\\dataconnect`\n"}}
[debug] [2025-06-03T12:27:39.727Z] E0603 15:27:39.727432   27004 load.go:23] Could not load config from "c:\\Users\\MTG\\Desktop\\v0.9.1\\dataconnect": could not find dataconnect.yaml in `c:\Users\MTG\Desktop\v0.9.1\dataconnect`
 {"metadata":{"emulator":{"name":"dataconnect"},"message":"E0603 15:27:39.727432   27004 load.go:23] Could not load config from \"c:\\\\Users\\\\MTG\\\\Desktop\\\\v0.9.1\\\\dataconnect\": could not find dataconnect.yaml in `c:\\Users\\MTG\\Desktop\\v0.9.1\\dataconnect`\n"}}
[debug] [2025-06-03T12:27:49.726Z] E0603 15:27:49.726053   27004 load.go:23] Could not load config from "c:\\Users\\MTG\\Desktop\\v0.9.1\\dataconnect": could not find dataconnect.yaml in `c:\Users\MTG\Desktop\v0.9.1\dataconnect`
 {"metadata":{"emulator":{"name":"dataconnect"},"message":"E0603 15:27:49.726053   27004 load.go:23] Could not load config from \"c:\\\\Users\\\\MTG\\\\Desktop\\\\v0.9.1\\\\dataconnect\": could not find dataconnect.yaml in `c:\\Users\\MTG\\Desktop\\v0.9.1\\dataconnect`\n"}}
[debug] [2025-06-03T12:27:59.718Z] E0603 15:27:59.718097   27004 load.go:23] Could not load config from "c:\\Users\\MTG\\Desktop\\v0.9.1\\dataconnect": could not find dataconnect.yaml in `c:\Users\MTG\Desktop\v0.9.1\dataconnect`
 {"metadata":{"emulator":{"name":"dataconnect"},"message":"E0603 15:27:59.718097   27004 load.go:23] Could not load config from \"c:\\\\Users\\\\MTG\\\\Desktop\\\\v0.9.1\\\\dataconnect\": could not find dataconnect.yaml in `c:\\Users\\MTG\\Desktop\\v0.9.1\\dataconnect`\n"}}
[debug] [2025-06-03T12:28:09.717Z] E0603 15:28:09.717361   27004 load.go:23] Could not load config from "c:\\Users\\MTG\\Desktop\\v0.9.1\\dataconnect": could not find dataconnect.yaml in `c:\Users\MTG\Desktop\v0.9.1\dataconnect`
 {"metadata":{"emulator":{"name":"dataconnect"},"message":"E0603 15:28:09.717361   27004 load.go:23] Could not load config from \"c:\\\\Users\\\\MTG\\\\Desktop\\\\v0.9.1\\\\dataconnect\": could not find dataconnect.yaml in `c:\\Users\\MTG\\Desktop\\v0.9.1\\dataconnect`\n"}}
[debug] [2025-06-03T12:28:19.726Z] E0603 15:28:19.726164   27004 load.go:23] Could not load config from "c:\\Users\\MTG\\Desktop\\v0.9.1\\dataconnect": could not find dataconnect.yaml in `c:\Users\MTG\Desktop\v0.9.1\dataconnect`
 {"metadata":{"emulator":{"name":"dataconnect"},"message":"E0603 15:28:19.726164   27004 load.go:23] Could not load config from \"c:\\\\Users\\\\MTG\\\\Desktop\\\\v0.9.1\\\\dataconnect\": could not find dataconnect.yaml in `c:\\Users\\MTG\\Desktop\\v0.9.1\\dataconnect`\n"}}
[debug] [2025-06-03T12:28:29.722Z] E0603 15:28:29.721956   27004 load.go:23] Could not load config from "c:\\Users\\MTG\\Desktop\\v0.9.1\\dataconnect": could not find dataconnect.yaml in `c:\Users\MTG\Desktop\v0.9.1\dataconnect`
 {"metadata":{"emulator":{"name":"dataconnect"},"message":"E0603 15:28:29.721956   27004 load.go:23] Could not load config from \"c:\\\\Users\\\\MTG\\\\Desktop\\\\v0.9.1\\\\dataconnect\": could not find dataconnect.yaml in `c:\\Users\\MTG\\Desktop\\v0.9.1\\dataconnect`\n"}}
[debug] [2025-06-03T12:28:39.731Z] E0603 15:28:39.731155   27004 load.go:23] Could not load config from "c:\\Users\\MTG\\Desktop\\v0.9.1\\dataconnect": could not find dataconnect.yaml in `c:\Users\MTG\Desktop\v0.9.1\dataconnect`
E0603 15:28:39.731155   27004 watch.go:76] watchAllDir unable to walk dir `c:\Users\MTG\Desktop\v0.9.1\dataconnect`: on path "c:\\Users\\MTG\\Desktop\\v0.9.1\\dataconnect" (DirEntry: <nil>): CreateFile c:\Users\MTG\Desktop\v0.9.1\dataconnect: The system cannot find the file specified.
 {"metadata":{"emulator":{"name":"dataconnect"},"message":"E0603 15:28:39.731155   27004 load.go:23] Could not load config from \"c:\\\\Users\\\\MTG\\\\Desktop\\\\v0.9.1\\\\dataconnect\": could not find dataconnect.yaml in `c:\\Users\\MTG\\Desktop\\v0.9.1\\dataconnect`\nE0603 15:28:39.731155   27004 watch.go:76] watchAllDir unable to walk dir `c:\\Users\\MTG\\Desktop\\v0.9.1\\dataconnect`: on path \"c:\\\\Users\\\\MTG\\\\Desktop\\\\v0.9.1\\\\dataconnect\" (DirEntry: <nil>): CreateFile c:\\Users\\MTG\\Desktop\\v0.9.1\\dataconnect: The system cannot find the file specified.\n"}}
[debug] [2025-06-03T12:28:49.723Z] E0603 15:28:49.723181   27004 load.go:23] Could not load config from "c:\\Users\\MTG\\Desktop\\v0.9.1\\dataconnect": could not find dataconnect.yaml in `c:\Users\MTG\Desktop\v0.9.1\dataconnect`
 {"metadata":{"emulator":{"name":"dataconnect"},"message":"E0603 15:28:49.723181   27004 load.go:23] Could not load config from \"c:\\\\Users\\\\MTG\\\\Desktop\\\\v0.9.1\\\\dataconnect\": could not find dataconnect.yaml in `c:\\Users\\MTG\\Desktop\\v0.9.1\\dataconnect`\n"}}
[debug] [2025-06-03T12:28:59.722Z] E0603 15:28:59.721968   27004 load.go:23] Could not load config from "c:\\Users\\MTG\\Desktop\\v0.9.1\\dataconnect": could not find dataconnect.yaml in `c:\Users\MTG\Desktop\v0.9.1\dataconnect`
 {"metadata":{"emulator":{"name":"dataconnect"},"message":"E0603 15:28:59.721968   27004 load.go:23] Could not load config from \"c:\\\\Users\\\\MTG\\\\Desktop\\\\v0.9.1\\\\dataconnect\": could not find dataconnect.yaml in `c:\\Users\\MTG\\Desktop\\v0.9.1\\dataconnect`\n"}}
[debug] [2025-06-03T12:29:09.729Z] E0603 15:29:09.729369   27004 load.go:23] Could not load config from "c:\\Users\\MTG\\Desktop\\v0.9.1\\dataconnect": could not find dataconnect.yaml in `c:\Users\MTG\Desktop\v0.9.1\dataconnect`
 {"metadata":{"emulator":{"name":"dataconnect"},"message":"E0603 15:29:09.729369   27004 load.go:23] Could not load config from \"c:\\\\Users\\\\MTG\\\\Desktop\\\\v0.9.1\\\\dataconnect\": could not find dataconnect.yaml in `c:\\Users\\MTG\\Desktop\\v0.9.1\\dataconnect`\n"}}
[debug] [2025-06-03T12:29:19.724Z] E0603 15:29:19.724345   27004 load.go:23] Could not load config from "c:\\Users\\MTG\\Desktop\\v0.9.1\\dataconnect": could not find dataconnect.yaml in `c:\Users\MTG\Desktop\v0.9.1\dataconnect`
 {"metadata":{"emulator":{"name":"dataconnect"},"message":"E0603 15:29:19.724345   27004 load.go:23] Could not load config from \"c:\\\\Users\\\\MTG\\\\Desktop\\\\v0.9.1\\\\dataconnect\": could not find dataconnect.yaml in `c:\\Users\\MTG\\Desktop\\v0.9.1\\dataconnect`\n"}}
[debug] [2025-06-03T12:29:29.722Z] E0603 15:29:29.722269   27004 load.go:23] Could not load config from "c:\\Users\\MTG\\Desktop\\v0.9.1\\dataconnect": could not find dataconnect.yaml in `c:\Users\MTG\Desktop\v0.9.1\dataconnect`
 {"metadata":{"emulator":{"name":"dataconnect"},"message":"E0603 15:29:29.722269   27004 load.go:23] Could not load config from \"c:\\\\Users\\\\MTG\\\\Desktop\\\\v0.9.1\\\\dataconnect\": could not find dataconnect.yaml in `c:\\Users\\MTG\\Desktop\\v0.9.1\\dataconnect`\n"}}
[debug] [2025-06-03T12:29:39.723Z] E0603 15:29:39.722955   27004 load.go:23] Could not load config from "c:\\Users\\MTG\\Desktop\\v0.9.1\\dataconnect": could not find dataconnect.yaml in `c:\Users\MTG\Desktop\v0.9.1\dataconnect`
 {"metadata":{"emulator":{"name":"dataconnect"},"message":"E0603 15:29:39.722955   27004 load.go:23] Could not load config from \"c:\\\\Users\\\\MTG\\\\Desktop\\\\v0.9.1\\\\dataconnect\": could not find dataconnect.yaml in `c:\\Users\\MTG\\Desktop\\v0.9.1\\dataconnect`\n"}}
[debug] [2025-06-03T12:29:49.722Z] E0603 15:29:49.721925   27004 load.go:23] Could not load config from "c:\\Users\\MTG\\Desktop\\v0.9.1\\dataconnect": could not find dataconnect.yaml in `c:\Users\MTG\Desktop\v0.9.1\dataconnect`
 {"metadata":{"emulator":{"name":"dataconnect"},"message":"E0603 15:29:49.721925   27004 load.go:23] Could not load config from \"c:\\\\Users\\\\MTG\\\\Desktop\\\\v0.9.1\\\\dataconnect\": could not find dataconnect.yaml in `c:\\Users\\MTG\\Desktop\\v0.9.1\\dataconnect`\n"}}
[debug] [2025-06-03T12:29:59.718Z] E0603 15:29:59.717779   27004 load.go:23] Could not load config from "c:\\Users\\MTG\\Desktop\\v0.9.1\\dataconnect": could not find dataconnect.yaml in `c:\Users\MTG\Desktop\v0.9.1\dataconnect`
 {"metadata":{"emulator":{"name":"dataconnect"},"message":"E0603 15:29:59.717779   27004 load.go:23] Could not load config from \"c:\\\\Users\\\\MTG\\\\Desktop\\\\v0.9.1\\\\dataconnect\": could not find dataconnect.yaml in `c:\\Users\\MTG\\Desktop\\v0.9.1\\dataconnect`\n"}}
[debug] [2025-06-03T12:30:09.724Z] E0603 15:30:09.724361   27004 load.go:23] Could not load config from "c:\\Users\\MTG\\Desktop\\v0.9.1\\dataconnect": could not find dataconnect.yaml in `c:\Users\MTG\Desktop\v0.9.1\dataconnect`
 {"metadata":{"emulator":{"name":"dataconnect"},"message":"E0603 15:30:09.724361   27004 load.go:23] Could not load config from \"c:\\\\Users\\\\MTG\\\\Desktop\\\\v0.9.1\\\\dataconnect\": could not find dataconnect.yaml in `c:\\Users\\MTG\\Desktop\\v0.9.1\\dataconnect`\n"}}
[debug] [2025-06-03T12:30:19.723Z] E0603 15:30:19.723782   27004 load.go:23] Could not load config from "c:\\Users\\MTG\\Desktop\\v0.9.1\\dataconnect": could not find dataconnect.yaml in `c:\Users\MTG\Desktop\v0.9.1\dataconnect`
 {"metadata":{"emulator":{"name":"dataconnect"},"message":"E0603 15:30:19.723782   27004 load.go:23] Could not load config from \"c:\\\\Users\\\\MTG\\\\Desktop\\\\v0.9.1\\\\dataconnect\": could not find dataconnect.yaml in `c:\\Users\\MTG\\Desktop\\v0.9.1\\dataconnect`\n"}}
[debug] [2025-06-03T12:30:29.722Z] E0603 15:30:29.722086   27004 load.go:23] Could not load config from "c:\\Users\\MTG\\Desktop\\v0.9.1\\dataconnect": could not find dataconnect.yaml in `c:\Users\MTG\Desktop\v0.9.1\dataconnect`
 {"metadata":{"emulator":{"name":"dataconnect"},"message":"E0603 15:30:29.722086   27004 load.go:23] Could not load config from \"c:\\\\Users\\\\MTG\\\\Desktop\\\\v0.9.1\\\\dataconnect\": could not find dataconnect.yaml in `c:\\Users\\MTG\\Desktop\\v0.9.1\\dataconnect`\n"}}
[debug] [2025-06-03T12:30:39.730Z] E0603 15:30:39.731016   27004 load.go:23] Could not load config from "c:\\Users\\MTG\\Desktop\\v0.9.1\\dataconnect": could not find dataconnect.yaml in `c:\Users\MTG\Desktop\v0.9.1\dataconnect`
E0603 15:30:39.731016   27004 watch.go:76] watchAllDir unable to walk dir `c:\Users\MTG\Desktop\v0.9.1\dataconnect`: on path "c:\\Users\\MTG\\Desktop\\v0.9.1\\dataconnect" (DirEntry: <nil>): CreateFile c:\Users\MTG\Desktop\v0.9.1\dataconnect: The system cannot find the file specified.
 {"metadata":{"emulator":{"name":"dataconnect"},"message":"E0603 15:30:39.731016   27004 load.go:23] Could not load config from \"c:\\\\Users\\\\MTG\\\\Desktop\\\\v0.9.1\\\\dataconnect\": could not find dataconnect.yaml in `c:\\Users\\MTG\\Desktop\\v0.9.1\\dataconnect`\nE0603 15:30:39.731016   27004 watch.go:76] watchAllDir unable to walk dir `c:\\Users\\MTG\\Desktop\\v0.9.1\\dataconnect`: on path \"c:\\\\Users\\\\MTG\\\\Desktop\\\\v0.9.1\\\\dataconnect\" (DirEntry: <nil>): CreateFile c:\\Users\\MTG\\Desktop\\v0.9.1\\dataconnect: The system cannot find the file specified.\n"}}
[debug] [2025-06-03T12:30:49.722Z] E0603 15:30:49.723072   27004 load.go:23] Could not load config from "c:\\Users\\MTG\\Desktop\\v0.9.1\\dataconnect": could not find dataconnect.yaml in `c:\Users\MTG\Desktop\v0.9.1\dataconnect`
 {"metadata":{"emulator":{"name":"dataconnect"},"message":"E0603 15:30:49.723072   27004 load.go:23] Could not load config from \"c:\\\\Users\\\\MTG\\\\Desktop\\\\v0.9.1\\\\dataconnect\": could not find dataconnect.yaml in `c:\\Users\\MTG\\Desktop\\v0.9.1\\dataconnect`\n"}}
[debug] [2025-06-03T12:30:59.718Z] E0603 15:30:59.717923   27004 load.go:23] Could not load config from "c:\\Users\\MTG\\Desktop\\v0.9.1\\dataconnect": could not find dataconnect.yaml in `c:\Users\MTG\Desktop\v0.9.1\dataconnect`
 {"metadata":{"emulator":{"name":"dataconnect"},"message":"E0603 15:30:59.717923   27004 load.go:23] Could not load config from \"c:\\\\Users\\\\MTG\\\\Desktop\\\\v0.9.1\\\\dataconnect\": could not find dataconnect.yaml in `c:\\Users\\MTG\\Desktop\\v0.9.1\\dataconnect`\n"}}
[debug] [2025-06-03T12:31:09.723Z] E0603 15:31:09.723742   27004 load.go:23] Could not load config from "c:\\Users\\MTG\\Desktop\\v0.9.1\\dataconnect": could not find dataconnect.yaml in `c:\Users\MTG\Desktop\v0.9.1\dataconnect`
 {"metadata":{"emulator":{"name":"dataconnect"},"message":"E0603 15:31:09.723742   27004 load.go:23] Could not load config from \"c:\\\\Users\\\\MTG\\\\Desktop\\\\v0.9.1\\\\dataconnect\": could not find dataconnect.yaml in `c:\\Users\\MTG\\Desktop\\v0.9.1\\dataconnect`\n"}}
[debug] [2025-06-03T12:31:19.728Z] E0603 15:31:19.728855   27004 load.go:23] Could not load config from "c:\\Users\\MTG\\Desktop\\v0.9.1\\dataconnect": could not find dataconnect.yaml in `c:\Users\MTG\Desktop\v0.9.1\dataconnect`
 {"metadata":{"emulator":{"name":"dataconnect"},"message":"E0603 15:31:19.728855   27004 load.go:23] Could not load config from \"c:\\\\Users\\\\MTG\\\\Desktop\\\\v0.9.1\\\\dataconnect\": could not find dataconnect.yaml in `c:\\Users\\MTG\\Desktop\\v0.9.1\\dataconnect`\n"}}
[debug] [2025-06-03T12:31:29.726Z] E0603 15:31:29.726162   27004 load.go:23] Could not load config from "c:\\Users\\MTG\\Desktop\\v0.9.1\\dataconnect": could not find dataconnect.yaml in `c:\Users\MTG\Desktop\v0.9.1\dataconnect`
 {"metadata":{"emulator":{"name":"dataconnect"},"message":"E0603 15:31:29.726162   27004 load.go:23] Could not load config from \"c:\\\\Users\\\\MTG\\\\Desktop\\\\v0.9.1\\\\dataconnect\": could not find dataconnect.yaml in `c:\\Users\\MTG\\Desktop\\v0.9.1\\dataconnect`\n"}}
[debug] [2025-06-03T12:31:39.717Z] E0603 15:31:39.718304   27004 load.go:23] Could not load config from "c:\\Users\\MTG\\Desktop\\v0.9.1\\dataconnect": could not find dataconnect.yaml in `c:\Users\MTG\Desktop\v0.9.1\dataconnect`
 {"metadata":{"emulator":{"name":"dataconnect"},"message":"E0603 15:31:39.718304   27004 load.go:23] Could not load config from \"c:\\\\Users\\\\MTG\\\\Desktop\\\\v0.9.1\\\\dataconnect\": could not find dataconnect.yaml in `c:\\Users\\MTG\\Desktop\\v0.9.1\\dataconnect`\n"}}
[debug] [2025-06-03T12:31:49.717Z] E0603 15:31:49.718006   27004 load.go:23] Could not load config from "c:\\Users\\MTG\\Desktop\\v0.9.1\\dataconnect": could not find dataconnect.yaml in `c:\Users\MTG\Desktop\v0.9.1\dataconnect`
 {"metadata":{"emulator":{"name":"dataconnect"},"message":"E0603 15:31:49.718006   27004 load.go:23] Could not load config from \"c:\\\\Users\\\\MTG\\\\Desktop\\\\v0.9.1\\\\dataconnect\": could not find dataconnect.yaml in `c:\\Users\\MTG\\Desktop\\v0.9.1\\dataconnect`\n"}}
[debug] [2025-06-03T12:31:59.716Z] E0603 15:31:59.717331   27004 load.go:23] Could not load config from "c:\\Users\\MTG\\Desktop\\v0.9.1\\dataconnect": could not find dataconnect.yaml in `c:\Users\MTG\Desktop\v0.9.1\dataconnect`
 {"metadata":{"emulator":{"name":"dataconnect"},"message":"E0603 15:31:59.717331   27004 load.go:23] Could not load config from \"c:\\\\Users\\\\MTG\\\\Desktop\\\\v0.9.1\\\\dataconnect\": could not find dataconnect.yaml in `c:\\Users\\MTG\\Desktop\\v0.9.1\\dataconnect`\n"}}
[debug] [2025-06-03T12:32:09.716Z] E0603 15:32:09.716937   27004 load.go:23] Could not load config from "c:\\Users\\MTG\\Desktop\\v0.9.1\\dataconnect": could not find dataconnect.yaml in `c:\Users\MTG\Desktop\v0.9.1\dataconnect`
 {"metadata":{"emulator":{"name":"dataconnect"},"message":"E0603 15:32:09.716937   27004 load.go:23] Could not load config from \"c:\\\\Users\\\\MTG\\\\Desktop\\\\v0.9.1\\\\dataconnect\": could not find dataconnect.yaml in `c:\\Users\\MTG\\Desktop\\v0.9.1\\dataconnect`\n"}}
[debug] [2025-06-03T12:32:19.731Z] E0603 15:32:19.731627   27004 load.go:23] Could not load config from "c:\\Users\\MTG\\Desktop\\v0.9.1\\dataconnect": could not find dataconnect.yaml in `c:\Users\MTG\Desktop\v0.9.1\dataconnect`
 {"metadata":{"emulator":{"name":"dataconnect"},"message":"E0603 15:32:19.731627   27004 load.go:23] Could not load config from \"c:\\\\Users\\\\MTG\\\\Desktop\\\\v0.9.1\\\\dataconnect\": could not find dataconnect.yaml in `c:\\Users\\MTG\\Desktop\\v0.9.1\\dataconnect`\n"}}
[debug] [2025-06-03T12:32:29.718Z] E0603 15:32:29.719012   27004 load.go:23] Could not load config from "c:\\Users\\MTG\\Desktop\\v0.9.1\\dataconnect": could not find dataconnect.yaml in `c:\Users\MTG\Desktop\v0.9.1\dataconnect`
 {"metadata":{"emulator":{"name":"dataconnect"},"message":"E0603 15:32:29.719012   27004 load.go:23] Could not load config from \"c:\\\\Users\\\\MTG\\\\Desktop\\\\v0.9.1\\\\dataconnect\": could not find dataconnect.yaml in `c:\\Users\\MTG\\Desktop\\v0.9.1\\dataconnect`\n"}}
[debug] [2025-06-03T12:32:39.736Z] E0603 15:32:39.737091   27004 load.go:23] Could not load config from "c:\\Users\\MTG\\Desktop\\v0.9.1\\dataconnect": could not find dataconnect.yaml in `c:\Users\MTG\Desktop\v0.9.1\dataconnect`
 {"metadata":{"emulator":{"name":"dataconnect"},"message":"E0603 15:32:39.737091   27004 load.go:23] Could not load config from \"c:\\\\Users\\\\MTG\\\\Desktop\\\\v0.9.1\\\\dataconnect\": could not find dataconnect.yaml in `c:\\Users\\MTG\\Desktop\\v0.9.1\\dataconnect`\n"}}
[debug] [2025-06-03T12:32:39.737Z] E0603 15:32:39.737091   27004 watch.go:76] watchAllDir unable to walk dir `c:\Users\MTG\Desktop\v0.9.1\dataconnect`: on path "c:\\Users\\MTG\\Desktop\\v0.9.1\\dataconnect" (DirEntry: <nil>): CreateFile c:\Users\MTG\Desktop\v0.9.1\dataconnect: The system cannot find the file specified.
 {"metadata":{"emulator":{"name":"dataconnect"},"message":"E0603 15:32:39.737091   27004 watch.go:76] watchAllDir unable to walk dir `c:\\Users\\MTG\\Desktop\\v0.9.1\\dataconnect`: on path \"c:\\\\Users\\\\MTG\\\\Desktop\\\\v0.9.1\\\\dataconnect\" (DirEntry: <nil>): CreateFile c:\\Users\\MTG\\Desktop\\v0.9.1\\dataconnect: The system cannot find the file specified.\n"}}
[debug] [2025-06-03T12:32:49.722Z] E0603 15:32:49.722278   27004 load.go:23] Could not load config from "c:\\Users\\MTG\\Desktop\\v0.9.1\\dataconnect": could not find dataconnect.yaml in `c:\Users\MTG\Desktop\v0.9.1\dataconnect`
 {"metadata":{"emulator":{"name":"dataconnect"},"message":"E0603 15:32:49.722278   27004 load.go:23] Could not load config from \"c:\\\\Users\\\\MTG\\\\Desktop\\\\v0.9.1\\\\dataconnect\": could not find dataconnect.yaml in `c:\\Users\\MTG\\Desktop\\v0.9.1\\dataconnect`\n"}}
[debug] [2025-06-03T12:32:59.729Z] E0603 15:32:59.729756   27004 load.go:23] Could not load config from "c:\\Users\\MTG\\Desktop\\v0.9.1\\dataconnect": could not find dataconnect.yaml in `c:\Users\MTG\Desktop\v0.9.1\dataconnect`
 {"metadata":{"emulator":{"name":"dataconnect"},"message":"E0603 15:32:59.729756   27004 load.go:23] Could not load config from \"c:\\\\Users\\\\MTG\\\\Desktop\\\\v0.9.1\\\\dataconnect\": could not find dataconnect.yaml in `c:\\Users\\MTG\\Desktop\\v0.9.1\\dataconnect`\n"}}
[debug] [2025-06-03T12:33:09.718Z] E0603 15:33:09.718564   27004 load.go:23] Could not load config from "c:\\Users\\MTG\\Desktop\\v0.9.1\\dataconnect": could not find dataconnect.yaml in `c:\Users\MTG\Desktop\v0.9.1\dataconnect`
 {"metadata":{"emulator":{"name":"dataconnect"},"message":"E0603 15:33:09.718564   27004 load.go:23] Could not load config from \"c:\\\\Users\\\\MTG\\\\Desktop\\\\v0.9.1\\\\dataconnect\": could not find dataconnect.yaml in `c:\\Users\\MTG\\Desktop\\v0.9.1\\dataconnect`\n"}}
[debug] [2025-06-03T12:33:19.717Z] E0603 15:33:19.716837   27004 load.go:23] Could not load config from "c:\\Users\\MTG\\Desktop\\v0.9.1\\dataconnect": could not find dataconnect.yaml in `c:\Users\MTG\Desktop\v0.9.1\dataconnect`
 {"metadata":{"emulator":{"name":"dataconnect"},"message":"E0603 15:33:19.716837   27004 load.go:23] Could not load config from \"c:\\\\Users\\\\MTG\\\\Desktop\\\\v0.9.1\\\\dataconnect\": could not find dataconnect.yaml in `c:\\Users\\MTG\\Desktop\\v0.9.1\\dataconnect`\n"}}
[debug] [2025-06-03T12:33:29.728Z] E0603 15:33:29.728354   27004 load.go:23] Could not load config from "c:\\Users\\MTG\\Desktop\\v0.9.1\\dataconnect": could not find dataconnect.yaml in `c:\Users\MTG\Desktop\v0.9.1\dataconnect`
 {"metadata":{"emulator":{"name":"dataconnect"},"message":"E0603 15:33:29.728354   27004 load.go:23] Could not load config from \"c:\\\\Users\\\\MTG\\\\Desktop\\\\v0.9.1\\\\dataconnect\": could not find dataconnect.yaml in `c:\\Users\\MTG\\Desktop\\v0.9.1\\dataconnect`\n"}}
[debug] [2025-06-03T12:33:39.726Z] E0603 15:33:39.725899   27004 load.go:23] Could not load config from "c:\\Users\\MTG\\Desktop\\v0.9.1\\dataconnect": could not find dataconnect.yaml in `c:\Users\MTG\Desktop\v0.9.1\dataconnect`
 {"metadata":{"emulator":{"name":"dataconnect"},"message":"E0603 15:33:39.725899   27004 load.go:23] Could not load config from \"c:\\\\Users\\\\MTG\\\\Desktop\\\\v0.9.1\\\\dataconnect\": could not find dataconnect.yaml in `c:\\Users\\MTG\\Desktop\\v0.9.1\\dataconnect`\n"}}
[debug] [2025-06-03T12:33:49.722Z] E0603 15:33:49.722521   27004 load.go:23] Could not load config from "c:\\Users\\MTG\\Desktop\\v0.9.1\\dataconnect": could not find dataconnect.yaml in `c:\Users\MTG\Desktop\v0.9.1\dataconnect`
 {"metadata":{"emulator":{"name":"dataconnect"},"message":"E0603 15:33:49.722521   27004 load.go:23] Could not load config from \"c:\\\\Users\\\\MTG\\\\Desktop\\\\v0.9.1\\\\dataconnect\": could not find dataconnect.yaml in `c:\\Users\\MTG\\Desktop\\v0.9.1\\dataconnect`\n"}}
[debug] [2025-06-03T12:33:59.728Z] E0603 15:33:59.728888   27004 load.go:23] Could not load config from "c:\\Users\\MTG\\Desktop\\v0.9.1\\dataconnect": could not find dataconnect.yaml in `c:\Users\MTG\Desktop\v0.9.1\dataconnect`
 {"metadata":{"emulator":{"name":"dataconnect"},"message":"E0603 15:33:59.728888   27004 load.go:23] Could not load config from \"c:\\\\Users\\\\MTG\\\\Desktop\\\\v0.9.1\\\\dataconnect\": could not find dataconnect.yaml in `c:\\Users\\MTG\\Desktop\\v0.9.1\\dataconnect`\n"}}
[debug] [2025-06-03T12:34:09.729Z] E0603 15:34:09.729250   27004 load.go:23] Could not load config from "c:\\Users\\MTG\\Desktop\\v0.9.1\\dataconnect": could not find dataconnect.yaml in `c:\Users\MTG\Desktop\v0.9.1\dataconnect`
 {"metadata":{"emulator":{"name":"dataconnect"},"message":"E0603 15:34:09.729250   27004 load.go:23] Could not load config from \"c:\\\\Users\\\\MTG\\\\Desktop\\\\v0.9.1\\\\dataconnect\": could not find dataconnect.yaml in `c:\\Users\\MTG\\Desktop\\v0.9.1\\dataconnect`\n"}}
[debug] [2025-06-03T12:34:19.728Z] E0603 15:34:19.728607   27004 load.go:23] Could not load config from "c:\\Users\\MTG\\Desktop\\v0.9.1\\dataconnect": could not find dataconnect.yaml in `c:\Users\MTG\Desktop\v0.9.1\dataconnect`
 {"metadata":{"emulator":{"name":"dataconnect"},"message":"E0603 15:34:19.728607   27004 load.go:23] Could not load config from \"c:\\\\Users\\\\MTG\\\\Desktop\\\\v0.9.1\\\\dataconnect\": could not find dataconnect.yaml in `c:\\Users\\MTG\\Desktop\\v0.9.1\\dataconnect`\n"}}
[debug] [2025-06-03T12:34:29.728Z] E0603 15:34:29.728778   27004 load.go:23] Could not load config from "c:\\Users\\MTG\\Desktop\\v0.9.1\\dataconnect": could not find dataconnect.yaml in `c:\Users\MTG\Desktop\v0.9.1\dataconnect`
 {"metadata":{"emulator":{"name":"dataconnect"},"message":"E0603 15:34:29.728778   27004 load.go:23] Could not load config from \"c:\\\\Users\\\\MTG\\\\Desktop\\\\v0.9.1\\\\dataconnect\": could not find dataconnect.yaml in `c:\\Users\\MTG\\Desktop\\v0.9.1\\dataconnect`\n"}}
[debug] [2025-06-03T12:34:39.716Z] E0603 15:34:39.716507   27004 load.go:23] Could not load config from "c:\\Users\\MTG\\Desktop\\v0.9.1\\dataconnect": could not find dataconnect.yaml in `c:\Users\MTG\Desktop\v0.9.1\dataconnect`
E0603 15:34:39.716507   27004 watch.go:76] watchAllDir unable to walk dir `c:\Users\MTG\Desktop\v0.9.1\dataconnect`: on path "c:\\Users\\MTG\\Desktop\\v0.9.1\\dataconnect" (DirEntry: <nil>): CreateFile c:\Users\MTG\Desktop\v0.9.1\dataconnect: The system cannot find the file specified.
 {"metadata":{"emulator":{"name":"dataconnect"},"message":"E0603 15:34:39.716507   27004 load.go:23] Could not load config from \"c:\\\\Users\\\\MTG\\\\Desktop\\\\v0.9.1\\\\dataconnect\": could not find dataconnect.yaml in `c:\\Users\\MTG\\Desktop\\v0.9.1\\dataconnect`\nE0603 15:34:39.716507   27004 watch.go:76] watchAllDir unable to walk dir `c:\\Users\\MTG\\Desktop\\v0.9.1\\dataconnect`: on path \"c:\\\\Users\\\\MTG\\\\Desktop\\\\v0.9.1\\\\dataconnect\" (DirEntry: <nil>): CreateFile c:\\Users\\MTG\\Desktop\\v0.9.1\\dataconnect: The system cannot find the file specified.\n"}}
[debug] [2025-06-03T12:34:49.716Z] E0603 15:34:49.716661   27004 load.go:23] Could not load config from "c:\\Users\\MTG\\Desktop\\v0.9.1\\dataconnect": could not find dataconnect.yaml in `c:\Users\MTG\Desktop\v0.9.1\dataconnect`
 {"metadata":{"emulator":{"name":"dataconnect"},"message":"E0603 15:34:49.716661   27004 load.go:23] Could not load config from \"c:\\\\Users\\\\MTG\\\\Desktop\\\\v0.9.1\\\\dataconnect\": could not find dataconnect.yaml in `c:\\Users\\MTG\\Desktop\\v0.9.1\\dataconnect`\n"}}
[debug] [2025-06-03T12:34:59.730Z] E0603 15:34:59.730325   27004 load.go:23] Could not load config from "c:\\Users\\MTG\\Desktop\\v0.9.1\\dataconnect": could not find dataconnect.yaml in `c:\Users\MTG\Desktop\v0.9.1\dataconnect`
 {"metadata":{"emulator":{"name":"dataconnect"},"message":"E0603 15:34:59.730325   27004 load.go:23] Could not load config from \"c:\\\\Users\\\\MTG\\\\Desktop\\\\v0.9.1\\\\dataconnect\": could not find dataconnect.yaml in `c:\\Users\\MTG\\Desktop\\v0.9.1\\dataconnect`\n"}}
[debug] [2025-06-03T12:35:09.730Z] E0603 15:35:09.730311   27004 load.go:23] Could not load config from "c:\\Users\\MTG\\Desktop\\v0.9.1\\dataconnect": could not find dataconnect.yaml in `c:\Users\MTG\Desktop\v0.9.1\dataconnect`
 {"metadata":{"emulator":{"name":"dataconnect"},"message":"E0603 15:35:09.730311   27004 load.go:23] Could not load config from \"c:\\\\Users\\\\MTG\\\\Desktop\\\\v0.9.1\\\\dataconnect\": could not find dataconnect.yaml in `c:\\Users\\MTG\\Desktop\\v0.9.1\\dataconnect`\n"}}
[debug] [2025-06-03T12:35:19.726Z] E0603 15:35:19.726528   27004 load.go:23] Could not load config from "c:\\Users\\MTG\\Desktop\\v0.9.1\\dataconnect": could not find dataconnect.yaml in `c:\Users\MTG\Desktop\v0.9.1\dataconnect`
 {"metadata":{"emulator":{"name":"dataconnect"},"message":"E0603 15:35:19.726528   27004 load.go:23] Could not load config from \"c:\\\\Users\\\\MTG\\\\Desktop\\\\v0.9.1\\\\dataconnect\": could not find dataconnect.yaml in `c:\\Users\\MTG\\Desktop\\v0.9.1\\dataconnect`\n"}}
[debug] [2025-06-03T12:35:29.720Z] E0603 15:35:29.719933   27004 load.go:23] Could not load config from "c:\\Users\\MTG\\Desktop\\v0.9.1\\dataconnect": could not find dataconnect.yaml in `c:\Users\MTG\Desktop\v0.9.1\dataconnect`
 {"metadata":{"emulator":{"name":"dataconnect"},"message":"E0603 15:35:29.719933   27004 load.go:23] Could not load config from \"c:\\\\Users\\\\MTG\\\\Desktop\\\\v0.9.1\\\\dataconnect\": could not find dataconnect.yaml in `c:\\Users\\MTG\\Desktop\\v0.9.1\\dataconnect`\n"}}
[debug] [2025-06-03T12:35:39.726Z] E0603 15:35:39.726251   27004 load.go:23] Could not load config from "c:\\Users\\MTG\\Desktop\\v0.9.1\\dataconnect": could not find dataconnect.yaml in `c:\Users\MTG\Desktop\v0.9.1\dataconnect`
 {"metadata":{"emulator":{"name":"dataconnect"},"message":"E0603 15:35:39.726251   27004 load.go:23] Could not load config from \"c:\\\\Users\\\\MTG\\\\Desktop\\\\v0.9.1\\\\dataconnect\": could not find dataconnect.yaml in `c:\\Users\\MTG\\Desktop\\v0.9.1\\dataconnect`\n"}}
[debug] [2025-06-03T12:35:49.723Z] E0603 15:35:49.722884   27004 load.go:23] Could not load config from "c:\\Users\\MTG\\Desktop\\v0.9.1\\dataconnect": could not find dataconnect.yaml in `c:\Users\MTG\Desktop\v0.9.1\dataconnect`
 {"metadata":{"emulator":{"name":"dataconnect"},"message":"E0603 15:35:49.722884   27004 load.go:23] Could not load config from \"c:\\\\Users\\\\MTG\\\\Desktop\\\\v0.9.1\\\\dataconnect\": could not find dataconnect.yaml in `c:\\Users\\MTG\\Desktop\\v0.9.1\\dataconnect`\n"}}
[debug] [2025-06-03T12:35:59.731Z] E0603 15:35:59.730926   27004 load.go:23] Could not load config from "c:\\Users\\MTG\\Desktop\\v0.9.1\\dataconnect": could not find dataconnect.yaml in `c:\Users\MTG\Desktop\v0.9.1\dataconnect`
 {"metadata":{"emulator":{"name":"dataconnect"},"message":"E0603 15:35:59.730926   27004 load.go:23] Could not load config from \"c:\\\\Users\\\\MTG\\\\Desktop\\\\v0.9.1\\\\dataconnect\": could not find dataconnect.yaml in `c:\\Users\\MTG\\Desktop\\v0.9.1\\dataconnect`\n"}}
[debug] [2025-06-03T12:36:09.722Z] E0603 15:36:09.722401   27004 load.go:23] Could not load config from "c:\\Users\\MTG\\Desktop\\v0.9.1\\dataconnect": could not find dataconnect.yaml in `c:\Users\MTG\Desktop\v0.9.1\dataconnect`
 {"metadata":{"emulator":{"name":"dataconnect"},"message":"E0603 15:36:09.722401   27004 load.go:23] Could not load config from \"c:\\\\Users\\\\MTG\\\\Desktop\\\\v0.9.1\\\\dataconnect\": could not find dataconnect.yaml in `c:\\Users\\MTG\\Desktop\\v0.9.1\\dataconnect`\n"}}
[debug] [2025-06-03T12:36:19.718Z] E0603 15:36:19.718043   27004 load.go:23] Could not load config from "c:\\Users\\MTG\\Desktop\\v0.9.1\\dataconnect": could not find dataconnect.yaml in `c:\Users\MTG\Desktop\v0.9.1\dataconnect`
 {"metadata":{"emulator":{"name":"dataconnect"},"message":"E0603 15:36:19.718043   27004 load.go:23] Could not load config from \"c:\\\\Users\\\\MTG\\\\Desktop\\\\v0.9.1\\\\dataconnect\": could not find dataconnect.yaml in `c:\\Users\\MTG\\Desktop\\v0.9.1\\dataconnect`\n"}}
[debug] [2025-06-03T12:36:29.728Z] E0603 15:36:29.728545   27004 load.go:23] Could not load config from "c:\\Users\\MTG\\Desktop\\v0.9.1\\dataconnect": could not find dataconnect.yaml in `c:\Users\MTG\Desktop\v0.9.1\dataconnect`
 {"metadata":{"emulator":{"name":"dataconnect"},"message":"E0603 15:36:29.728545   27004 load.go:23] Could not load config from \"c:\\\\Users\\\\MTG\\\\Desktop\\\\v0.9.1\\\\dataconnect\": could not find dataconnect.yaml in `c:\\Users\\MTG\\Desktop\\v0.9.1\\dataconnect`\n"}}
[debug] [2025-06-03T12:36:39.722Z] E0603 15:36:39.722320   27004 load.go:23] Could not load config from "c:\\Users\\MTG\\Desktop\\v0.9.1\\dataconnect": could not find dataconnect.yaml in `c:\Users\MTG\Desktop\v0.9.1\dataconnect`
 {"metadata":{"emulator":{"name":"dataconnect"},"message":"E0603 15:36:39.722320   27004 load.go:23] Could not load config from \"c:\\\\Users\\\\MTG\\\\Desktop\\\\v0.9.1\\\\dataconnect\": could not find dataconnect.yaml in `c:\\Users\\MTG\\Desktop\\v0.9.1\\dataconnect`\n"}}
[debug] [2025-06-03T12:36:39.723Z] E0603 15:36:39.723829   27004 watch.go:76] watchAllDir unable to walk dir `c:\Users\MTG\Desktop\v0.9.1\dataconnect`: on path "c:\\Users\\MTG\\Desktop\\v0.9.1\\dataconnect" (DirEntry: <nil>): CreateFile c:\Users\MTG\Desktop\v0.9.1\dataconnect: The system cannot find the file specified.
 {"metadata":{"emulator":{"name":"dataconnect"},"message":"E0603 15:36:39.723829   27004 watch.go:76] watchAllDir unable to walk dir `c:\\Users\\MTG\\Desktop\\v0.9.1\\dataconnect`: on path \"c:\\\\Users\\\\MTG\\\\Desktop\\\\v0.9.1\\\\dataconnect\" (DirEntry: <nil>): CreateFile c:\\Users\\MTG\\Desktop\\v0.9.1\\dataconnect: The system cannot find the file specified.\n"}}
[debug] [2025-06-03T12:36:49.721Z] E0603 15:36:49.722085   27004 load.go:23] Could not load config from "c:\\Users\\MTG\\Desktop\\v0.9.1\\dataconnect": could not find dataconnect.yaml in `c:\Users\MTG\Desktop\v0.9.1\dataconnect`
 {"metadata":{"emulator":{"name":"dataconnect"},"message":"E0603 15:36:49.722085   27004 load.go:23] Could not load config from \"c:\\\\Users\\\\MTG\\\\Desktop\\\\v0.9.1\\\\dataconnect\": could not find dataconnect.yaml in `c:\\Users\\MTG\\Desktop\\v0.9.1\\dataconnect`\n"}}
[debug] [2025-06-03T12:36:59.729Z] E0603 15:36:59.729158   27004 load.go:23] Could not load config from "c:\\Users\\MTG\\Desktop\\v0.9.1\\dataconnect": could not find dataconnect.yaml in `c:\Users\MTG\Desktop\v0.9.1\dataconnect`
 {"metadata":{"emulator":{"name":"dataconnect"},"message":"E0603 15:36:59.729158   27004 load.go:23] Could not load config from \"c:\\\\Users\\\\MTG\\\\Desktop\\\\v0.9.1\\\\dataconnect\": could not find dataconnect.yaml in `c:\\Users\\MTG\\Desktop\\v0.9.1\\dataconnect`\n"}}
[debug] [2025-06-03T12:37:09.725Z] E0603 15:37:09.725787   27004 load.go:23] Could not load config from "c:\\Users\\MTG\\Desktop\\v0.9.1\\dataconnect": could not find dataconnect.yaml in `c:\Users\MTG\Desktop\v0.9.1\dataconnect`
 {"metadata":{"emulator":{"name":"dataconnect"},"message":"E0603 15:37:09.725787   27004 load.go:23] Could not load config from \"c:\\\\Users\\\\MTG\\\\Desktop\\\\v0.9.1\\\\dataconnect\": could not find dataconnect.yaml in `c:\\Users\\MTG\\Desktop\\v0.9.1\\dataconnect`\n"}}
[debug] [2025-06-03T12:37:19.722Z] E0603 15:37:19.722291   27004 load.go:23] Could not load config from "c:\\Users\\MTG\\Desktop\\v0.9.1\\dataconnect": could not find dataconnect.yaml in `c:\Users\MTG\Desktop\v0.9.1\dataconnect`
 {"metadata":{"emulator":{"name":"dataconnect"},"message":"E0603 15:37:19.722291   27004 load.go:23] Could not load config from \"c:\\\\Users\\\\MTG\\\\Desktop\\\\v0.9.1\\\\dataconnect\": could not find dataconnect.yaml in `c:\\Users\\MTG\\Desktop\\v0.9.1\\dataconnect`\n"}}
[debug] [2025-06-03T12:37:29.724Z] E0603 15:37:29.724130   27004 load.go:23] Could not load config from "c:\\Users\\MTG\\Desktop\\v0.9.1\\dataconnect": could not find dataconnect.yaml in `c:\Users\MTG\Desktop\v0.9.1\dataconnect`
 {"metadata":{"emulator":{"name":"dataconnect"},"message":"E0603 15:37:29.724130   27004 load.go:23] Could not load config from \"c:\\\\Users\\\\MTG\\\\Desktop\\\\v0.9.1\\\\dataconnect\": could not find dataconnect.yaml in `c:\\Users\\MTG\\Desktop\\v0.9.1\\dataconnect`\n"}}
[debug] [2025-06-03T12:37:39.731Z] E0603 15:37:39.731106   27004 load.go:23] Could not load config from "c:\\Users\\MTG\\Desktop\\v0.9.1\\dataconnect": could not find dataconnect.yaml in `c:\Users\MTG\Desktop\v0.9.1\dataconnect`
 {"metadata":{"emulator":{"name":"dataconnect"},"message":"E0603 15:37:39.731106   27004 load.go:23] Could not load config from \"c:\\\\Users\\\\MTG\\\\Desktop\\\\v0.9.1\\\\dataconnect\": could not find dataconnect.yaml in `c:\\Users\\MTG\\Desktop\\v0.9.1\\dataconnect`\n"}}
[debug] [2025-06-03T12:37:49.729Z] E0603 15:37:49.728712   27004 load.go:23] Could not load config from "c:\\Users\\MTG\\Desktop\\v0.9.1\\dataconnect": could not find dataconnect.yaml in `c:\Users\MTG\Desktop\v0.9.1\dataconnect`
 {"metadata":{"emulator":{"name":"dataconnect"},"message":"E0603 15:37:49.728712   27004 load.go:23] Could not load config from \"c:\\\\Users\\\\MTG\\\\Desktop\\\\v0.9.1\\\\dataconnect\": could not find dataconnect.yaml in `c:\\Users\\MTG\\Desktop\\v0.9.1\\dataconnect`\n"}}
[debug] [2025-06-03T12:37:59.728Z] E0603 15:37:59.727991   27004 load.go:23] Could not load config from "c:\\Users\\MTG\\Desktop\\v0.9.1\\dataconnect": could not find dataconnect.yaml in `c:\Users\MTG\Desktop\v0.9.1\dataconnect`
 {"metadata":{"emulator":{"name":"dataconnect"},"message":"E0603 15:37:59.727991   27004 load.go:23] Could not load config from \"c:\\\\Users\\\\MTG\\\\Desktop\\\\v0.9.1\\\\dataconnect\": could not find dataconnect.yaml in `c:\\Users\\MTG\\Desktop\\v0.9.1\\dataconnect`\n"}}
[debug] [2025-06-03T12:38:09.725Z] E0603 15:38:09.725608   27004 load.go:23] Could not load config from "c:\\Users\\MTG\\Desktop\\v0.9.1\\dataconnect": could not find dataconnect.yaml in `c:\Users\MTG\Desktop\v0.9.1\dataconnect`
 {"metadata":{"emulator":{"name":"dataconnect"},"message":"E0603 15:38:09.725608   27004 load.go:23] Could not load config from \"c:\\\\Users\\\\MTG\\\\Desktop\\\\v0.9.1\\\\dataconnect\": could not find dataconnect.yaml in `c:\\Users\\MTG\\Desktop\\v0.9.1\\dataconnect`\n"}}
[debug] [2025-06-03T12:38:19.725Z] E0603 15:38:19.724765   27004 load.go:23] Could not load config from "c:\\Users\\MTG\\Desktop\\v0.9.1\\dataconnect": could not find dataconnect.yaml in `c:\Users\MTG\Desktop\v0.9.1\dataconnect`
 {"metadata":{"emulator":{"name":"dataconnect"},"message":"E0603 15:38:19.724765   27004 load.go:23] Could not load config from \"c:\\\\Users\\\\MTG\\\\Desktop\\\\v0.9.1\\\\dataconnect\": could not find dataconnect.yaml in `c:\\Users\\MTG\\Desktop\\v0.9.1\\dataconnect`\n"}}
[debug] [2025-06-03T12:38:29.731Z] E0603 15:38:29.730852   27004 load.go:23] Could not load config from "c:\\Users\\MTG\\Desktop\\v0.9.1\\dataconnect": could not find dataconnect.yaml in `c:\Users\MTG\Desktop\v0.9.1\dataconnect`
 {"metadata":{"emulator":{"name":"dataconnect"},"message":"E0603 15:38:29.730852   27004 load.go:23] Could not load config from \"c:\\\\Users\\\\MTG\\\\Desktop\\\\v0.9.1\\\\dataconnect\": could not find dataconnect.yaml in `c:\\Users\\MTG\\Desktop\\v0.9.1\\dataconnect`\n"}}
[debug] [2025-06-03T12:38:39.727Z] E0603 15:38:39.727228   27004 load.go:23] Could not load config from "c:\\Users\\MTG\\Desktop\\v0.9.1\\dataconnect": could not find dataconnect.yaml in `c:\Users\MTG\Desktop\v0.9.1\dataconnect`
E0603 15:38:39.727228   27004 watch.go:76] watchAllDir unable to walk dir `c:\Users\MTG\Desktop\v0.9.1\dataconnect`: on path "c:\\Users\\MTG\\Desktop\\v0.9.1\\dataconnect" (DirEntry: <nil>): CreateFile c:\Users\MTG\Desktop\v0.9.1\dataconnect: The system cannot find the file specified.
 {"metadata":{"emulator":{"name":"dataconnect"},"message":"E0603 15:38:39.727228   27004 load.go:23] Could not load config from \"c:\\\\Users\\\\MTG\\\\Desktop\\\\v0.9.1\\\\dataconnect\": could not find dataconnect.yaml in `c:\\Users\\MTG\\Desktop\\v0.9.1\\dataconnect`\nE0603 15:38:39.727228   27004 watch.go:76] watchAllDir unable to walk dir `c:\\Users\\MTG\\Desktop\\v0.9.1\\dataconnect`: on path \"c:\\\\Users\\\\MTG\\\\Desktop\\\\v0.9.1\\\\dataconnect\" (DirEntry: <nil>): CreateFile c:\\Users\\MTG\\Desktop\\v0.9.1\\dataconnect: The system cannot find the file specified.\n"}}
[debug] [2025-06-03T12:38:49.726Z] E0603 15:38:49.726477   27004 load.go:23] Could not load config from "c:\\Users\\MTG\\Desktop\\v0.9.1\\dataconnect": could not find dataconnect.yaml in `c:\Users\MTG\Desktop\v0.9.1\dataconnect`
 {"metadata":{"emulator":{"name":"dataconnect"},"message":"E0603 15:38:49.726477   27004 load.go:23] Could not load config from \"c:\\\\Users\\\\MTG\\\\Desktop\\\\v0.9.1\\\\dataconnect\": could not find dataconnect.yaml in `c:\\Users\\MTG\\Desktop\\v0.9.1\\dataconnect`\n"}}
[debug] [2025-06-03T12:38:59.726Z] E0603 15:38:59.726448   27004 load.go:23] Could not load config from "c:\\Users\\MTG\\Desktop\\v0.9.1\\dataconnect": could not find dataconnect.yaml in `c:\Users\MTG\Desktop\v0.9.1\dataconnect`
 {"metadata":{"emulator":{"name":"dataconnect"},"message":"E0603 15:38:59.726448   27004 load.go:23] Could not load config from \"c:\\\\Users\\\\MTG\\\\Desktop\\\\v0.9.1\\\\dataconnect\": could not find dataconnect.yaml in `c:\\Users\\MTG\\Desktop\\v0.9.1\\dataconnect`\n"}}
[debug] [2025-06-03T12:39:09.731Z] E0603 15:39:09.731437   27004 load.go:23] Could not load config from "c:\\Users\\MTG\\Desktop\\v0.9.1\\dataconnect": could not find dataconnect.yaml in `c:\Users\MTG\Desktop\v0.9.1\dataconnect`
 {"metadata":{"emulator":{"name":"dataconnect"},"message":"E0603 15:39:09.731437   27004 load.go:23] Could not load config from \"c:\\\\Users\\\\MTG\\\\Desktop\\\\v0.9.1\\\\dataconnect\": could not find dataconnect.yaml in `c:\\Users\\MTG\\Desktop\\v0.9.1\\dataconnect`\n"}}
[debug] [2025-06-03T12:39:19.725Z] E0603 15:39:19.725216   27004 load.go:23] Could not load config from "c:\\Users\\MTG\\Desktop\\v0.9.1\\dataconnect": could not find dataconnect.yaml in `c:\Users\MTG\Desktop\v0.9.1\dataconnect`
 {"metadata":{"emulator":{"name":"dataconnect"},"message":"E0603 15:39:19.725216   27004 load.go:23] Could not load config from \"c:\\\\Users\\\\MTG\\\\Desktop\\\\v0.9.1\\\\dataconnect\": could not find dataconnect.yaml in `c:\\Users\\MTG\\Desktop\\v0.9.1\\dataconnect`\n"}}
[debug] [2025-06-03T12:39:29.722Z] E0603 15:39:29.723328   27004 load.go:23] Could not load config from "c:\\Users\\MTG\\Desktop\\v0.9.1\\dataconnect": could not find dataconnect.yaml in `c:\Users\MTG\Desktop\v0.9.1\dataconnect`
 {"metadata":{"emulator":{"name":"dataconnect"},"message":"E0603 15:39:29.723328   27004 load.go:23] Could not load config from \"c:\\\\Users\\\\MTG\\\\Desktop\\\\v0.9.1\\\\dataconnect\": could not find dataconnect.yaml in `c:\\Users\\MTG\\Desktop\\v0.9.1\\dataconnect`\n"}}
[debug] [2025-06-03T12:39:39.730Z] E0603 15:39:39.730653   27004 load.go:23] Could not load config from "c:\\Users\\MTG\\Desktop\\v0.9.1\\dataconnect": could not find dataconnect.yaml in `c:\Users\MTG\Desktop\v0.9.1\dataconnect`
 {"metadata":{"emulator":{"name":"dataconnect"},"message":"E0603 15:39:39.730653   27004 load.go:23] Could not load config from \"c:\\\\Users\\\\MTG\\\\Desktop\\\\v0.9.1\\\\dataconnect\": could not find dataconnect.yaml in `c:\\Users\\MTG\\Desktop\\v0.9.1\\dataconnect`\n"}}
[debug] [2025-06-03T12:39:49.720Z] E0603 15:39:49.720715   27004 load.go:23] Could not load config from "c:\\Users\\MTG\\Desktop\\v0.9.1\\dataconnect": could not find dataconnect.yaml in `c:\Users\MTG\Desktop\v0.9.1\dataconnect`
 {"metadata":{"emulator":{"name":"dataconnect"},"message":"E0603 15:39:49.720715   27004 load.go:23] Could not load config from \"c:\\\\Users\\\\MTG\\\\Desktop\\\\v0.9.1\\\\dataconnect\": could not find dataconnect.yaml in `c:\\Users\\MTG\\Desktop\\v0.9.1\\dataconnect`\n"}}
[debug] [2025-06-03T12:39:59.724Z] E0603 15:39:59.724764   27004 load.go:23] Could not load config from "c:\\Users\\MTG\\Desktop\\v0.9.1\\dataconnect": could not find dataconnect.yaml in `c:\Users\MTG\Desktop\v0.9.1\dataconnect`
 {"metadata":{"emulator":{"name":"dataconnect"},"message":"E0603 15:39:59.724764   27004 load.go:23] Could not load config from \"c:\\\\Users\\\\MTG\\\\Desktop\\\\v0.9.1\\\\dataconnect\": could not find dataconnect.yaml in `c:\\Users\\MTG\\Desktop\\v0.9.1\\dataconnect`\n"}}
[debug] [2025-06-03T12:40:09.725Z] E0603 15:40:09.724910   27004 load.go:23] Could not load config from "c:\\Users\\MTG\\Desktop\\v0.9.1\\dataconnect": could not find dataconnect.yaml in `c:\Users\MTG\Desktop\v0.9.1\dataconnect`
 {"metadata":{"emulator":{"name":"dataconnect"},"message":"E0603 15:40:09.724910   27004 load.go:23] Could not load config from \"c:\\\\Users\\\\MTG\\\\Desktop\\\\v0.9.1\\\\dataconnect\": could not find dataconnect.yaml in `c:\\Users\\MTG\\Desktop\\v0.9.1\\dataconnect`\n"}}
[debug] [2025-06-03T12:40:19.723Z] E0603 15:40:19.722895   27004 load.go:23] Could not load config from "c:\\Users\\MTG\\Desktop\\v0.9.1\\dataconnect": could not find dataconnect.yaml in `c:\Users\MTG\Desktop\v0.9.1\dataconnect`
 {"metadata":{"emulator":{"name":"dataconnect"},"message":"E0603 15:40:19.722895   27004 load.go:23] Could not load config from \"c:\\\\Users\\\\MTG\\\\Desktop\\\\v0.9.1\\\\dataconnect\": could not find dataconnect.yaml in `c:\\Users\\MTG\\Desktop\\v0.9.1\\dataconnect`\n"}}
[debug] [2025-06-03T12:40:29.725Z] E0603 15:40:29.724823   27004 load.go:23] Could not load config from "c:\\Users\\MTG\\Desktop\\v0.9.1\\dataconnect": could not find dataconnect.yaml in `c:\Users\MTG\Desktop\v0.9.1\dataconnect`
 {"metadata":{"emulator":{"name":"dataconnect"},"message":"E0603 15:40:29.724823   27004 load.go:23] Could not load config from \"c:\\\\Users\\\\MTG\\\\Desktop\\\\v0.9.1\\\\dataconnect\": could not find dataconnect.yaml in `c:\\Users\\MTG\\Desktop\\v0.9.1\\dataconnect`\n"}}
[debug] [2025-06-03T12:40:39.723Z] E0603 15:40:39.723690   27004 load.go:23] Could not load config from "c:\\Users\\MTG\\Desktop\\v0.9.1\\dataconnect": could not find dataconnect.yaml in `c:\Users\MTG\Desktop\v0.9.1\dataconnect`
 {"metadata":{"emulator":{"name":"dataconnect"},"message":"E0603 15:40:39.723690   27004 load.go:23] Could not load config from \"c:\\\\Users\\\\MTG\\\\Desktop\\\\v0.9.1\\\\dataconnect\": could not find dataconnect.yaml in `c:\\Users\\MTG\\Desktop\\v0.9.1\\dataconnect`\n"}}
[debug] [2025-06-03T12:40:39.724Z] E0603 15:40:39.723690   27004 watch.go:76] watchAllDir unable to walk dir `c:\Users\MTG\Desktop\v0.9.1\dataconnect`: on path "c:\\Users\\MTG\\Desktop\\v0.9.1\\dataconnect" (DirEntry: <nil>): CreateFile c:\Users\MTG\Desktop\v0.9.1\dataconnect: The system cannot find the file specified.
 {"metadata":{"emulator":{"name":"dataconnect"},"message":"E0603 15:40:39.723690   27004 watch.go:76] watchAllDir unable to walk dir `c:\\Users\\MTG\\Desktop\\v0.9.1\\dataconnect`: on path \"c:\\\\Users\\\\MTG\\\\Desktop\\\\v0.9.1\\\\dataconnect\" (DirEntry: <nil>): CreateFile c:\\Users\\MTG\\Desktop\\v0.9.1\\dataconnect: The system cannot find the file specified.\n"}}
[debug] [2025-06-03T12:40:49.730Z] E0603 15:40:49.729761   27004 load.go:23] Could not load config from "c:\\Users\\MTG\\Desktop\\v0.9.1\\dataconnect": could not find dataconnect.yaml in `c:\Users\MTG\Desktop\v0.9.1\dataconnect`
 {"metadata":{"emulator":{"name":"dataconnect"},"message":"E0603 15:40:49.729761   27004 load.go:23] Could not load config from \"c:\\\\Users\\\\MTG\\\\Desktop\\\\v0.9.1\\\\dataconnect\": could not find dataconnect.yaml in `c:\\Users\\MTG\\Desktop\\v0.9.1\\dataconnect`\n"}}
[debug] [2025-06-03T12:40:59.720Z] E0603 15:40:59.719907   27004 load.go:23] Could not load config from "c:\\Users\\MTG\\Desktop\\v0.9.1\\dataconnect": could not find dataconnect.yaml in `c:\Users\MTG\Desktop\v0.9.1\dataconnect`
 {"metadata":{"emulator":{"name":"dataconnect"},"message":"E0603 15:40:59.719907   27004 load.go:23] Could not load config from \"c:\\\\Users\\\\MTG\\\\Desktop\\\\v0.9.1\\\\dataconnect\": could not find dataconnect.yaml in `c:\\Users\\MTG\\Desktop\\v0.9.1\\dataconnect`\n"}}
[debug] [2025-06-03T12:41:09.725Z] E0603 15:41:09.725526   27004 load.go:23] Could not load config from "c:\\Users\\MTG\\Desktop\\v0.9.1\\dataconnect": could not find dataconnect.yaml in `c:\Users\MTG\Desktop\v0.9.1\dataconnect`
 {"metadata":{"emulator":{"name":"dataconnect"},"message":"E0603 15:41:09.725526   27004 load.go:23] Could not load config from \"c:\\\\Users\\\\MTG\\\\Desktop\\\\v0.9.1\\\\dataconnect\": could not find dataconnect.yaml in `c:\\Users\\MTG\\Desktop\\v0.9.1\\dataconnect`\n"}}
[debug] [2025-06-03T12:41:19.727Z] E0603 15:41:19.726995   27004 load.go:23] Could not load config from "c:\\Users\\MTG\\Desktop\\v0.9.1\\dataconnect": could not find dataconnect.yaml in `c:\Users\MTG\Desktop\v0.9.1\dataconnect`
 {"metadata":{"emulator":{"name":"dataconnect"},"message":"E0603 15:41:19.726995   27004 load.go:23] Could not load config from \"c:\\\\Users\\\\MTG\\\\Desktop\\\\v0.9.1\\\\dataconnect\": could not find dataconnect.yaml in `c:\\Users\\MTG\\Desktop\\v0.9.1\\dataconnect`\n"}}
[debug] [2025-06-03T12:41:29.731Z] E0603 15:41:29.730879   27004 load.go:23] Could not load config from "c:\\Users\\MTG\\Desktop\\v0.9.1\\dataconnect": could not find dataconnect.yaml in `c:\Users\MTG\Desktop\v0.9.1\dataconnect`
 {"metadata":{"emulator":{"name":"dataconnect"},"message":"E0603 15:41:29.730879   27004 load.go:23] Could not load config from \"c:\\\\Users\\\\MTG\\\\Desktop\\\\v0.9.1\\\\dataconnect\": could not find dataconnect.yaml in `c:\\Users\\MTG\\Desktop\\v0.9.1\\dataconnect`\n"}}
[debug] [2025-06-03T12:41:39.731Z] E0603 15:41:39.730965   27004 load.go:23] Could not load config from "c:\\Users\\MTG\\Desktop\\v0.9.1\\dataconnect": could not find dataconnect.yaml in `c:\Users\MTG\Desktop\v0.9.1\dataconnect`
 {"metadata":{"emulator":{"name":"dataconnect"},"message":"E0603 15:41:39.730965   27004 load.go:23] Could not load config from \"c:\\\\Users\\\\MTG\\\\Desktop\\\\v0.9.1\\\\dataconnect\": could not find dataconnect.yaml in `c:\\Users\\MTG\\Desktop\\v0.9.1\\dataconnect`\n"}}
[debug] [2025-06-03T12:41:49.724Z] E0603 15:41:49.724390   27004 load.go:23] Could not load config from "c:\\Users\\MTG\\Desktop\\v0.9.1\\dataconnect": could not find dataconnect.yaml in `c:\Users\MTG\Desktop\v0.9.1\dataconnect`
 {"metadata":{"emulator":{"name":"dataconnect"},"message":"E0603 15:41:49.724390   27004 load.go:23] Could not load config from \"c:\\\\Users\\\\MTG\\\\Desktop\\\\v0.9.1\\\\dataconnect\": could not find dataconnect.yaml in `c:\\Users\\MTG\\Desktop\\v0.9.1\\dataconnect`\n"}}
[debug] [2025-06-03T12:41:59.726Z] E0603 15:41:59.726487   27004 load.go:23] Could not load config from "c:\\Users\\MTG\\Desktop\\v0.9.1\\dataconnect": could not find dataconnect.yaml in `c:\Users\MTG\Desktop\v0.9.1\dataconnect`
 {"metadata":{"emulator":{"name":"dataconnect"},"message":"E0603 15:41:59.726487   27004 load.go:23] Could not load config from \"c:\\\\Users\\\\MTG\\\\Desktop\\\\v0.9.1\\\\dataconnect\": could not find dataconnect.yaml in `c:\\Users\\MTG\\Desktop\\v0.9.1\\dataconnect`\n"}}
[debug] [2025-06-03T12:42:09.726Z] E0603 15:42:09.726236   27004 load.go:23] Could not load config from "c:\\Users\\MTG\\Desktop\\v0.9.1\\dataconnect": could not find dataconnect.yaml in `c:\Users\MTG\Desktop\v0.9.1\dataconnect`
 {"metadata":{"emulator":{"name":"dataconnect"},"message":"E0603 15:42:09.726236   27004 load.go:23] Could not load config from \"c:\\\\Users\\\\MTG\\\\Desktop\\\\v0.9.1\\\\dataconnect\": could not find dataconnect.yaml in `c:\\Users\\MTG\\Desktop\\v0.9.1\\dataconnect`\n"}}
[debug] [2025-06-03T12:42:19.730Z] E0603 15:42:19.730294   27004 load.go:23] Could not load config from "c:\\Users\\MTG\\Desktop\\v0.9.1\\dataconnect": could not find dataconnect.yaml in `c:\Users\MTG\Desktop\v0.9.1\dataconnect`
 {"metadata":{"emulator":{"name":"dataconnect"},"message":"E0603 15:42:19.730294   27004 load.go:23] Could not load config from \"c:\\\\Users\\\\MTG\\\\Desktop\\\\v0.9.1\\\\dataconnect\": could not find dataconnect.yaml in `c:\\Users\\MTG\\Desktop\\v0.9.1\\dataconnect`\n"}}
[debug] [2025-06-03T12:42:29.722Z] E0603 15:42:29.722426   27004 load.go:23] Could not load config from "c:\\Users\\MTG\\Desktop\\v0.9.1\\dataconnect": could not find dataconnect.yaml in `c:\Users\MTG\Desktop\v0.9.1\dataconnect`
 {"metadata":{"emulator":{"name":"dataconnect"},"message":"E0603 15:42:29.722426   27004 load.go:23] Could not load config from \"c:\\\\Users\\\\MTG\\\\Desktop\\\\v0.9.1\\\\dataconnect\": could not find dataconnect.yaml in `c:\\Users\\MTG\\Desktop\\v0.9.1\\dataconnect`\n"}}
[debug] [2025-06-03T12:42:39.727Z] E0603 15:42:39.727685   27004 load.go:23] Could not load config from "c:\\Users\\MTG\\Desktop\\v0.9.1\\dataconnect": could not find dataconnect.yaml in `c:\Users\MTG\Desktop\v0.9.1\dataconnect`
E0603 15:42:39.727685   27004 watch.go:76] watchAllDir unable to walk dir `c:\Users\MTG\Desktop\v0.9.1\dataconnect`: on path "c:\\Users\\MTG\\Desktop\\v0.9.1\\dataconnect" (DirEntry: <nil>): CreateFile c:\Users\MTG\Desktop\v0.9.1\dataconnect: The system cannot find the file specified.
 {"metadata":{"emulator":{"name":"dataconnect"},"message":"E0603 15:42:39.727685   27004 load.go:23] Could not load config from \"c:\\\\Users\\\\MTG\\\\Desktop\\\\v0.9.1\\\\dataconnect\": could not find dataconnect.yaml in `c:\\Users\\MTG\\Desktop\\v0.9.1\\dataconnect`\nE0603 15:42:39.727685   27004 watch.go:76] watchAllDir unable to walk dir `c:\\Users\\MTG\\Desktop\\v0.9.1\\dataconnect`: on path \"c:\\\\Users\\\\MTG\\\\Desktop\\\\v0.9.1\\\\dataconnect\" (DirEntry: <nil>): CreateFile c:\\Users\\MTG\\Desktop\\v0.9.1\\dataconnect: The system cannot find the file specified.\n"}}
[debug] [2025-06-03T12:42:49.728Z] E0603 15:42:49.728284   27004 load.go:23] Could not load config from "c:\\Users\\MTG\\Desktop\\v0.9.1\\dataconnect": could not find dataconnect.yaml in `c:\Users\MTG\Desktop\v0.9.1\dataconnect`
 {"metadata":{"emulator":{"name":"dataconnect"},"message":"E0603 15:42:49.728284   27004 load.go:23] Could not load config from \"c:\\\\Users\\\\MTG\\\\Desktop\\\\v0.9.1\\\\dataconnect\": could not find dataconnect.yaml in `c:\\Users\\MTG\\Desktop\\v0.9.1\\dataconnect`\n"}}
[debug] [2025-06-03T12:42:59.717Z] E0603 15:42:59.717008   27004 load.go:23] Could not load config from "c:\\Users\\MTG\\Desktop\\v0.9.1\\dataconnect": could not find dataconnect.yaml in `c:\Users\MTG\Desktop\v0.9.1\dataconnect`
 {"metadata":{"emulator":{"name":"dataconnect"},"message":"E0603 15:42:59.717008   27004 load.go:23] Could not load config from \"c:\\\\Users\\\\MTG\\\\Desktop\\\\v0.9.1\\\\dataconnect\": could not find dataconnect.yaml in `c:\\Users\\MTG\\Desktop\\v0.9.1\\dataconnect`\n"}}
[debug] [2025-06-03T12:43:09.720Z] E0603 15:43:09.720153   27004 load.go:23] Could not load config from "c:\\Users\\MTG\\Desktop\\v0.9.1\\dataconnect": could not find dataconnect.yaml in `c:\Users\MTG\Desktop\v0.9.1\dataconnect`
 {"metadata":{"emulator":{"name":"dataconnect"},"message":"E0603 15:43:09.720153   27004 load.go:23] Could not load config from \"c:\\\\Users\\\\MTG\\\\Desktop\\\\v0.9.1\\\\dataconnect\": could not find dataconnect.yaml in `c:\\Users\\MTG\\Desktop\\v0.9.1\\dataconnect`\n"}}
[debug] [2025-06-03T12:43:19.727Z] E0603 15:43:19.727626   27004 load.go:23] Could not load config from "c:\\Users\\MTG\\Desktop\\v0.9.1\\dataconnect": could not find dataconnect.yaml in `c:\Users\MTG\Desktop\v0.9.1\dataconnect`
 {"metadata":{"emulator":{"name":"dataconnect"},"message":"E0603 15:43:19.727626   27004 load.go:23] Could not load config from \"c:\\\\Users\\\\MTG\\\\Desktop\\\\v0.9.1\\\\dataconnect\": could not find dataconnect.yaml in `c:\\Users\\MTG\\Desktop\\v0.9.1\\dataconnect`\n"}}
[debug] [2025-06-03T12:43:29.720Z] E0603 15:43:29.720062   27004 load.go:23] Could not load config from "c:\\Users\\MTG\\Desktop\\v0.9.1\\dataconnect": could not find dataconnect.yaml in `c:\Users\MTG\Desktop\v0.9.1\dataconnect`
 {"metadata":{"emulator":{"name":"dataconnect"},"message":"E0603 15:43:29.720062   27004 load.go:23] Could not load config from \"c:\\\\Users\\\\MTG\\\\Desktop\\\\v0.9.1\\\\dataconnect\": could not find dataconnect.yaml in `c:\\Users\\MTG\\Desktop\\v0.9.1\\dataconnect`\n"}}
[debug] [2025-06-03T12:43:39.721Z] E0603 15:43:39.721031   27004 load.go:23] Could not load config from "c:\\Users\\MTG\\Desktop\\v0.9.1\\dataconnect": could not find dataconnect.yaml in `c:\Users\MTG\Desktop\v0.9.1\dataconnect`
 {"metadata":{"emulator":{"name":"dataconnect"},"message":"E0603 15:43:39.721031   27004 load.go:23] Could not load config from \"c:\\\\Users\\\\MTG\\\\Desktop\\\\v0.9.1\\\\dataconnect\": could not find dataconnect.yaml in `c:\\Users\\MTG\\Desktop\\v0.9.1\\dataconnect`\n"}}
[debug] [2025-06-03T12:43:49.722Z] E0603 15:43:49.722273   27004 load.go:23] Could not load config from "c:\\Users\\MTG\\Desktop\\v0.9.1\\dataconnect": could not find dataconnect.yaml in `c:\Users\MTG\Desktop\v0.9.1\dataconnect`
 {"metadata":{"emulator":{"name":"dataconnect"},"message":"E0603 15:43:49.722273   27004 load.go:23] Could not load config from \"c:\\\\Users\\\\MTG\\\\Desktop\\\\v0.9.1\\\\dataconnect\": could not find dataconnect.yaml in `c:\\Users\\MTG\\Desktop\\v0.9.1\\dataconnect`\n"}}
[debug] [2025-06-03T12:43:59.717Z] E0603 15:43:59.716933   27004 load.go:23] Could not load config from "c:\\Users\\MTG\\Desktop\\v0.9.1\\dataconnect": could not find dataconnect.yaml in `c:\Users\MTG\Desktop\v0.9.1\dataconnect`
 {"metadata":{"emulator":{"name":"dataconnect"},"message":"E0603 15:43:59.716933   27004 load.go:23] Could not load config from \"c:\\\\Users\\\\MTG\\\\Desktop\\\\v0.9.1\\\\dataconnect\": could not find dataconnect.yaml in `c:\\Users\\MTG\\Desktop\\v0.9.1\\dataconnect`\n"}}
[debug] [2025-06-03T12:44:09.722Z] E0603 15:44:09.721775   27004 load.go:23] Could not load config from "c:\\Users\\MTG\\Desktop\\v0.9.1\\dataconnect": could not find dataconnect.yaml in `c:\Users\MTG\Desktop\v0.9.1\dataconnect`
 {"metadata":{"emulator":{"name":"dataconnect"},"message":"E0603 15:44:09.721775   27004 load.go:23] Could not load config from \"c:\\\\Users\\\\MTG\\\\Desktop\\\\v0.9.1\\\\dataconnect\": could not find dataconnect.yaml in `c:\\Users\\MTG\\Desktop\\v0.9.1\\dataconnect`\n"}}
[debug] [2025-06-03T12:44:19.730Z] E0603 15:44:19.729973   27004 load.go:23] Could not load config from "c:\\Users\\MTG\\Desktop\\v0.9.1\\dataconnect": could not find dataconnect.yaml in `c:\Users\MTG\Desktop\v0.9.1\dataconnect`
 {"metadata":{"emulator":{"name":"dataconnect"},"message":"E0603 15:44:19.729973   27004 load.go:23] Could not load config from \"c:\\\\Users\\\\MTG\\\\Desktop\\\\v0.9.1\\\\dataconnect\": could not find dataconnect.yaml in `c:\\Users\\MTG\\Desktop\\v0.9.1\\dataconnect`\n"}}
[debug] [2025-06-03T12:44:29.716Z] E0603 15:44:29.716348   27004 load.go:23] Could not load config from "c:\\Users\\MTG\\Desktop\\v0.9.1\\dataconnect": could not find dataconnect.yaml in `c:\Users\MTG\Desktop\v0.9.1\dataconnect`
 {"metadata":{"emulator":{"name":"dataconnect"},"message":"E0603 15:44:29.716348   27004 load.go:23] Could not load config from \"c:\\\\Users\\\\MTG\\\\Desktop\\\\v0.9.1\\\\dataconnect\": could not find dataconnect.yaml in `c:\\Users\\MTG\\Desktop\\v0.9.1\\dataconnect`\n"}}
[debug] [2025-06-03T12:44:39.720Z] E0603 15:44:39.720303   27004 load.go:23] Could not load config from "c:\\Users\\MTG\\Desktop\\v0.9.1\\dataconnect": could not find dataconnect.yaml in `c:\Users\MTG\Desktop\v0.9.1\dataconnect`
 {"metadata":{"emulator":{"name":"dataconnect"},"message":"E0603 15:44:39.720303   27004 load.go:23] Could not load config from \"c:\\\\Users\\\\MTG\\\\Desktop\\\\v0.9.1\\\\dataconnect\": could not find dataconnect.yaml in `c:\\Users\\MTG\\Desktop\\v0.9.1\\dataconnect`\n"}}
[debug] [2025-06-03T12:44:39.721Z] E0603 15:44:39.720303   27004 watch.go:76] watchAllDir unable to walk dir `c:\Users\MTG\Desktop\v0.9.1\dataconnect`: on path "c:\\Users\\MTG\\Desktop\\v0.9.1\\dataconnect" (DirEntry: <nil>): CreateFile c:\Users\MTG\Desktop\v0.9.1\dataconnect: The system cannot find the file specified.
 {"metadata":{"emulator":{"name":"dataconnect"},"message":"E0603 15:44:39.720303   27004 watch.go:76] watchAllDir unable to walk dir `c:\\Users\\MTG\\Desktop\\v0.9.1\\dataconnect`: on path \"c:\\\\Users\\\\MTG\\\\Desktop\\\\v0.9.1\\\\dataconnect\" (DirEntry: <nil>): CreateFile c:\\Users\\MTG\\Desktop\\v0.9.1\\dataconnect: The system cannot find the file specified.\n"}}
[debug] [2025-06-03T12:44:49.717Z] E0603 15:44:49.717428   27004 load.go:23] Could not load config from "c:\\Users\\MTG\\Desktop\\v0.9.1\\dataconnect": could not find dataconnect.yaml in `c:\Users\MTG\Desktop\v0.9.1\dataconnect`
 {"metadata":{"emulator":{"name":"dataconnect"},"message":"E0603 15:44:49.717428   27004 load.go:23] Could not load config from \"c:\\\\Users\\\\MTG\\\\Desktop\\\\v0.9.1\\\\dataconnect\": could not find dataconnect.yaml in `c:\\Users\\MTG\\Desktop\\v0.9.1\\dataconnect`\n"}}
[debug] [2025-06-03T12:44:59.731Z] E0603 15:44:59.730899   27004 load.go:23] Could not load config from "c:\\Users\\MTG\\Desktop\\v0.9.1\\dataconnect": could not find dataconnect.yaml in `c:\Users\MTG\Desktop\v0.9.1\dataconnect`
 {"metadata":{"emulator":{"name":"dataconnect"},"message":"E0603 15:44:59.730899   27004 load.go:23] Could not load config from \"c:\\\\Users\\\\MTG\\\\Desktop\\\\v0.9.1\\\\dataconnect\": could not find dataconnect.yaml in `c:\\Users\\MTG\\Desktop\\v0.9.1\\dataconnect`\n"}}
[debug] [2025-06-03T12:45:09.730Z] E0603 15:45:09.730380   27004 load.go:23] Could not load config from "c:\\Users\\MTG\\Desktop\\v0.9.1\\dataconnect": could not find dataconnect.yaml in `c:\Users\MTG\Desktop\v0.9.1\dataconnect`
 {"metadata":{"emulator":{"name":"dataconnect"},"message":"E0603 15:45:09.730380   27004 load.go:23] Could not load config from \"c:\\\\Users\\\\MTG\\\\Desktop\\\\v0.9.1\\\\dataconnect\": could not find dataconnect.yaml in `c:\\Users\\MTG\\Desktop\\v0.9.1\\dataconnect`\n"}}
[debug] [2025-06-03T12:45:19.721Z] E0603 15:45:19.720972   27004 load.go:23] Could not load config from "c:\\Users\\MTG\\Desktop\\v0.9.1\\dataconnect": could not find dataconnect.yaml in `c:\Users\MTG\Desktop\v0.9.1\dataconnect`
 {"metadata":{"emulator":{"name":"dataconnect"},"message":"E0603 15:45:19.720972   27004 load.go:23] Could not load config from \"c:\\\\Users\\\\MTG\\\\Desktop\\\\v0.9.1\\\\dataconnect\": could not find dataconnect.yaml in `c:\\Users\\MTG\\Desktop\\v0.9.1\\dataconnect`\n"}}
[debug] [2025-06-03T12:45:29.722Z] E0603 15:45:29.721829   27004 load.go:23] Could not load config from "c:\\Users\\MTG\\Desktop\\v0.9.1\\dataconnect": could not find dataconnect.yaml in `c:\Users\MTG\Desktop\v0.9.1\dataconnect`
 {"metadata":{"emulator":{"name":"dataconnect"},"message":"E0603 15:45:29.721829   27004 load.go:23] Could not load config from \"c:\\\\Users\\\\MTG\\\\Desktop\\\\v0.9.1\\\\dataconnect\": could not find dataconnect.yaml in `c:\\Users\\MTG\\Desktop\\v0.9.1\\dataconnect`\n"}}
[debug] [2025-06-03T12:45:39.728Z] E0603 15:45:39.728192   27004 load.go:23] Could not load config from "c:\\Users\\MTG\\Desktop\\v0.9.1\\dataconnect": could not find dataconnect.yaml in `c:\Users\MTG\Desktop\v0.9.1\dataconnect`
 {"metadata":{"emulator":{"name":"dataconnect"},"message":"E0603 15:45:39.728192   27004 load.go:23] Could not load config from \"c:\\\\Users\\\\MTG\\\\Desktop\\\\v0.9.1\\\\dataconnect\": could not find dataconnect.yaml in `c:\\Users\\MTG\\Desktop\\v0.9.1\\dataconnect`\n"}}
[debug] [2025-06-03T12:45:49.727Z] E0603 15:45:49.727165   27004 load.go:23] Could not load config from "c:\\Users\\MTG\\Desktop\\v0.9.1\\dataconnect": could not find dataconnect.yaml in `c:\Users\MTG\Desktop\v0.9.1\dataconnect`
 {"metadata":{"emulator":{"name":"dataconnect"},"message":"E0603 15:45:49.727165   27004 load.go:23] Could not load config from \"c:\\\\Users\\\\MTG\\\\Desktop\\\\v0.9.1\\\\dataconnect\": could not find dataconnect.yaml in `c:\\Users\\MTG\\Desktop\\v0.9.1\\dataconnect`\n"}}
[debug] [2025-06-03T12:45:59.730Z] E0603 15:45:59.730814   27004 load.go:23] Could not load config from "c:\\Users\\MTG\\Desktop\\v0.9.1\\dataconnect": could not find dataconnect.yaml in `c:\Users\MTG\Desktop\v0.9.1\dataconnect`
 {"metadata":{"emulator":{"name":"dataconnect"},"message":"E0603 15:45:59.730814   27004 load.go:23] Could not load config from \"c:\\\\Users\\\\MTG\\\\Desktop\\\\v0.9.1\\\\dataconnect\": could not find dataconnect.yaml in `c:\\Users\\MTG\\Desktop\\v0.9.1\\dataconnect`\n"}}
[debug] [2025-06-03T12:46:09.730Z] E0603 15:46:09.730331   27004 load.go:23] Could not load config from "c:\\Users\\MTG\\Desktop\\v0.9.1\\dataconnect": could not find dataconnect.yaml in `c:\Users\MTG\Desktop\v0.9.1\dataconnect`
 {"metadata":{"emulator":{"name":"dataconnect"},"message":"E0603 15:46:09.730331   27004 load.go:23] Could not load config from \"c:\\\\Users\\\\MTG\\\\Desktop\\\\v0.9.1\\\\dataconnect\": could not find dataconnect.yaml in `c:\\Users\\MTG\\Desktop\\v0.9.1\\dataconnect`\n"}}
[debug] [2025-06-03T12:46:19.718Z] E0603 15:46:19.718544   27004 load.go:23] Could not load config from "c:\\Users\\MTG\\Desktop\\v0.9.1\\dataconnect": could not find dataconnect.yaml in `c:\Users\MTG\Desktop\v0.9.1\dataconnect`
 {"metadata":{"emulator":{"name":"dataconnect"},"message":"E0603 15:46:19.718544   27004 load.go:23] Could not load config from \"c:\\\\Users\\\\MTG\\\\Desktop\\\\v0.9.1\\\\dataconnect\": could not find dataconnect.yaml in `c:\\Users\\MTG\\Desktop\\v0.9.1\\dataconnect`\n"}}
[debug] [2025-06-03T12:46:29.717Z] E0603 15:46:29.717469   27004 load.go:23] Could not load config from "c:\\Users\\MTG\\Desktop\\v0.9.1\\dataconnect": could not find dataconnect.yaml in `c:\Users\MTG\Desktop\v0.9.1\dataconnect`
 {"metadata":{"emulator":{"name":"dataconnect"},"message":"E0603 15:46:29.717469   27004 load.go:23] Could not load config from \"c:\\\\Users\\\\MTG\\\\Desktop\\\\v0.9.1\\\\dataconnect\": could not find dataconnect.yaml in `c:\\Users\\MTG\\Desktop\\v0.9.1\\dataconnect`\n"}}
[debug] [2025-06-03T12:46:39.730Z] E0603 15:46:39.729855   27004 load.go:23] Could not load config from "c:\\Users\\MTG\\Desktop\\v0.9.1\\dataconnect": could not find dataconnect.yaml in `c:\Users\MTG\Desktop\v0.9.1\dataconnect`
 {"metadata":{"emulator":{"name":"dataconnect"},"message":"E0603 15:46:39.729855   27004 load.go:23] Could not load config from \"c:\\\\Users\\\\MTG\\\\Desktop\\\\v0.9.1\\\\dataconnect\": could not find dataconnect.yaml in `c:\\Users\\MTG\\Desktop\\v0.9.1\\dataconnect`\n"}}
[debug] [2025-06-03T12:46:39.730Z] E0603 15:46:39.730360   27004 watch.go:76] watchAllDir unable to walk dir `c:\Users\MTG\Desktop\v0.9.1\dataconnect`: on path "c:\\Users\\MTG\\Desktop\\v0.9.1\\dataconnect" (DirEntry: <nil>): CreateFile c:\Users\MTG\Desktop\v0.9.1\dataconnect: The system cannot find the file specified.
 {"metadata":{"emulator":{"name":"dataconnect"},"message":"E0603 15:46:39.730360   27004 watch.go:76] watchAllDir unable to walk dir `c:\\Users\\MTG\\Desktop\\v0.9.1\\dataconnect`: on path \"c:\\\\Users\\\\MTG\\\\Desktop\\\\v0.9.1\\\\dataconnect\" (DirEntry: <nil>): CreateFile c:\\Users\\MTG\\Desktop\\v0.9.1\\dataconnect: The system cannot find the file specified.\n"}}
[debug] [2025-06-03T12:46:49.721Z] E0603 15:46:49.721561   27004 load.go:23] Could not load config from "c:\\Users\\MTG\\Desktop\\v0.9.1\\dataconnect": could not find dataconnect.yaml in `c:\Users\MTG\Desktop\v0.9.1\dataconnect`
 {"metadata":{"emulator":{"name":"dataconnect"},"message":"E0603 15:46:49.721561   27004 load.go:23] Could not load config from \"c:\\\\Users\\\\MTG\\\\Desktop\\\\v0.9.1\\\\dataconnect\": could not find dataconnect.yaml in `c:\\Users\\MTG\\Desktop\\v0.9.1\\dataconnect`\n"}}
[debug] [2025-06-03T12:46:59.721Z] E0603 15:46:59.721510   27004 load.go:23] Could not load config from "c:\\Users\\MTG\\Desktop\\v0.9.1\\dataconnect": could not find dataconnect.yaml in `c:\Users\MTG\Desktop\v0.9.1\dataconnect`
 {"metadata":{"emulator":{"name":"dataconnect"},"message":"E0603 15:46:59.721510   27004 load.go:23] Could not load config from \"c:\\\\Users\\\\MTG\\\\Desktop\\\\v0.9.1\\\\dataconnect\": could not find dataconnect.yaml in `c:\\Users\\MTG\\Desktop\\v0.9.1\\dataconnect`\n"}}
[debug] [2025-06-03T12:47:09.726Z] E0603 15:47:09.726289   27004 load.go:23] Could not load config from "c:\\Users\\MTG\\Desktop\\v0.9.1\\dataconnect": could not find dataconnect.yaml in `c:\Users\MTG\Desktop\v0.9.1\dataconnect`
 {"metadata":{"emulator":{"name":"dataconnect"},"message":"E0603 15:47:09.726289   27004 load.go:23] Could not load config from \"c:\\\\Users\\\\MTG\\\\Desktop\\\\v0.9.1\\\\dataconnect\": could not find dataconnect.yaml in `c:\\Users\\MTG\\Desktop\\v0.9.1\\dataconnect`\n"}}
[debug] [2025-06-03T12:47:19.727Z] E0603 15:47:19.727460   27004 load.go:23] Could not load config from "c:\\Users\\MTG\\Desktop\\v0.9.1\\dataconnect": could not find dataconnect.yaml in `c:\Users\MTG\Desktop\v0.9.1\dataconnect`
 {"metadata":{"emulator":{"name":"dataconnect"},"message":"E0603 15:47:19.727460   27004 load.go:23] Could not load config from \"c:\\\\Users\\\\MTG\\\\Desktop\\\\v0.9.1\\\\dataconnect\": could not find dataconnect.yaml in `c:\\Users\\MTG\\Desktop\\v0.9.1\\dataconnect`\n"}}
[debug] [2025-06-03T12:47:29.729Z] E0603 15:47:29.729450   27004 load.go:23] Could not load config from "c:\\Users\\MTG\\Desktop\\v0.9.1\\dataconnect": could not find dataconnect.yaml in `c:\Users\MTG\Desktop\v0.9.1\dataconnect`
 {"metadata":{"emulator":{"name":"dataconnect"},"message":"E0603 15:47:29.729450   27004 load.go:23] Could not load config from \"c:\\\\Users\\\\MTG\\\\Desktop\\\\v0.9.1\\\\dataconnect\": could not find dataconnect.yaml in `c:\\Users\\MTG\\Desktop\\v0.9.1\\dataconnect`\n"}}
[debug] [2025-06-03T12:47:39.723Z] E0603 15:47:39.722667   27004 load.go:23] Could not load config from "c:\\Users\\MTG\\Desktop\\v0.9.1\\dataconnect": could not find dataconnect.yaml in `c:\Users\MTG\Desktop\v0.9.1\dataconnect`
 {"metadata":{"emulator":{"name":"dataconnect"},"message":"E0603 15:47:39.722667   27004 load.go:23] Could not load config from \"c:\\\\Users\\\\MTG\\\\Desktop\\\\v0.9.1\\\\dataconnect\": could not find dataconnect.yaml in `c:\\Users\\MTG\\Desktop\\v0.9.1\\dataconnect`\n"}}
[debug] [2025-06-03T12:47:49.721Z] E0603 15:47:49.721147   27004 load.go:23] Could not load config from "c:\\Users\\MTG\\Desktop\\v0.9.1\\dataconnect": could not find dataconnect.yaml in `c:\Users\MTG\Desktop\v0.9.1\dataconnect`
 {"metadata":{"emulator":{"name":"dataconnect"},"message":"E0603 15:47:49.721147   27004 load.go:23] Could not load config from \"c:\\\\Users\\\\MTG\\\\Desktop\\\\v0.9.1\\\\dataconnect\": could not find dataconnect.yaml in `c:\\Users\\MTG\\Desktop\\v0.9.1\\dataconnect`\n"}}
[debug] [2025-06-03T12:47:59.716Z] E0603 15:47:59.716726   27004 load.go:23] Could not load config from "c:\\Users\\MTG\\Desktop\\v0.9.1\\dataconnect": could not find dataconnect.yaml in `c:\Users\MTG\Desktop\v0.9.1\dataconnect`
 {"metadata":{"emulator":{"name":"dataconnect"},"message":"E0603 15:47:59.716726   27004 load.go:23] Could not load config from \"c:\\\\Users\\\\MTG\\\\Desktop\\\\v0.9.1\\\\dataconnect\": could not find dataconnect.yaml in `c:\\Users\\MTG\\Desktop\\v0.9.1\\dataconnect`\n"}}
[debug] [2025-06-03T12:48:09.718Z] E0603 15:48:09.718549   27004 load.go:23] Could not load config from "c:\\Users\\MTG\\Desktop\\v0.9.1\\dataconnect": could not find dataconnect.yaml in `c:\Users\MTG\Desktop\v0.9.1\dataconnect`
 {"metadata":{"emulator":{"name":"dataconnect"},"message":"E0603 15:48:09.718549   27004 load.go:23] Could not load config from \"c:\\\\Users\\\\MTG\\\\Desktop\\\\v0.9.1\\\\dataconnect\": could not find dataconnect.yaml in `c:\\Users\\MTG\\Desktop\\v0.9.1\\dataconnect`\n"}}
[debug] [2025-06-03T12:48:19.720Z] E0603 15:48:19.720457   27004 load.go:23] Could not load config from "c:\\Users\\MTG\\Desktop\\v0.9.1\\dataconnect": could not find dataconnect.yaml in `c:\Users\MTG\Desktop\v0.9.1\dataconnect`
 {"metadata":{"emulator":{"name":"dataconnect"},"message":"E0603 15:48:19.720457   27004 load.go:23] Could not load config from \"c:\\\\Users\\\\MTG\\\\Desktop\\\\v0.9.1\\\\dataconnect\": could not find dataconnect.yaml in `c:\\Users\\MTG\\Desktop\\v0.9.1\\dataconnect`\n"}}
[debug] [2025-06-03T12:48:29.730Z] E0603 15:48:29.730252   27004 load.go:23] Could not load config from "c:\\Users\\MTG\\Desktop\\v0.9.1\\dataconnect": could not find dataconnect.yaml in `c:\Users\MTG\Desktop\v0.9.1\dataconnect`
 {"metadata":{"emulator":{"name":"dataconnect"},"message":"E0603 15:48:29.730252   27004 load.go:23] Could not load config from \"c:\\\\Users\\\\MTG\\\\Desktop\\\\v0.9.1\\\\dataconnect\": could not find dataconnect.yaml in `c:\\Users\\MTG\\Desktop\\v0.9.1\\dataconnect`\n"}}
[debug] [2025-06-03T12:48:39.717Z] E0603 15:48:39.717314   27004 load.go:23] Could not load config from "c:\\Users\\MTG\\Desktop\\v0.9.1\\dataconnect": could not find dataconnect.yaml in `c:\Users\MTG\Desktop\v0.9.1\dataconnect`
 {"metadata":{"emulator":{"name":"dataconnect"},"message":"E0603 15:48:39.717314   27004 load.go:23] Could not load config from \"c:\\\\Users\\\\MTG\\\\Desktop\\\\v0.9.1\\\\dataconnect\": could not find dataconnect.yaml in `c:\\Users\\MTG\\Desktop\\v0.9.1\\dataconnect`\n"}}
[debug] [2025-06-03T12:48:39.717Z] E0603 15:48:39.717314   27004 watch.go:76] watchAllDir unable to walk dir `c:\Users\MTG\Desktop\v0.9.1\dataconnect`: on path "c:\\Users\\MTG\\Desktop\\v0.9.1\\dataconnect" (DirEntry: <nil>): CreateFile c:\Users\MTG\Desktop\v0.9.1\dataconnect: The system cannot find the file specified.
 {"metadata":{"emulator":{"name":"dataconnect"},"message":"E0603 15:48:39.717314   27004 watch.go:76] watchAllDir unable to walk dir `c:\\Users\\MTG\\Desktop\\v0.9.1\\dataconnect`: on path \"c:\\\\Users\\\\MTG\\\\Desktop\\\\v0.9.1\\\\dataconnect\" (DirEntry: <nil>): CreateFile c:\\Users\\MTG\\Desktop\\v0.9.1\\dataconnect: The system cannot find the file specified.\n"}}
[debug] [2025-06-03T12:48:49.725Z] E0603 15:48:49.725282   27004 load.go:23] Could not load config from "c:\\Users\\MTG\\Desktop\\v0.9.1\\dataconnect": could not find dataconnect.yaml in `c:\Users\MTG\Desktop\v0.9.1\dataconnect`
 {"metadata":{"emulator":{"name":"dataconnect"},"message":"E0603 15:48:49.725282   27004 load.go:23] Could not load config from \"c:\\\\Users\\\\MTG\\\\Desktop\\\\v0.9.1\\\\dataconnect\": could not find dataconnect.yaml in `c:\\Users\\MTG\\Desktop\\v0.9.1\\dataconnect`\n"}}
[debug] [2025-06-03T12:48:59.719Z] E0603 15:48:59.718954   27004 load.go:23] Could not load config from "c:\\Users\\MTG\\Desktop\\v0.9.1\\dataconnect": could not find dataconnect.yaml in `c:\Users\MTG\Desktop\v0.9.1\dataconnect`
 {"metadata":{"emulator":{"name":"dataconnect"},"message":"E0603 15:48:59.718954   27004 load.go:23] Could not load config from \"c:\\\\Users\\\\MTG\\\\Desktop\\\\v0.9.1\\\\dataconnect\": could not find dataconnect.yaml in `c:\\Users\\MTG\\Desktop\\v0.9.1\\dataconnect`\n"}}
[debug] [2025-06-03T12:49:09.770Z] E0603 15:49:09.717990   27004 load.go:23] Could not load config from "c:\\Users\\MTG\\Desktop\\v0.9.1\\dataconnect": could not find dataconnect.yaml in `c:\Users\MTG\Desktop\v0.9.1\dataconnect`
 {"metadata":{"emulator":{"name":"dataconnect"},"message":"E0603 15:49:09.717990   27004 load.go:23] Could not load config from \"c:\\\\Users\\\\MTG\\\\Desktop\\\\v0.9.1\\\\dataconnect\": could not find dataconnect.yaml in `c:\\Users\\MTG\\Desktop\\v0.9.1\\dataconnect`\n"}}
[debug] [2025-06-03T12:49:19.716Z] E0603 15:49:19.716718   27004 load.go:23] Could not load config from "c:\\Users\\MTG\\Desktop\\v0.9.1\\dataconnect": could not find dataconnect.yaml in `c:\Users\MTG\Desktop\v0.9.1\dataconnect`
 {"metadata":{"emulator":{"name":"dataconnect"},"message":"E0603 15:49:19.716718   27004 load.go:23] Could not load config from \"c:\\\\Users\\\\MTG\\\\Desktop\\\\v0.9.1\\\\dataconnect\": could not find dataconnect.yaml in `c:\\Users\\MTG\\Desktop\\v0.9.1\\dataconnect`\n"}}
[debug] [2025-06-03T12:49:29.725Z] E0603 15:49:29.724990   27004 load.go:23] Could not load config from "c:\\Users\\MTG\\Desktop\\v0.9.1\\dataconnect": could not find dataconnect.yaml in `c:\Users\MTG\Desktop\v0.9.1\dataconnect`
 {"metadata":{"emulator":{"name":"dataconnect"},"message":"E0603 15:49:29.724990   27004 load.go:23] Could not load config from \"c:\\\\Users\\\\MTG\\\\Desktop\\\\v0.9.1\\\\dataconnect\": could not find dataconnect.yaml in `c:\\Users\\MTG\\Desktop\\v0.9.1\\dataconnect`\n"}}
[debug] [2025-06-03T12:49:39.727Z] E0603 15:49:39.726989   27004 load.go:23] Could not load config from "c:\\Users\\MTG\\Desktop\\v0.9.1\\dataconnect": could not find dataconnect.yaml in `c:\Users\MTG\Desktop\v0.9.1\dataconnect`
 {"metadata":{"emulator":{"name":"dataconnect"},"message":"E0603 15:49:39.726989   27004 load.go:23] Could not load config from \"c:\\\\Users\\\\MTG\\\\Desktop\\\\v0.9.1\\\\dataconnect\": could not find dataconnect.yaml in `c:\\Users\\MTG\\Desktop\\v0.9.1\\dataconnect`\n"}}
